window_id,window_start,window_end,Batch,has_near_transition,baseline_batch_used,condition_index,condition_index_available_weight,n_variables_used,n_variables_unmatched,assessment_method
0,2025-12-10 18:37:32,2025-12-10 18:38:31,RUBIALES,False,RUBIALES,22.193625177565007,0.9999999999999996,24,0,data_driven_batch_percentile_thresholds
1,2025-12-10 18:38:32,2025-12-10 18:39:31,RUBIALES,False,RUBIALES,23.7851862502221,0.9999999999999996,24,0,data_driven_batch_percentile_thresholds
2,2025-12-10 18:39:32,2025-12-10 18:40:31,RUBIALES,False,RUBIALES,22.24033215102163,0.9999999999999996,24,0,data_driven_batch_percentile_thresholds
3,2025-12-10 18:40:32,2025-12-10 18:41:31,RUBIALES,False,RUBIALES,23.218305285209425,0.9999999999999996,24,0,data_driven_batch_percentile_thresholds
4,2025-12-10 18:41:32,2025-12-10 18:42:31,RUBIALES,False,RUBIALES,22.864025451803677,0.9999999999999996,24,0,data_driven_batch_percentile_thresholds
5,2025-12-10 18:42:32,2025-12-10 18:43:31,RUBIALES,False,RUBIALES,23.57374526234721,0.9999999999999996,24,0,data_driven_batch_percentile_thresholds
6,2025-12-10 18:43:32,2025-12-10 18:44:31,RUBIALES,False,RUBIALES,22.601285864780976,0.9999999999999996,24,0,data_driven_batch_percentile_thresholds
7,2025-12-10 18:44:32,2025-12-10 18:45:31,RUBIALES,False,RUBIALES,21.888074736266237,0.9999999999999996,24,0,data_driven_batch_percentile_thresholds
8,2025-12-10 18:45:32,2025-12-10 18:46:31,RUBIALES,False,RUBIALES,20.484230159774263,0.9999999999999996,24,0,data_driven_batch_percentile_thresholds
9,2025-12-10 18:46:32,2025-12-10 18:47:31,RUBIALES,True,RUBIALES,20.930086316231733,0.9999999999999996,24,0,data_driven_batch_percentile_thresholds
10,2025-12-10 18:47:32,2025-12-10 18:48:31,CASTILLA,True,CASTILLA,41.06657926581117,0.9999999999999996,24,0,data_driven_batch_percentile_thresholds
11,2025-12-10 18:48:32,2025-12-10 18:49:31,CASTILLA,True,CASTILLA,42.62254318429331,0.9999999999999996,24,0,data_driven_batch_percentile_thresholds
12,2025-12-10 18:49:32,2025-12-10 18:50:31,CASTILLA,False,CASTILLA,44.30402261521715,0.9999999999999996,24,0,data_driven_batch_percentile_thresholds
13,2025-12-10 18:50:32,2025-12-10 18:51:31,CASTILLA,False,CASTILLA,46.24771429682915,0.9999999999999996,24,0,data_driven_batch_percentile_thresholds
14,2025-12-10 18:51:32,2025-12-10 18:52:31,CASTILLA,False,CASTILLA,49.2427594322527,0.9999999999999996,24,0,data_driven_batch_percentile_thresholds
15,2025-12-10 18:52:32,2025-12-10 18:53:31,CASTILLA,False,CASTILLA,37.94318418405955,0.9999999999999996,24,0,data_driven_batch_percentile_thresholds
16,2025-12-10 18:53:32,2025-12-10 18:54:31,CASTILLA,False,CASTILLA,45.51248202795695,0.9999999999999996,24,0,data_driven_batch_percentile_thresholds
17,2025-12-10 18:54:32,2025-12-10 18:55:31,CASTILLA,False,CASTILLA,42.00274158357336,0.9999999999999996,24,0,data_driven_batch_percentile_thresholds
18,2025-12-10 18:55:32,2025-12-10 18:56:31,CASTILLA,False,CASTILLA,42.54001996315264,0.9999999999999996,24,0,data_driven_batch_percentile_thresholds
19,2025-12-10 18:56:32,2025-12-10 18:57:31,CASTILLA,False,CASTILLA,44.45848850144919,0.9999999999999996,24,0,data_driven_batch_percentile_thresholds
20,2025-12-10 18:57:32,2025-12-10 18:58:31,CASTILLA,False,CASTILLA,37.01228733741393,0.9999999999999996,24,0,data_driven_batch_percentile_thresholds
21,2025-12-10 18:58:32,2025-12-10 18:59:31,CASTILLA,False,CASTILLA,34.99058633969864,0.9999999999999996,24,0,data_driven_batch_percentile_thresholds
22,2025-12-10 18:59:32,2025-12-10 19:00:31,CASTILLA,False,CASTILLA,34.517643914637816,0.9999999999999996,24,0,data_driven_batch_percentile_thresholds
23,2025-12-10 19:00:32,2025-12-10 19:01:31,CASTILLA,False,CASTILLA,35.4018137093015,0.9999999999999996,24,0,data_driven_batch_percentile_thresholds
24,2025-12-10 19:01:32,2025-12-10 19:02:31,CASTILLA,False,CASTILLA,37.460620623461786,0.9999999999999996,24,0,data_driven_batch_percentile_thresholds
25,2025-12-10 19:02:32,2025-12-10 19:03:31,CASTILLA,False,CASTILLA,34.35093117181893,0.9999999999999996,24,0,data_driven_batch_percentile_thresholds
26,2025-12-10 19:03:32,2025-12-10 19:04:31,CASTILLA,False,CASTILLA,35.98749853874901,0.9999999999999996,24,0,data_driven_batch_percentile_thresholds
27,2025-12-10 19:04:32,2025-12-10 19:05:31,CASTILLA,False,CASTILLA,33.562486808451744,0.9999999999999996,24,0,data_driven_batch_percentile_thresholds
28,2025-12-10 19:05:32,2025-12-10 19:06:31,CASTILLA,False,CASTILLA,36.29696212483641,0.9999999999999996,24,0,data_driven_batch_percentile_thresholds
29,2025-12-10 19:06:32,2025-12-10 19:07:31,CASTILLA,False,CASTILLA,34.67593230669816,0.9999999999999996,24,0,data_driven_batch_percentile_thresholds
30,2025-12-10 19:07:32,2025-12-10 19:08:31,CASTILLA,False,CASTILLA,40.82530038400808,0.9999999999999996,24,0,data_driven_batch_percentile_thresholds
31,2025-12-10 19:08:32,2025-12-10 19:09:31,CASTILLA,False,CASTILLA,34.544963505411545,0.9999999999999996,24,0,data_driven_batch_percentile_thresholds
32,2025-12-10 19:09:32,2025-12-10 19:10:31,CASTILLA,False,CASTILLA,34.023970217353515,0.9999999999999996,24,0,data_driven_batch_percentile_thresholds
33,2025-12-10 19:10:32,2025-12-10 19:11:31,CASTILLA,False,CASTILLA,32.97962849731379,0.9999999999999996,24,0,data_driven_batch_percentile_thresholds
34,2025-12-10 19:11:32,2025-12-10 19:12:31,CASTILLA,False,CASTILLA,34.571148241955,0.9999999999999996,24,0,data_driven_batch_percentile_thresholds
35,2025-12-10 19:12:32,2025-12-10 19:13:31,CASTILLA,False,CASTILLA,31.5864967356592,0.9999999999999996,24,0,data_driven_batch_percentile_thresholds
36,2025-12-10 19:13:32,2025-12-10 19:14:31,CASTILLA,False,CASTILLA,33.402624240210095,0.9999999999999996,24,0,data_driven_batch_percentile_thresholds
37,2025-12-10 19:14:32,2025-12-10 19:15:31,CASTILLA,False,CASTILLA,35.483994777580605,0.9999999999999996,24,0,data_driven_batch_percentile_thresholds
38,2025-12-10 19:15:32,2025-12-10 19:16:31,CASTILLA,False,CASTILLA,34.89321347996595,0.9999999999999996,24,0,data_driven_batch_percentile_thresholds
39,2025-12-10 19:16:32,2025-12-10 19:17:31,CASTILLA,False,CASTILLA,37.4596040070474,0.9999999999999996,24,0,data_driven_batch_percentile_thresholds
40,2025-12-10 19:17:32,2025-12-10 19:18:31,CASTILLA,False,CASTILLA,32.026882443943705,0.9999999999999996,24,0,data_driven_batch_percentile_thresholds
41,2025-12-10 19:18:32,2025-12-10 19:19:31,CASTILLA,False,CASTILLA,36.18128697895065,0.9999999999999996,24,0,data_driven_batch_percentile_thresholds
42,2025-12-10 19:19:32,2025-12-10 19:20:31,CASTILLA,False,CASTILLA,40.44367106691856,0.9999999999999996,24,0,data_driven_batch_percentile_thresholds
43,2025-12-10 19:20:32,2025-12-10 19:21:31,CASTILLA,False,CASTILLA,35.627818738089985,0.9999999999999996,24,0,data_driven_batch_percentile_thresholds
44,2025-12-10 19:21:32,2025-12-10 19:22:31,CASTILLA,False,CASTILLA,40.78972274127851,0.9999999999999996,24,0,data_driven_batch_percentile_thresholds
45,2025-12-10 19:22:32,2025-12-10 19:23:31,CASTILLA,False,CASTILLA,38.06905056181972,0.9999999999999996,24,0,data_driven_batch_percentile_thresholds
46,2025-12-10 19:23:32,2025-12-10 19:24:31,CASTILLA,False,CASTILLA,40.69735528371269,0.9999999999999996,24,0,data_driven_batch_percentile_thresholds
47,2025-12-10 19:24:32,2025-12-10 19:25:31,CASTILLA,False,CASTILLA,32.44617094061702,0.9999999999999996,24,0,data_driven_batch_percentile_thresholds
48,2025-12-10 19:25:32,2025-12-10 19:26:31,CASTILLA,False,CASTILLA,33.90593549800148,0.9999999999999996,24,0,data_driven_batch_percentile_thresholds
49,2025-12-10 19:26:32,2025-12-10 19:27:31,CASTILLA,False,CASTILLA,30.577343581939537,0.9999999999999996,24,0,data_driven_batch_percentile_thresholds
50,2025-12-10 19:27:32,2025-12-10 19:28:31,CASTILLA,False,CASTILLA,31.784761926387556,0.9999999999999996,24,0,data_driven_batch_percentile_thresholds
51,2025-12-10 19:28:32,2025-12-10 19:29:31,CASTILLA,False,CASTILLA,30.82131043871013,0.9999999999999996,24,0,data_driven_batch_percentile_thresholds
52,2025-12-10 19:29:32,2025-12-10 19:30:31,CASTILLA,False,CASTILLA,30.952775648230965,0.9999999999999996,24,0,data_driven_batch_percentile_thresholds
53,2025-12-10 19:30:32,2025-12-10 19:31:31,CASTILLA,False,CASTILLA,31.194740914872945,0.9999999999999996,24,0,data_driven_batch_percentile_thresholds
54,2025-12-10 19:31:32,2025-12-10 19:32:31,CASTILLA,False,CASTILLA,30.307095862034178,0.9999999999999996,24,0,data_driven_batch_percentile_thresholds
55,2025-12-10 19:32:32,2025-12-10 19:33:31,CASTILLA,False,CASTILLA,32.106943748674944,0.9999999999999996,24,0,data_driven_batch_percentile_thresholds
56,2025-12-10 19:33:32,2025-12-10 19:34:31,CASTILLA,False,CASTILLA,36.53664068613151,0.9999999999999996,24,0,data_driven_batch_percentile_thresholds
57,2025-12-10 19:34:32,2025-12-10 19:35:31,CASTILLA,False,CASTILLA,32.4610316999118,0.9999999999999996,24,0,data_driven_batch_percentile_thresholds
58,2025-12-10 19:35:32,2025-12-10 19:36:31,CASTILLA,False,CASTILLA,31.594178715823137,0.9999999999999996,24,0,data_driven_batch_percentile_thresholds
59,2025-12-10 19:36:32,2025-12-10 19:37:31,CASTILLA,False,CASTILLA,31.439964804449065,0.9999999999999996,24,0,data_driven_batch_percentile_thresholds
60,2025-12-10 19:37:32,2025-12-10 19:38:31,CASTILLA,False,CASTILLA,30.12531655809934,0.9999999999999996,24,0,data_driven_batch_percentile_thresholds
61,2025-12-10 19:38:32,2025-12-10 19:39:31,CASTILLA,False,CASTILLA,36.872297551798376,0.9999999999999996,24,0,data_driven_batch_percentile_thresholds
62,2025-12-10 19:39:32,2025-12-10 19:40:31,CASTILLA,False,CASTILLA,36.71528908271996,0.9999999999999996,24,0,data_driven_batch_percentile_thresholds
63,2025-12-10 19:40:32,2025-12-10 19:41:31,CASTILLA,False,CASTILLA,32.71507981050139,0.9999999999999996,24,0,data_driven_batch_percentile_thresholds
64,2025-12-10 19:41:32,2025-12-10 19:42:31,CASTILLA,False,CASTILLA,33.0315895586457,0.9999999999999996,24,0,data_driven_batch_percentile_thresholds
65,2025-12-10 19:42:32,2025-12-10 19:43:31,CASTILLA,False,CASTILLA,30.48695876291143,0.9999999999999996,24,0,data_driven_batch_percentile_thresholds
66,2025-12-10 19:43:32,2025-12-10 19:44:31,CASTILLA,False,CASTILLA,33.54756968196873,0.9999999999999996,24,0,data_driven_batch_percentile_thresholds
67,2025-12-10 19:44:32,2025-12-10 19:45:31,CASTILLA,False,CASTILLA,34.16695407080533,0.9999999999999996,24,0,data_driven_batch_percentile_thresholds
68,2025-12-10 19:45:32,2025-12-10 19:46:31,CASTILLA,False,CASTILLA,31.86999442228704,0.9999999999999996,24,0,data_driven_batch_percentile_thresholds
69,2025-12-10 19:46:32,2025-12-10 19:47:31,CASTILLA,False,CASTILLA,31.07529246358302,0.9999999999999996,24,0,data_driven_batch_percentile_thresholds
70,2025-12-10 19:47:32,2025-12-10 19:48:31,CASTILLA,False,CASTILLA,30.244206248275024,0.9999999999999996,24,0,data_driven_batch_percentile_thresholds
71,2025-12-10 19:48:32,2025-12-10 19:49:31,CASTILLA,False,CASTILLA,30.26187468113646,0.9999999999999996,24,0,data_driven_batch_percentile_thresholds
72,2025-12-10 19:49:32,2025-12-10 19:50:31,CASTILLA,False,CASTILLA,31.31557222926244,0.9999999999999996,24,0,data_driven_batch_percentile_thresholds
73,2025-12-10 19:50:32,2025-12-10 19:51:31,CASTILLA,False,CASTILLA,29.806064967307385,0.9999999999999996,24,0,data_driven_batch_percentile_thresholds
74,2025-12-10 19:51:32,2025-12-10 19:52:31,CASTILLA,False,CASTILLA,29.51537924125852,0.9999999999999996,24,0,data_driven_batch_percentile_thresholds
75,2025-12-10 19:52:32,2025-12-10 19:53:31,CASTILLA,False,CASTILLA,29.32507039005006,0.9999999999999996,24,0,data_driven_batch_percentile_thresholds
76,2025-12-10 19:53:32,2025-12-10 19:54:31,CASTILLA,False,CASTILLA,35.05020608699217,0.9999999999999996,24,0,data_driven_batch_percentile_thresholds
77,2025-12-10 19:54:32,2025-12-10 19:55:31,CASTILLA,False,CASTILLA,31.53868093951153,0.9999999999999996,24,0,data_driven_batch_percentile_thresholds
78,2025-12-10 19:55:32,2025-12-10 19:56:31,CASTILLA,False,CASTILLA,32.4673368994731,0.9999999999999996,24,0,data_driven_batch_percentile_thresholds
79,2025-12-10 19:56:32,2025-12-10 19:57:31,CASTILLA,False,CASTILLA,30.47773314639904,0.9999999999999996,24,0,data_driven_batch_percentile_thresholds
80,2025-12-10 19:57:32,2025-12-10 19:58:31,CASTILLA,False,CASTILLA,29.86280218385296,0.9999999999999996,24,0,data_driven_batch_percentile_thresholds
81,2025-12-10 19:58:32,2025-12-10 19:59:31,CASTILLA,False,CASTILLA,30.386766332408712,0.9999999999999996,24,0,data_driven_batch_percentile_thresholds
82,2025-12-10 19:59:32,2025-12-10 20:00:31,CASTILLA,False,CASTILLA,31.30563449538877,0.9999999999999996,24,0,data_driven_batch_percentile_thresholds
83,2025-12-10 20:00:32,2025-12-10 20:01:31,CASTILLA,False,CASTILLA,31.27862186586561,0.9999999999999996,24,0,data_driven_batch_percentile_thresholds
84,2025-12-10 20:01:32,2025-12-10 20:02:31,CASTILLA,False,CASTILLA,26.324472625251254,0.9999999999999996,24,0,data_driven_batch_percentile_thresholds
85,2025-12-10 20:02:32,2025-12-10 20:03:31,CASTILLA,False,CASTILLA,24.94229493422545,0.9999999999999996,24,0,data_driven_batch_percentile_thresholds
86,2025-12-10 20:03:32,2025-12-10 20:04:31,CASTILLA,False,CASTILLA,27.05012485093633,0.9999999999999996,24,0,data_driven_batch_percentile_thresholds
87,2025-12-10 20:04:32,2025-12-10 20:05:31,CASTILLA,False,CASTILLA,25.666280779770965,0.9999999999999996,24,0,data_driven_batch_percentile_thresholds
88,2025-12-10 20:05:32,2025-12-10 20:06:31,CASTILLA,False,CASTILLA,26.817985234132472,0.9999999999999996,24,0,data_driven_batch_percentile_thresholds
89,2025-12-10 20:06:32,2025-12-10 20:07:31,CASTILLA,False,CASTILLA,27.238687832654342,0.9999999999999996,24,0,data_driven_batch_percentile_thresholds
90,2025-12-10 20:07:32,2025-12-10 20:08:31,CASTILLA,False,CASTILLA,26.682388080332416,0.9999999999999996,24,0,data_driven_batch_percentile_thresholds
91,2025-12-10 20:08:32,2025-12-10 20:09:31,CASTILLA,False,CASTILLA,25.07952766842037,0.9999999999999996,24,0,data_driven_batch_percentile_thresholds
92,2025-12-10 20:09:32,2025-12-10 20:10:31,CASTILLA,False,CASTILLA,25.84784326909828,0.9999999999999996,24,0,data_driven_batch_percentile_thresholds
93,2025-12-10 20:10:32,2025-12-10 20:11:31,CASTILLA,False,CASTILLA,25.892576233971024,0.9999999999999996,24,0,data_driven_batch_percentile_thresholds
94,2025-12-10 20:11:32,2025-12-10 20:12:31,CASTILLA,False,CASTILLA,24.91058249033476,0.9999999999999996,24,0,data_driven_batch_percentile_thresholds
95,2025-12-10 20:12:32,2025-12-10 20:13:31,CASTILLA,False,CASTILLA,25.589222615605195,0.9999999999999996,24,0,data_driven_batch_percentile_thresholds
96,2025-12-10 20:13:32,2025-12-10 20:14:31,CASTILLA,False,CASTILLA,24.518864461974136,0.9999999999999996,24,0,data_driven_batch_percentile_thresholds
97,2025-12-10 20:14:32,2025-12-10 20:15:31,CASTILLA,False,CASTILLA,25.674907928174186,0.9999999999999996,24,0,data_driven_batch_percentile_thresholds
98,2025-12-10 20:15:32,2025-12-10 20:16:31,CASTILLA,False,CASTILLA,27.756805589789767,0.9999999999999996,24,0,data_driven_batch_percentile_thresholds
99,2025-12-10 20:16:32,2025-12-10 20:17:31,CASTILLA,False,CASTILLA,28.706262247158296,0.9999999999999996,24,0,data_driven_batch_percentile_thresholds
100,2025-12-10 20:17:32,2025-12-10 20:18:31,CASTILLA,False,CASTILLA,26.293131378032548,0.9999999999999996,24,0,data_driven_batch_percentile_thresholds
101,2025-12-10 20:18:32,2025-12-10 20:19:31,CASTILLA,False,CASTILLA,26.782224786916924,0.9999999999999996,24,0,data_driven_batch_percentile_thresholds
102,2025-12-10 20:19:32,2025-12-10 20:20:31,CASTILLA,False,CASTILLA,28.19586414597134,0.9999999999999996,24,0,data_driven_batch_percentile_thresholds
103,2025-12-10 20:20:32,2025-12-10 20:21:31,CASTILLA,False,CASTILLA,28.11101739077124,0.9999999999999996,24,0,data_driven_batch_percentile_thresholds
104,2025-12-10 20:21:32,2025-12-10 20:22:31,CASTILLA,False,CASTILLA,26.8310747618532,0.9999999999999996,24,0,data_driven_batch_percentile_thresholds
105,2025-12-10 20:22:32,2025-12-10 20:23:31,CASTILLA,False,CASTILLA,26.24510344372618,0.9999999999999996,24,0,data_driven_batch_percentile_thresholds
106,2025-12-10 20:23:32,2025-12-10 20:24:31,CASTILLA,False,CASTILLA,26.76098321793036,0.9999999999999996,24,0,data_driven_batch_percentile_thresholds
107,2025-12-10 20:24:32,2025-12-10 20:25:31,CASTILLA,False,CASTILLA,24.35199620530981,0.9999999999999996,24,0,data_driven_batch_percentile_thresholds
108,2025-12-10 20:25:32,2025-12-10 20:26:31,CASTILLA,False,CASTILLA,24.759730860195468,0.9999999999999996,24,0,data_driven_batch_percentile_thresholds
109,2025-12-10 20:26:32,2025-12-10 20:27:31,CASTILLA,False,CASTILLA,25.59066039938639,0.9999999999999996,24,0,data_driven_batch_percentile_thresholds
110,2025-12-10 20:27:32,2025-12-10 20:28:31,CASTILLA,False,CASTILLA,24.16994626680053,0.9999999999999996,24,0,data_driven_batch_percentile_thresholds
111,2025-12-10 20:28:32,2025-12-10 20:29:31,CASTILLA,False,CASTILLA,23.16095971865823,0.9999999999999996,24,0,data_driven_batch_percentile_thresholds
112,2025-12-10 20:29:32,2025-12-10 20:30:31,CASTILLA,False,CASTILLA,22.92238007638696,0.9999999999999996,24,0,data_driven_batch_percentile_thresholds
113,2025-12-10 20:30:32,2025-12-10 20:31:31,CASTILLA,False,CASTILLA,24.120673203558336,0.9999999999999996,24,0,data_driven_batch_percentile_thresholds
114,2025-12-10 20:31:32,2025-12-10 20:32:31,CASTILLA,False,CASTILLA,23.896609619845297,0.9999999999999996,24,0,data_driven_batch_percentile_thresholds
115,2025-12-10 20:32:32,2025-12-10 20:33:31,CASTILLA,False,CASTILLA,21.28270612229396,0.9999999999999996,24,0,data_driven_batch_percentile_thresholds
116,2025-12-10 20:33:32,2025-12-10 20:34:31,CASTILLA,False,CASTILLA,20.77375660363549,0.9999999999999996,24,0,data_driven_batch_percentile_thresholds
117,2025-12-10 20:34:32,2025-12-10 20:35:31,CASTILLA,False,CASTILLA,21.87776008420423,0.9999999999999996,24,0,data_driven_batch_percentile_thresholds
118,2025-12-10 20:35:32,2025-12-10 20:36:31,CASTILLA,False,CASTILLA,23.940560638264177,0.9999999999999996,24,0,data_driven_batch_percentile_thresholds
119,2025-12-10 20:36:32,2025-12-10 20:37:31,CASTILLA,False,CASTILLA,20.37405739460729,0.9999999999999996,24,0,data_driven_batch_percentile_thresholds
120,2025-12-10 20:37:32,2025-12-10 20:38:31,CASTILLA,False,CASTILLA,21.341164345512883,0.9999999999999996,24,0,data_driven_batch_percentile_thresholds
121,2025-12-10 20:38:32,2025-12-10 20:39:31,CASTILLA,False,CASTILLA,21.395701839858045,0.9999999999999996,24,0,data_driven_batch_percentile_thresholds
122,2025-12-10 20:39:32,2025-12-10 20:40:31,CASTILLA,False,CASTILLA,22.879727964567,0.9999999999999996,24,0,data_driven_batch_percentile_thresholds
123,2025-12-10 20:40:32,2025-12-10 20:41:31,CASTILLA,False,CASTILLA,20.802135528957123,0.9999999999999996,24,0,data_driven_batch_percentile_thresholds
124,2025-12-10 20:41:32,2025-12-10 20:42:31,CASTILLA,False,CASTILLA,20.37017055054692,0.9999999999999996,24,0,data_driven_batch_percentile_thresholds
125,2025-12-10 20:42:32,2025-12-10 20:43:31,CASTILLA,False,CASTILLA,20.687590772718977,0.9999999999999996,24,0,data_driven_batch_percentile_thresholds
126,2025-12-10 20:43:32,2025-12-10 20:44:31,CASTILLA,False,CASTILLA,21.26579694594213,0.9999999999999996,24,0,data_driven_batch_percentile_thresholds
127,2025-12-10 20:44:32,2025-12-10 20:45:31,CASTILLA,False,CASTILLA,20.419424156839835,0.9999999999999996,24,0,data_driven_batch_percentile_thresholds
128,2025-12-10 20:45:32,2025-12-10 20:46:31,CASTILLA,False,CASTILLA,19.601378101989148,0.9999999999999996,24,0,data_driven_batch_percentile_thresholds
129,2025-12-10 20:46:32,2025-12-10 20:47:31,CASTILLA,False,CASTILLA,18.94261185607529,0.9999999999999996,24,0,data_driven_batch_percentile_thresholds
130,2025-12-10 20:47:32,2025-12-10 20:48:31,CASTILLA,False,CASTILLA,20.68976541329585,0.9999999999999996,24,0,data_driven_batch_percentile_thresholds
131,2025-12-10 20:48:32,2025-12-10 20:49:31,CASTILLA,False,CASTILLA,21.816787894863044,0.9999999999999996,24,0,data_driven_batch_percentile_thresholds
132,2025-12-10 20:49:32,2025-12-10 20:50:31,CASTILLA,False,CASTILLA,21.198459822861885,0.9999999999999996,24,0,data_driven_batch_percentile_thresholds
133,2025-12-10 20:50:32,2025-12-10 20:51:31,CASTILLA,False,CASTILLA,22.202873678585963,0.9999999999999996,24,0,data_driven_batch_percentile_thresholds
134,2025-12-10 20:51:32,2025-12-10 20:52:31,CASTILLA,False,CASTILLA,22.05749841863913,0.9999999999999996,24,0,data_driven_batch_percentile_thresholds
135,2025-12-10 20:52:32,2025-12-10 20:53:31,CASTILLA,False,CASTILLA,25.42817073849854,0.9999999999999996,24,0,data_driven_batch_percentile_thresholds
136,2025-12-10 20:53:32,2025-12-10 20:54:31,CASTILLA,False,CASTILLA,22.502846114738148,0.9999999999999996,24,0,data_driven_batch_percentile_thresholds
137,2025-12-10 20:54:32,2025-12-10 20:55:31,CASTILLA,False,CASTILLA,21.815464355663494,0.9999999999999996,24,0,data_driven_batch_percentile_thresholds
138,2025-12-10 20:55:32,2025-12-10 20:56:31,CASTILLA,False,CASTILLA,19.8339526283755,0.9999999999999996,24,0,data_driven_batch_percentile_thresholds
139,2025-12-10 20:56:32,2025-12-10 20:57:31,CASTILLA,False,CASTILLA,21.38486833807523,0.9999999999999996,24,0,data_driven_batch_percentile_thresholds
140,2025-12-10 20:57:32,2025-12-10 20:58:31,CASTILLA,False,CASTILLA,20.523950222777465,0.9999999999999996,24,0,data_driven_batch_percentile_thresholds
141,2025-12-10 20:58:32,2025-12-10 20:59:31,CASTILLA,False,CASTILLA,20.171230565758123,0.9999999999999996,24,0,data_driven_batch_percentile_thresholds
142,2025-12-10 20:59:32,2025-12-10 21:00:31,CASTILLA,False,CASTILLA,19.70119727700808,0.9999999999999996,24,0,data_driven_batch_percentile_thresholds
143,2025-12-10 21:00:32,2025-12-10 21:01:31,CASTILLA,False,CASTILLA,20.79828080547668,0.9999999999999996,24,0,data_driven_batch_percentile_thresholds
144,2025-12-10 21:01:32,2025-12-10 21:02:31,CASTILLA,False,CASTILLA,20.350761998034837,0.9999999999999996,24,0,data_driven_batch_percentile_thresholds
145,2025-12-10 21:02:32,2025-12-10 21:03:31,CASTILLA,False,CASTILLA,19.266402175423995,0.9999999999999996,24,0,data_driven_batch_percentile_thresholds
146,2025-12-10 21:03:32,2025-12-10 21:04:31,CASTILLA,False,CASTILLA,20.25742403218175,0.9999999999999996,24,0,data_driven_batch_percentile_thresholds
147,2025-12-10 21:04:32,2025-12-10 21:05:31,CASTILLA,False,CASTILLA,19.17196751447966,0.9999999999999996,24,0,data_driven_batch_percentile_thresholds
148,2025-12-10 21:05:32,2025-12-10 21:06:31,CASTILLA,False,CASTILLA,18.438217617829736,0.9999999999999996,24,0,data_driven_batch_percentile_thresholds
149,2025-12-10 21:06:32,2025-12-10 21:07:31,CASTILLA,False,CASTILLA,17.888842398534265,0.9999999999999996,24,0,data_driven_batch_percentile_thresholds
150,2025-12-10 21:07:32,2025-12-10 21:08:31,CASTILLA,False,CASTILLA,21.31418956102691,0.9999999999999996,24,0,data_driven_batch_percentile_thresholds
151,2025-12-10 21:08:32,2025-12-10 21:09:31,CASTILLA,False,CASTILLA,21.96920356010124,0.9999999999999996,24,0,data_driven_batch_percentile_thresholds
152,2025-12-10 21:09:32,2025-12-10 21:10:31,CASTILLA,False,CASTILLA,21.49568060535223,0.9999999999999996,24,0,data_driven_batch_percentile_thresholds
153,2025-12-10 21:10:32,2025-12-10 21:11:31,CASTILLA,False,CASTILLA,19.44811186741938,0.9999999999999996,24,0,data_driven_batch_percentile_thresholds
154,2025-12-10 21:11:32,2025-12-10 21:12:31,CASTILLA,False,CASTILLA,18.418369909100157,0.9999999999999996,24,0,data_driven_batch_percentile_thresholds
155,2025-12-10 21:12:32,2025-12-10 21:13:31,CASTILLA,False,CASTILLA,19.16378199304097,0.9999999999999996,24,0,data_driven_batch_percentile_thresholds
156,2025-12-10 21:13:32,2025-12-10 21:14:31,CASTILLA,False,CASTILLA,20.114665085803715,0.9999999999999996,24,0,data_driven_batch_percentile_thresholds
157,2025-12-10 21:14:32,2025-12-10 21:15:31,CASTILLA,False,CASTILLA,18.769722375314892,0.9999999999999996,24,0,data_driven_batch_percentile_thresholds
158,2025-12-10 21:15:32,2025-12-10 21:16:31,CASTILLA,False,CASTILLA,20.772791395672726,0.9999999999999996,24,0,data_driven_batch_percentile_thresholds
159,2025-12-10 21:16:32,2025-12-10 21:17:31,CASTILLA,False,CASTILLA,20.395922792728506,0.9999999999999996,24,0,data_driven_batch_percentile_thresholds
160,2025-12-10 21:17:32,2025-12-10 21:18:31,CASTILLA,False,CASTILLA,21.526839016048665,0.9999999999999996,24,0,data_driven_batch_percentile_thresholds
161,2025-12-10 21:18:32,2025-12-10 21:19:31,CASTILLA,False,CASTILLA,20.605044527526868,0.9999999999999996,24,0,data_driven_batch_percentile_thresholds
162,2025-12-10 21:19:32,2025-12-10 21:20:31,CASTILLA,False,CASTILLA,19.611808307700898,0.9999999999999996,24,0,data_driven_batch_percentile_thresholds
163,2025-12-10 21:20:32,2025-12-10 21:21:31,CASTILLA,False,CASTILLA,18.124075004134703,0.9999999999999996,24,0,data_driven_batch_percentile_thresholds
164,2025-12-10 21:21:32,2025-12-10 21:22:31,CASTILLA,False,CASTILLA,18.50759496527949,0.9999999999999996,24,0,data_driven_batch_percentile_thresholds
165,2025-12-10 21:22:32,2025-12-10 21:23:31,CASTILLA,False,CASTILLA,18.644282093907098,0.9999999999999996,24,0,data_driven_batch_percentile_thresholds
166,2025-12-10 21:23:32,2025-12-10 21:24:31,CASTILLA,False,CASTILLA,18.70458116669276,0.9999999999999996,24,0,data_driven_batch_percentile_thresholds
167,2025-12-10 21:24:32,2025-12-10 21:25:31,CASTILLA,False,CASTILLA,19.056298619420293,0.9999999999999996,24,0,data_driven_batch_percentile_thresholds
168,2025-12-10 21:25:32,2025-12-10 21:26:31,CASTILLA,False,CASTILLA,18.42656498203648,0.9999999999999996,24,0,data_driven_batch_percentile_thresholds
169,2025-12-10 21:26:32,2025-12-10 21:27:31,CASTILLA,False,CASTILLA,17.745439722293685,0.9999999999999996,24,0,data_driven_batch_percentile_thresholds
170,2025-12-10 21:27:32,2025-12-10 21:28:31,CASTILLA,False,CASTILLA,17.333026974039072,0.9999999999999996,24,0,data_driven_batch_percentile_thresholds
171,2025-12-10 21:28:32,2025-12-10 21:29:31,CASTILLA,False,CASTILLA,16.30661961983884,0.9999999999999996,24,0,data_driven_batch_percentile_thresholds
172,2025-12-10 21:29:32,2025-12-10 21:30:31,CASTILLA,False,CASTILLA,18.28849815436164,0.9999999999999996,24,0,data_driven_batch_percentile_thresholds
173,2025-12-10 21:30:32,2025-12-10 21:31:31,CASTILLA,False,CASTILLA,18.172929672313533,0.9999999999999996,24,0,data_driven_batch_percentile_thresholds
174,2025-12-10 21:31:32,2025-12-10 21:32:31,CASTILLA,False,CASTILLA,18.617667044202317,0.9999999999999996,24,0,data_driven_batch_percentile_thresholds
175,2025-12-10 21:32:32,2025-12-10 21:33:31,CASTILLA,False,CASTILLA,17.350256162460454,0.9999999999999996,24,0,data_driven_batch_percentile_thresholds
176,2025-12-10 21:33:32,2025-12-10 21:34:31,CASTILLA,False,CASTILLA,18.261390443902467,0.9999999999999996,24,0,data_driven_batch_percentile_thresholds
177,2025-12-10 21:34:32,2025-12-10 21:35:31,CASTILLA,False,CASTILLA,19.06197647800777,0.9999999999999996,24,0,data_driven_batch_percentile_thresholds
178,2025-12-10 21:35:32,2025-12-10 21:36:31,CASTILLA,False,CASTILLA,18.374509351385967,0.9999999999999996,24,0,data_driven_batch_percentile_thresholds
179,2025-12-10 21:36:32,2025-12-10 21:37:31,CASTILLA,False,CASTILLA,17.66121113901715,0.9999999999999996,24,0,data_driven_batch_percentile_thresholds
180,2025-12-10 21:37:32,2025-12-10 21:38:31,CASTILLA,False,CASTILLA,17.66370742689908,0.9999999999999996,24,0,data_driven_batch_percentile_thresholds
181,2025-12-10 21:38:32,2025-12-10 21:39:31,CASTILLA,False,CASTILLA,17.77186362283753,0.9999999999999996,24,0,data_driven_batch_percentile_thresholds
182,2025-12-10 21:39:32,2025-12-10 21:40:31,CASTILLA,False,CASTILLA,16.649035182153053,0.9999999999999996,24,0,data_driven_batch_percentile_thresholds
183,2025-12-10 21:40:32,2025-12-10 21:41:31,CASTILLA,False,CASTILLA,18.76750408802759,0.9999999999999996,24,0,data_driven_batch_percentile_thresholds
184,2025-12-10 21:41:32,2025-12-10 21:42:31,CASTILLA,False,CASTILLA,18.896197543164867,0.9999999999999996,24,0,data_driven_batch_percentile_thresholds
185,2025-12-10 21:42:32,2025-12-10 21:43:31,CASTILLA,False,CASTILLA,19.063572377536147,0.9999999999999996,24,0,data_driven_batch_percentile_thresholds
186,2025-12-10 21:43:32,2025-12-10 21:44:31,CASTILLA,False,CASTILLA,19.21743916702261,0.9999999999999996,24,0,data_driven_batch_percentile_thresholds
187,2025-12-10 21:44:32,2025-12-10 21:45:31,CASTILLA,False,CASTILLA,18.512493881475976,0.9999999999999996,24,0,data_driven_batch_percentile_thresholds
188,2025-12-10 21:45:32,2025-12-10 21:46:31,CASTILLA,False,CASTILLA,17.417882822796223,0.9999999999999996,24,0,data_driven_batch_percentile_thresholds
189,2025-12-10 21:46:32,2025-12-10 21:47:31,CASTILLA,False,CASTILLA,16.656555480925785,0.9999999999999996,24,0,data_driven_batch_percentile_thresholds
190,2025-12-10 21:47:32,2025-12-10 21:48:31,CASTILLA,False,CASTILLA,17.20667715708782,0.9999999999999996,24,0,data_driven_batch_percentile_thresholds
191,2025-12-10 21:48:32,2025-12-10 21:49:31,CASTILLA,False,CASTILLA,18.44382404812078,0.9999999999999996,24,0,data_driven_batch_percentile_thresholds
192,2025-12-10 21:49:32,2025-12-10 21:50:31,CASTILLA,False,CASTILLA,16.16247269087342,0.9999999999999996,24,0,data_driven_batch_percentile_thresholds
193,2025-12-10 21:50:32,2025-12-10 21:51:31,CASTILLA,False,CASTILLA,17.34106156656827,0.9999999999999996,24,0,data_driven_batch_percentile_thresholds
194,2025-12-10 21:51:32,2025-12-10 21:52:31,CASTILLA,False,CASTILLA,18.76431468754984,0.9999999999999996,24,0,data_driven_batch_percentile_thresholds
195,2025-12-10 21:52:32,2025-12-10 21:53:31,CASTILLA,False,CASTILLA,20.57047499765643,0.9999999999999996,24,0,data_driven_batch_percentile_thresholds
196,2025-12-10 21:53:32,2025-12-10 21:54:31,CASTILLA,False,CASTILLA,18.89535643400009,0.9999999999999996,24,0,data_driven_batch_percentile_thresholds
197,2025-12-10 21:54:32,2025-12-10 21:55:31,CASTILLA,False,CASTILLA,21.65563910376341,0.9999999999999996,24,0,data_driven_batch_percentile_thresholds
198,2025-12-10 21:55:32,2025-12-10 21:56:31,CASTILLA,False,CASTILLA,20.38258221852994,0.9999999999999996,24,0,data_driven_batch_percentile_thresholds
199,2025-12-10 21:56:32,2025-12-10 21:57:31,CASTILLA,False,CASTILLA,20.500441949383312,0.9999999999999996,24,0,data_driven_batch_percentile_thresholds
200,2025-12-10 21:57:32,2025-12-10 21:58:31,CASTILLA,False,CASTILLA,20.42938670664137,0.9999999999999996,24,0,data_driven_batch_percentile_thresholds
201,2025-12-10 21:58:32,2025-12-10 21:59:31,CASTILLA,False,CASTILLA,21.209574996669318,0.9999999999999996,24,0,data_driven_batch_percentile_thresholds
202,2025-12-10 21:59:32,2025-12-10 22:00:31,CASTILLA,False,CASTILLA,21.73986267391269,0.9999999999999996,24,0,data_driven_batch_percentile_thresholds
203,2025-12-10 22:00:32,2025-12-10 22:01:31,CASTILLA,False,CASTILLA,22.2954805576391,0.9999999999999996,24,0,data_driven_batch_percentile_thresholds
204,2025-12-10 22:01:32,2025-12-10 22:02:31,CASTILLA,False,CASTILLA,22.07207160125164,0.9999999999999996,24,0,data_driven_batch_percentile_thresholds
205,2025-12-10 22:02:32,2025-12-10 22:03:31,CASTILLA,False,CASTILLA,22.282042637276763,0.9999999999999996,24,0,data_driven_batch_percentile_thresholds
206,2025-12-10 22:03:32,2025-12-10 22:04:31,CASTILLA,False,CASTILLA,22.2889010225173,0.9999999999999996,24,0,data_driven_batch_percentile_thresholds
207,2025-12-10 22:04:32,2025-12-10 22:05:31,CASTILLA,False,CASTILLA,22.993799592238897,0.9999999999999996,24,0,data_driven_batch_percentile_thresholds
208,2025-12-10 22:05:32,2025-12-10 22:06:31,CASTILLA,False,CASTILLA,20.251593462899635,0.9999999999999996,24,0,data_driven_batch_percentile_thresholds
209,2025-12-10 22:06:32,2025-12-10 22:07:31,CASTILLA,False,CASTILLA,21.326744721691227,0.9999999999999996,24,0,data_driven_batch_percentile_thresholds
210,2025-12-10 22:07:32,2025-12-10 22:08:31,CASTILLA,False,CASTILLA,20.397166597958577,0.9999999999999996,24,0,data_driven_batch_percentile_thresholds
211,2025-12-10 22:08:32,2025-12-10 22:09:31,CASTILLA,False,CASTILLA,22.300623299046983,0.9999999999999996,24,0,data_driven_batch_percentile_thresholds
212,2025-12-10 22:09:32,2025-12-10 22:10:31,CASTILLA,False,CASTILLA,21.93974340457113,0.9999999999999996,24,0,data_driven_batch_percentile_thresholds
213,2025-12-10 22:10:32,2025-12-10 22:11:31,CASTILLA,False,CASTILLA,21.64729261568144,0.9999999999999996,24,0,data_driven_batch_percentile_thresholds
214,2025-12-10 22:11:32,2025-12-10 22:12:31,CASTILLA,False,CASTILLA,20.752815209475347,0.9999999999999996,24,0,data_driven_batch_percentile_thresholds
215,2025-12-10 22:12:32,2025-12-10 22:13:31,CASTILLA,False,CASTILLA,25.10965567759164,0.9999999999999996,24,0,data_driven_batch_percentile_thresholds
216,2025-12-10 22:13:32,2025-12-10 22:14:31,CASTILLA,False,CASTILLA,20.694616985028883,0.9999999999999996,24,0,data_driven_batch_percentile_thresholds
217,2025-12-10 22:14:32,2025-12-10 22:15:31,CASTILLA,False,CASTILLA,20.55577289539812,0.9999999999999996,24,0,data_driven_batch_percentile_thresholds
218,2025-12-10 22:15:32,2025-12-10 22:16:31,CASTILLA,False,CASTILLA,21.570439927549405,0.9999999999999996,24,0,data_driven_batch_percentile_thresholds
219,2025-12-10 22:16:32,2025-12-10 22:17:31,CASTILLA,False,CASTILLA,20.1628317091364,0.9999999999999996,24,0,data_driven_batch_percentile_thresholds
220,2025-12-10 22:17:32,2025-12-10 22:18:31,CASTILLA,False,CASTILLA,20.352243475519813,0.9999999999999996,24,0,data_driven_batch_percentile_thresholds
221,2025-12-10 22:18:32,2025-12-10 22:19:31,CASTILLA,False,CASTILLA,20.252001394273552,0.9999999999999996,24,0,data_driven_batch_percentile_thresholds
222,2025-12-10 22:19:32,2025-12-10 22:20:31,CASTILLA,False,CASTILLA,20.84202745674988,0.9999999999999996,24,0,data_driven_batch_percentile_thresholds
223,2025-12-10 22:20:32,2025-12-10 22:21:31,CASTILLA,False,CASTILLA,22.63323023356537,0.9999999999999996,24,0,data_driven_batch_percentile_thresholds
224,2025-12-10 22:21:32,2025-12-10 22:22:31,CASTILLA,False,CASTILLA,21.45037359378739,0.9999999999999996,24,0,data_driven_batch_percentile_thresholds
225,2025-12-10 22:22:32,2025-12-10 22:23:31,CASTILLA,False,CASTILLA,21.299454075121268,0.9999999999999996,24,0,data_driven_batch_percentile_thresholds
226,2025-12-10 22:23:32,2025-12-10 22:24:31,CASTILLA,False,CASTILLA,22.10508089399408,0.9999999999999996,24,0,data_driven_batch_percentile_thresholds
227,2025-12-10 22:24:32,2025-12-10 22:25:31,CASTILLA,False,CASTILLA,21.23145905274048,0.9999999999999996,24,0,data_driven_batch_percentile_thresholds
228,2025-12-10 22:25:32,2025-12-10 22:26:31,CASTILLA,False,CASTILLA,22.42049219209324,0.9999999999999996,24,0,data_driven_batch_percentile_thresholds
229,2025-12-10 22:26:32,2025-12-10 22:27:31,CASTILLA,False,CASTILLA,22.025935906933164,0.9999999999999996,24,0,data_driven_batch_percentile_thresholds
230,2025-12-10 22:27:32,2025-12-10 22:28:31,CASTILLA,False,CASTILLA,26.390278047950908,0.9999999999999996,24,0,data_driven_batch_percentile_thresholds
231,2025-12-10 22:28:32,2025-12-10 22:29:31,CASTILLA,False,CASTILLA,21.7920305526688,0.9999999999999996,24,0,data_driven_batch_percentile_thresholds
232,2025-12-10 22:29:32,2025-12-10 22:30:31,CASTILLA,False,CASTILLA,22.526422399007117,0.9999999999999996,24,0,data_driven_batch_percentile_thresholds
233,2025-12-10 22:30:32,2025-12-10 22:31:31,CASTILLA,False,CASTILLA,21.07206486884285,0.9999999999999996,24,0,data_driven_batch_percentile_thresholds
234,2025-12-10 22:31:32,2025-12-10 22:32:31,CASTILLA,False,CASTILLA,22.45837209520232,0.9999999999999996,24,0,data_driven_batch_percentile_thresholds
235,2025-12-10 22:32:32,2025-12-10 22:33:31,CASTILLA,False,CASTILLA,21.559969145432945,0.9999999999999996,24,0,data_driven_batch_percentile_thresholds
236,2025-12-10 22:33:32,2025-12-10 22:34:31,CASTILLA,False,CASTILLA,20.51976495964832,0.9999999999999996,24,0,data_driven_batch_percentile_thresholds
237,2025-12-10 22:34:32,2025-12-10 22:35:31,CASTILLA,False,CASTILLA,22.74699874071485,0.9999999999999996,24,0,data_driven_batch_percentile_thresholds
238,2025-12-10 22:35:32,2025-12-10 22:36:31,CASTILLA,False,CASTILLA,22.11298216593064,0.9999999999999996,24,0,data_driven_batch_percentile_thresholds
239,2025-12-10 22:36:32,2025-12-10 22:37:31,CASTILLA,False,CASTILLA,25.154918828429437,0.9999999999999996,24,0,data_driven_batch_percentile_thresholds
240,2025-12-10 22:37:32,2025-12-10 22:38:31,CASTILLA,False,CASTILLA,24.49466452737724,0.9999999999999996,24,0,data_driven_batch_percentile_thresholds
241,2025-12-10 22:38:32,2025-12-10 22:39:31,CASTILLA,False,CASTILLA,26.91473405134393,0.9999999999999996,24,0,data_driven_batch_percentile_thresholds
242,2025-12-10 22:39:32,2025-12-10 22:40:31,CASTILLA,False,CASTILLA,22.73603372795959,0.9999999999999996,24,0,data_driven_batch_percentile_thresholds
243,2025-12-10 22:40:32,2025-12-10 22:41:31,CASTILLA,False,CASTILLA,26.27414858453353,0.9999999999999996,24,0,data_driven_batch_percentile_thresholds
244,2025-12-10 22:41:32,2025-12-10 22:42:31,CASTILLA,False,CASTILLA,21.578731600510498,0.9999999999999996,24,0,data_driven_batch_percentile_thresholds
245,2025-12-10 22:42:32,2025-12-10 22:43:31,CASTILLA,False,CASTILLA,23.335231238901475,0.9999999999999996,24,0,data_driven_batch_percentile_thresholds
246,2025-12-10 22:43:32,2025-12-10 22:44:31,CASTILLA,False,CASTILLA,24.405172665172604,0.9999999999999996,24,0,data_driven_batch_percentile_thresholds
247,2025-12-10 22:44:32,2025-12-10 22:45:31,CASTILLA,False,CASTILLA,26.17958406450618,0.9999999999999996,24,0,data_driven_batch_percentile_thresholds
248,2025-12-10 22:45:32,2025-12-10 22:46:31,CASTILLA,False,CASTILLA,25.15611803322016,0.9999999999999996,24,0,data_driven_batch_percentile_thresholds
249,2025-12-10 22:46:32,2025-12-10 22:47:31,CASTILLA,False,CASTILLA,25.39623129090382,0.9999999999999996,24,0,data_driven_batch_percentile_thresholds
250,2025-12-10 22:47:32,2025-12-10 22:48:31,CASTILLA,False,CASTILLA,27.349576119678822,0.9999999999999996,24,0,data_driven_batch_percentile_thresholds
251,2025-12-10 22:48:32,2025-12-10 22:49:31,CASTILLA,False,CASTILLA,23.12245693402789,0.9999999999999996,24,0,data_driven_batch_percentile_thresholds
252,2025-12-10 22:49:32,2025-12-10 22:50:31,CASTILLA,False,CASTILLA,21.158499517842976,0.9999999999999996,24,0,data_driven_batch_percentile_thresholds
253,2025-12-10 22:50:32,2025-12-10 22:51:31,CASTILLA,False,CASTILLA,20.13700571396766,0.9999999999999996,24,0,data_driven_batch_percentile_thresholds
254,2025-12-10 22:51:32,2025-12-10 22:52:31,CASTILLA,False,CASTILLA,26.78966827330751,0.9999999999999996,24,0,data_driven_batch_percentile_thresholds
255,2025-12-10 22:52:32,2025-12-10 22:53:31,CASTILLA,False,CASTILLA,26.86058428242448,0.9999999999999996,24,0,data_driven_batch_percentile_thresholds
256,2025-12-10 22:53:32,2025-12-10 22:54:31,CASTILLA,False,CASTILLA,19.51790758058736,0.9999999999999996,24,0,data_driven_batch_percentile_thresholds
257,2025-12-10 22:54:32,2025-12-10 22:55:31,CASTILLA,False,CASTILLA,20.25515215719492,0.9999999999999996,24,0,data_driven_batch_percentile_thresholds
258,2025-12-10 22:55:32,2025-12-10 22:56:31,CASTILLA,False,CASTILLA,20.00691778890921,0.9999999999999996,24,0,data_driven_batch_percentile_thresholds
259,2025-12-10 22:56:32,2025-12-10 22:57:31,CASTILLA,False,CASTILLA,18.11503789822165,0.9999999999999996,24,0,data_driven_batch_percentile_thresholds
260,2025-12-10 22:57:32,2025-12-10 22:58:31,CASTILLA,False,CASTILLA,21.199783075493205,0.9999999999999996,24,0,data_driven_batch_percentile_thresholds
261,2025-12-10 22:58:32,2025-12-10 22:59:31,CASTILLA,False,CASTILLA,24.779961287316027,0.9999999999999996,24,0,data_driven_batch_percentile_thresholds
262,2025-12-10 22:59:32,2025-12-10 23:00:31,CASTILLA,False,CASTILLA,19.24729105116655,0.9999999999999996,24,0,data_driven_batch_percentile_thresholds
263,2025-12-10 23:00:32,2025-12-10 23:01:31,CASTILLA,False,CASTILLA,20.6093370856121,0.9999999999999996,24,0,data_driven_batch_percentile_thresholds
264,2025-12-10 23:01:32,2025-12-10 23:02:31,CASTILLA,False,CASTILLA,21.39540895573349,0.9999999999999996,24,0,data_driven_batch_percentile_thresholds
265,2025-12-10 23:02:32,2025-12-10 23:03:31,CASTILLA,False,CASTILLA,17.483575769849267,0.9999999999999996,24,0,data_driven_batch_percentile_thresholds
266,2025-12-10 23:03:32,2025-12-10 23:04:31,CASTILLA,False,CASTILLA,17.375182793466248,0.9999999999999996,24,0,data_driven_batch_percentile_thresholds
267,2025-12-10 23:04:32,2025-12-10 23:05:31,CASTILLA,False,CASTILLA,21.31197407414024,0.9999999999999996,24,0,data_driven_batch_percentile_thresholds
268,2025-12-10 23:05:32,2025-12-10 23:06:31,CASTILLA,False,CASTILLA,21.20466126238684,0.9999999999999996,24,0,data_driven_batch_percentile_thresholds
269,2025-12-10 23:06:32,2025-12-10 23:07:31,CASTILLA,False,CASTILLA,20.19662241505624,0.9999999999999996,24,0,data_driven_batch_percentile_thresholds
270,2025-12-10 23:07:32,2025-12-10 23:08:31,CASTILLA,False,CASTILLA,21.051947186189267,0.9999999999999996,24,0,data_driven_batch_percentile_thresholds
271,2025-12-10 23:08:32,2025-12-10 23:09:31,CASTILLA,False,CASTILLA,21.313082169050254,0.9999999999999996,24,0,data_driven_batch_percentile_thresholds
272,2025-12-10 23:09:32,2025-12-10 23:10:31,CASTILLA,False,CASTILLA,20.06586986815801,0.9999999999999996,24,0,data_driven_batch_percentile_thresholds
273,2025-12-10 23:10:32,2025-12-10 23:11:31,CASTILLA,False,CASTILLA,18.35865742989897,0.9999999999999996,24,0,data_driven_batch_percentile_thresholds
274,2025-12-10 23:11:32,2025-12-10 23:12:31,CASTILLA,False,CASTILLA,18.18200458619865,0.9999999999999996,24,0,data_driven_batch_percentile_thresholds
275,2025-12-10 23:12:32,2025-12-10 23:13:31,CASTILLA,False,CASTILLA,20.55504546917818,0.9999999999999996,24,0,data_driven_batch_percentile_thresholds
276,2025-12-10 23:13:32,2025-12-10 23:14:31,CASTILLA,False,CASTILLA,18.78955662944648,0.9999999999999996,24,0,data_driven_batch_percentile_thresholds
277,2025-12-10 23:14:32,2025-12-10 23:15:31,CASTILLA,False,CASTILLA,19.32467601057048,0.9999999999999996,24,0,data_driven_batch_percentile_thresholds
278,2025-12-10 23:15:32,2025-12-10 23:16:31,CASTILLA,False,CASTILLA,20.21598161486938,0.9999999999999996,24,0,data_driven_batch_percentile_thresholds
279,2025-12-10 23:16:32,2025-12-10 23:17:31,CASTILLA,False,CASTILLA,20.41986941658393,0.9999999999999996,24,0,data_driven_batch_percentile_thresholds
280,2025-12-10 23:17:32,2025-12-10 23:18:31,CASTILLA,False,CASTILLA,15.66015537726426,0.9999999999999996,24,0,data_driven_batch_percentile_thresholds
281,2025-12-10 23:18:32,2025-12-10 23:19:31,CASTILLA,False,CASTILLA,15.693797879939,0.9999999999999996,24,0,data_driven_batch_percentile_thresholds
282,2025-12-10 23:19:32,2025-12-10 23:20:31,CASTILLA,False,CASTILLA,18.016988119404616,0.9999999999999996,24,0,data_driven_batch_percentile_thresholds
283,2025-12-10 23:20:32,2025-12-10 23:21:31,CASTILLA,False,CASTILLA,17.885575012516178,0.9999999999999996,24,0,data_driven_batch_percentile_thresholds
284,2025-12-10 23:21:32,2025-12-10 23:22:31,CASTILLA,False,CASTILLA,22.471350176805675,0.9999999999999996,24,0,data_driven_batch_percentile_thresholds
285,2025-12-10 23:22:32,2025-12-10 23:23:31,CASTILLA,False,CASTILLA,15.873184213081672,0.9999999999999996,24,0,data_driven_batch_percentile_thresholds
286,2025-12-10 23:23:32,2025-12-10 23:24:31,CASTILLA,False,CASTILLA,19.27810352375652,0.9999999999999996,24,0,data_driven_batch_percentile_thresholds
287,2025-12-10 23:24:32,2025-12-10 23:25:31,CASTILLA,False,CASTILLA,16.518064483993573,0.9999999999999996,24,0,data_driven_batch_percentile_thresholds
288,2025-12-10 23:25:32,2025-12-10 23:26:31,CASTILLA,False,CASTILLA,14.229073929825992,0.9999999999999996,24,0,data_driven_batch_percentile_thresholds
289,2025-12-10 23:26:32,2025-12-10 23:27:31,CASTILLA,False,CASTILLA,17.85995382686562,0.9999999999999996,24,0,data_driven_batch_percentile_thresholds
290,2025-12-10 23:27:32,2025-12-10 23:28:31,CASTILLA,False,CASTILLA,17.473858869184546,0.9999999999999996,24,0,data_driven_batch_percentile_thresholds
291,2025-12-10 23:28:32,2025-12-10 23:29:31,CASTILLA,False,CASTILLA,18.78789281687989,0.9999999999999996,24,0,data_driven_batch_percentile_thresholds
292,2025-12-10 23:29:32,2025-12-10 23:30:31,CASTILLA,False,CASTILLA,19.9744631023752,0.9999999999999996,24,0,data_driven_batch_percentile_thresholds
293,2025-12-10 23:30:32,2025-12-10 23:31:31,CASTILLA,False,CASTILLA,17.595504032319504,0.9999999999999996,24,0,data_driven_batch_percentile_thresholds
294,2025-12-10 23:31:32,2025-12-10 23:32:31,CASTILLA,False,CASTILLA,20.591000151686927,0.9999999999999996,24,0,data_driven_batch_percentile_thresholds
295,2025-12-10 23:32:32,2025-12-10 23:33:31,CASTILLA,False,CASTILLA,16.543384633806834,0.9999999999999996,24,0,data_driven_batch_percentile_thresholds
296,2025-12-10 23:33:32,2025-12-10 23:34:31,CASTILLA,False,CASTILLA,15.0225914927503,0.9999999999999996,24,0,data_driven_batch_percentile_thresholds
297,2025-12-10 23:34:32,2025-12-10 23:35:31,CASTILLA,False,CASTILLA,14.677715617346609,0.9999999999999996,24,0,data_driven_batch_percentile_thresholds
298,2025-12-10 23:35:32,2025-12-10 23:36:31,CASTILLA,False,CASTILLA,15.703225859500076,0.9999999999999996,24,0,data_driven_batch_percentile_thresholds
299,2025-12-10 23:36:32,2025-12-10 23:37:31,CASTILLA,False,CASTILLA,15.328191840037675,0.9999999999999996,24,0,data_driven_batch_percentile_thresholds
300,2025-12-10 23:37:32,2025-12-10 23:38:31,CASTILLA,False,CASTILLA,17.542732697776042,0.9999999999999996,24,0,data_driven_batch_percentile_thresholds
301,2025-12-10 23:38:32,2025-12-10 23:39:31,CASTILLA,False,CASTILLA,15.468259759862914,0.9999999999999996,24,0,data_driven_batch_percentile_thresholds
302,2025-12-10 23:39:32,2025-12-10 23:40:31,CASTILLA,False,CASTILLA,15.207849706308815,0.9999999999999996,24,0,data_driven_batch_percentile_thresholds
303,2025-12-10 23:40:32,2025-12-10 23:41:31,CASTILLA,False,CASTILLA,14.534851670439956,0.9999999999999996,24,0,data_driven_batch_percentile_thresholds
304,2025-12-10 23:41:32,2025-12-10 23:42:31,CASTILLA,False,CASTILLA,20.619671866617885,0.9999999999999996,24,0,data_driven_batch_percentile_thresholds
305,2025-12-10 23:42:32,2025-12-10 23:43:31,CASTILLA,False,CASTILLA,15.837671887250716,0.9999999999999996,24,0,data_driven_batch_percentile_thresholds
306,2025-12-10 23:43:32,2025-12-10 23:44:31,CASTILLA,False,CASTILLA,15.532706088269023,0.9999999999999996,24,0,data_driven_batch_percentile_thresholds
307,2025-12-10 23:44:32,2025-12-10 23:45:31,CASTILLA,False,CASTILLA,12.515703392906763,0.9999999999999996,24,0,data_driven_batch_percentile_thresholds
308,2025-12-10 23:45:32,2025-12-10 23:46:31,CASTILLA,False,CASTILLA,11.965848649193395,0.9999999999999996,24,0,data_driven_batch_percentile_thresholds
309,2025-12-10 23:46:32,2025-12-10 23:47:31,CASTILLA,False,CASTILLA,12.117889480503909,0.9999999999999996,24,0,data_driven_batch_percentile_thresholds
310,2025-12-10 23:47:32,2025-12-10 23:48:31,CASTILLA,False,CASTILLA,10.499955100208249,0.9999999999999996,24,0,data_driven_batch_percentile_thresholds
311,2025-12-10 23:48:32,2025-12-10 23:49:31,CASTILLA,False,CASTILLA,11.627616796705228,0.9999999999999996,24,0,data_driven_batch_percentile_thresholds
312,2025-12-10 23:49:32,2025-12-10 23:50:31,CASTILLA,False,CASTILLA,11.507891349216528,0.9999999999999996,24,0,data_driven_batch_percentile_thresholds
313,2025-12-10 23:50:32,2025-12-10 23:51:31,CASTILLA,False,CASTILLA,14.239143269616324,0.9999999999999996,24,0,data_driven_batch_percentile_thresholds
314,2025-12-10 23:51:32,2025-12-10 23:52:31,CASTILLA,True,CASTILLA,11.191019422782649,0.9999999999999996,24,0,data_driven_batch_percentile_thresholds
316,2025-12-10 23:53:32,2025-12-10 23:54:31,MEZCLA,True,MEZCLA,5.9831634304406265,0.9999999999999996,24,0,data_driven_batch_percentile_thresholds
317,2025-12-10 23:54:32,2025-12-10 23:55:31,MEZCLA,False,MEZCLA,9.815641175444062,0.9999999999999996,24,0,data_driven_batch_percentile_thresholds
318,2025-12-10 23:55:32,2025-12-10 23:56:31,MEZCLA,False,MEZCLA,6.931791858066048,0.9999999999999996,24,0,data_driven_batch_percentile_thresholds
319,2025-12-10 23:56:32,2025-12-10 23:57:31,MEZCLA,False,MEZCLA,6.766186902312191,0.9999999999999996,24,0,data_driven_batch_percentile_thresholds
320,2025-12-10 23:57:32,2025-12-10 23:58:31,MEZCLA,False,MEZCLA,8.397542857526835,0.9999999999999996,24,0,data_driven_batch_percentile_thresholds
321,2025-12-10 23:58:32,2025-12-10 23:59:31,MEZCLA,False,MEZCLA,9.37724598878653,0.9999999999999996,24,0,data_driven_batch_percentile_thresholds
322,2025-12-10 23:59:32,2025-12-11 00:00:31,MEZCLA,False,MEZCLA,7.603664916624749,0.9999999999999996,24,0,data_driven_batch_percentile_thresholds
323,2025-12-11 00:00:32,2025-12-11 00:01:31,MEZCLA,False,MEZCLA,7.892337478059267,0.9999999999999996,24,0,data_driven_batch_percentile_thresholds
324,2025-12-11 00:01:32,2025-12-11 00:02:31,MEZCLA,False,MEZCLA,7.302833539407127,0.9999999999999996,24,0,data_driven_batch_percentile_thresholds
325,2025-12-11 00:02:32,2025-12-11 00:03:31,MEZCLA,False,MEZCLA,7.989352763704988,0.9999999999999996,24,0,data_driven_batch_percentile_thresholds
326,2025-12-11 00:03:32,2025-12-11 00:04:31,MEZCLA,False,MEZCLA,9.163086518279798,0.9999999999999996,24,0,data_driven_batch_percentile_thresholds
327,2025-12-11 00:04:32,2025-12-11 00:05:31,MEZCLA,False,MEZCLA,8.098267643575676,0.9999999999999996,24,0,data_driven_batch_percentile_thresholds
328,2025-12-11 00:05:32,2025-12-11 00:06:31,MEZCLA,False,MEZCLA,9.026240394412255,0.9999999999999996,24,0,data_driven_batch_percentile_thresholds
329,2025-12-11 00:06:32,2025-12-11 00:07:31,MEZCLA,False,MEZCLA,9.441025325521052,0.9999999999999996,24,0,data_driven_batch_percentile_thresholds
330,2025-12-11 00:07:32,2025-12-11 00:08:31,MEZCLA,False,MEZCLA,7.466089137138245,0.9999999999999996,24,0,data_driven_batch_percentile_thresholds
331,2025-12-11 00:08:32,2025-12-11 00:09:31,MEZCLA,False,MEZCLA,5.863993727902717,0.9999999999999996,24,0,data_driven_batch_percentile_thresholds
332,2025-12-11 00:09:32,2025-12-11 00:10:31,MEZCLA,False,MEZCLA,5.410581443651133,0.9999999999999996,24,0,data_driven_batch_percentile_thresholds
333,2025-12-11 00:10:32,2025-12-11 00:11:31,MEZCLA,False,MEZCLA,6.08658479857332,0.9999999999999996,24,0,data_driven_batch_percentile_thresholds
334,2025-12-11 00:11:32,2025-12-11 00:12:31,MEZCLA,False,MEZCLA,6.049987040403146,0.9999999999999996,24,0,data_driven_batch_percentile_thresholds
335,2025-12-11 00:12:32,2025-12-11 00:13:31,MEZCLA,False,MEZCLA,5.607224655540326,0.9999999999999996,24,0,data_driven_batch_percentile_thresholds
336,2025-12-11 00:13:32,2025-12-11 00:14:31,MEZCLA,False,MEZCLA,4.6326532041897215,0.9999999999999996,24,0,data_driven_batch_percentile_thresholds
337,2025-12-11 00:14:32,2025-12-11 00:15:31,MEZCLA,False,MEZCLA,6.399441990497969,0.9999999999999996,24,0,data_driven_batch_percentile_thresholds
338,2025-12-11 00:15:32,2025-12-11 00:16:31,MEZCLA,False,MEZCLA,6.144885468465444,0.9999999999999996,24,0,data_driven_batch_percentile_thresholds
339,2025-12-11 00:16:32,2025-12-11 00:17:31,MEZCLA,False,MEZCLA,7.879890197066897,0.9999999999999996,24,0,data_driven_batch_percentile_thresholds
340,2025-12-11 00:17:32,2025-12-11 00:18:31,MEZCLA,False,MEZCLA,5.989778903226134,0.9999999999999996,24,0,data_driven_batch_percentile_thresholds
341,2025-12-11 00:18:32,2025-12-11 00:19:31,MEZCLA,False,MEZCLA,8.31481650341988,0.9999999999999996,24,0,data_driven_batch_percentile_thresholds
342,2025-12-11 00:19:32,2025-12-11 00:20:31,MEZCLA,False,MEZCLA,8.36824991496819,0.9999999999999996,24,0,data_driven_batch_percentile_thresholds
343,2025-12-11 00:20:32,2025-12-11 00:21:31,MEZCLA,False,MEZCLA,18.190902584186112,0.9999999999999996,24,0,data_driven_batch_percentile_thresholds
344,2025-12-11 00:21:32,2025-12-11 00:22:31,MEZCLA,False,MEZCLA,11.968953890985528,0.9999999999999996,24,0,data_driven_batch_percentile_thresholds
345,2025-12-11 00:22:32,2025-12-11 00:23:31,MEZCLA,False,MEZCLA,11.803309412133933,0.9999999999999996,24,0,data_driven_batch_percentile_thresholds
346,2025-12-11 00:23:32,2025-12-11 00:24:31,MEZCLA,False,MEZCLA,8.747965972005058,0.9999999999999996,24,0,data_driven_batch_percentile_thresholds
347,2025-12-11 00:24:32,2025-12-11 00:25:31,MEZCLA,False,MEZCLA,14.408173026411044,0.9999999999999996,24,0,data_driven_batch_percentile_thresholds
348,2025-12-11 00:25:32,2025-12-11 00:26:31,MEZCLA,False,MEZCLA,11.290767046260711,0.9999999999999996,24,0,data_driven_batch_percentile_thresholds
349,2025-12-11 00:26:32,2025-12-11 00:27:31,MEZCLA,False,MEZCLA,11.891529623736766,0.9999999999999996,24,0,data_driven_batch_percentile_thresholds
350,2025-12-11 00:27:32,2025-12-11 00:28:31,MEZCLA,False,MEZCLA,15.868567039808594,0.9999999999999996,24,0,data_driven_batch_percentile_thresholds
351,2025-12-11 00:28:32,2025-12-11 00:29:31,MEZCLA,False,MEZCLA,12.013918536355824,0.9999999999999996,24,0,data_driven_batch_percentile_thresholds
352,2025-12-11 00:29:32,2025-12-11 00:30:31,MEZCLA,False,MEZCLA,13.523426092245336,0.9999999999999996,24,0,data_driven_batch_percentile_thresholds
353,2025-12-11 00:30:32,2025-12-11 00:31:31,MEZCLA,False,MEZCLA,13.266163429032147,0.9999999999999996,24,0,data_driven_batch_percentile_thresholds
354,2025-12-11 00:31:32,2025-12-11 00:32:31,MEZCLA,False,MEZCLA,12.58681827500687,0.9999999999999996,24,0,data_driven_batch_percentile_thresholds
355,2025-12-11 00:32:32,2025-12-11 00:33:31,MEZCLA,False,MEZCLA,12.998702698544363,0.9999999999999996,24,0,data_driven_batch_percentile_thresholds
356,2025-12-11 00:33:32,2025-12-11 00:34:31,MEZCLA,False,MEZCLA,23.116931795826424,0.9999999999999996,24,0,data_driven_batch_percentile_thresholds
357,2025-12-11 00:34:32,2025-12-11 00:35:31,MEZCLA,False,MEZCLA,13.31734098660147,0.9999999999999996,24,0,data_driven_batch_percentile_thresholds
358,2025-12-11 00:35:32,2025-12-11 00:36:31,MEZCLA,False,MEZCLA,16.119479673362203,0.9999999999999996,24,0,data_driven_batch_percentile_thresholds
359,2025-12-11 00:36:32,2025-12-11 00:37:31,MEZCLA,False,MEZCLA,22.29028772092382,0.9999999999999996,24,0,data_driven_batch_percentile_thresholds
360,2025-12-11 00:37:32,2025-12-11 00:38:31,MEZCLA,False,MEZCLA,23.621672168742087,0.9999999999999996,24,0,data_driven_batch_percentile_thresholds
361,2025-12-11 00:38:32,2025-12-11 00:39:31,MEZCLA,False,MEZCLA,19.476281889854796,0.9999999999999996,24,0,data_driven_batch_percentile_thresholds
362,2025-12-11 00:39:32,2025-12-11 00:40:31,MEZCLA,False,MEZCLA,21.391978627573536,0.9999999999999996,24,0,data_driven_batch_percentile_thresholds
363,2025-12-11 00:40:32,2025-12-11 00:41:31,MEZCLA,False,MEZCLA,15.606001137238245,0.9999999999999996,24,0,data_driven_batch_percentile_thresholds
364,2025-12-11 00:41:32,2025-12-11 00:42:31,MEZCLA,False,MEZCLA,23.70641249407862,0.9999999999999996,24,0,data_driven_batch_percentile_thresholds
365,2025-12-11 00:42:32,2025-12-11 00:43:31,MEZCLA,False,MEZCLA,22.65705452917325,0.9999999999999996,24,0,data_driven_batch_percentile_thresholds
366,2025-12-11 00:43:32,2025-12-11 00:44:31,MEZCLA,False,MEZCLA,24.281524284911825,0.9999999999999996,24,0,data_driven_batch_percentile_thresholds
367,2025-12-11 00:44:32,2025-12-11 00:45:31,MEZCLA,False,MEZCLA,20.014487178927872,0.9999999999999996,24,0,data_driven_batch_percentile_thresholds
368,2025-12-11 00:45:32,2025-12-11 00:46:31,MEZCLA,False,MEZCLA,15.47054443530561,0.9999999999999996,24,0,data_driven_batch_percentile_thresholds
369,2025-12-11 00:46:32,2025-12-11 00:47:31,MEZCLA,False,MEZCLA,21.7940363839749,0.9999999999999996,24,0,data_driven_batch_percentile_thresholds
370,2025-12-11 00:47:32,2025-12-11 00:48:31,MEZCLA,False,MEZCLA,20.94024430678636,0.9999999999999996,24,0,data_driven_batch_percentile_thresholds
371,2025-12-11 00:48:32,2025-12-11 00:49:31,MEZCLA,False,MEZCLA,20.36107548353226,0.9999999999999996,24,0,data_driven_batch_percentile_thresholds
372,2025-12-11 00:49:32,2025-12-11 00:50:31,MEZCLA,False,MEZCLA,24.440895670116625,0.9999999999999996,24,0,data_driven_batch_percentile_thresholds
373,2025-12-11 00:50:32,2025-12-11 00:51:31,MEZCLA,False,MEZCLA,25.347840389586366,0.9999999999999996,24,0,data_driven_batch_percentile_thresholds
374,2025-12-11 00:51:32,2025-12-11 00:52:31,MEZCLA,False,MEZCLA,19.99684847499567,0.9999999999999996,24,0,data_driven_batch_percentile_thresholds
375,2025-12-11 00:52:32,2025-12-11 00:53:31,MEZCLA,False,MEZCLA,14.890277401223903,0.9999999999999996,24,0,data_driven_batch_percentile_thresholds
376,2025-12-11 00:53:32,2025-12-11 00:54:31,MEZCLA,False,MEZCLA,24.421214800848823,0.9999999999999996,24,0,data_driven_batch_percentile_thresholds
377,2025-12-11 00:54:32,2025-12-11 00:55:31,MEZCLA,False,MEZCLA,25.415886709432776,0.9999999999999996,24,0,data_driven_batch_percentile_thresholds
378,2025-12-11 00:55:32,2025-12-11 00:56:31,MEZCLA,False,MEZCLA,20.37207885926544,0.9999999999999996,24,0,data_driven_batch_percentile_thresholds
379,2025-12-11 00:56:32,2025-12-11 00:57:31,MEZCLA,False,MEZCLA,22.3127853046888,0.9999999999999996,24,0,data_driven_batch_percentile_thresholds
380,2025-12-11 00:57:32,2025-12-11 00:58:31,MEZCLA,False,MEZCLA,24.087627284192525,0.9999999999999996,24,0,data_driven_batch_percentile_thresholds
381,2025-12-11 00:58:32,2025-12-11 00:59:31,MEZCLA,False,MEZCLA,10.819905586123715,0.9999999999999996,24,0,data_driven_batch_percentile_thresholds
382,2025-12-11 00:59:32,2025-12-11 01:00:31,MEZCLA,False,MEZCLA,15.075625256861317,0.9999999999999996,24,0,data_driven_batch_percentile_thresholds
383,2025-12-11 01:00:32,2025-12-11 01:01:31,MEZCLA,False,MEZCLA,16.591219649023106,0.9999999999999996,24,0,data_driven_batch_percentile_thresholds
384,2025-12-11 01:01:32,2025-12-11 01:02:31,MEZCLA,False,MEZCLA,20.080407398831664,0.9999999999999996,24,0,data_driven_batch_percentile_thresholds
385,2025-12-11 01:02:32,2025-12-11 01:03:31,MEZCLA,False,MEZCLA,24.06949206664132,0.9999999999999996,24,0,data_driven_batch_percentile_thresholds
386,2025-12-11 01:03:32,2025-12-11 01:04:31,MEZCLA,False,MEZCLA,25.81721744818042,0.9999999999999996,24,0,data_driven_batch_percentile_thresholds
387,2025-12-11 01:04:32,2025-12-11 01:05:31,MEZCLA,False,MEZCLA,25.630817193947863,0.9999999999999996,24,0,data_driven_batch_percentile_thresholds
388,2025-12-11 01:05:32,2025-12-11 01:06:31,MEZCLA,False,MEZCLA,27.61860047093849,0.9999999999999996,24,0,data_driven_batch_percentile_thresholds
389,2025-12-11 01:06:32,2025-12-11 01:07:31,MEZCLA,False,MEZCLA,27.39151680554921,0.9999999999999996,24,0,data_driven_batch_percentile_thresholds
390,2025-12-11 01:07:32,2025-12-11 01:08:31,MEZCLA,False,MEZCLA,27.61320010381328,0.9999999999999996,24,0,data_driven_batch_percentile_thresholds
391,2025-12-11 01:08:32,2025-12-11 01:09:31,MEZCLA,False,MEZCLA,26.0575147172864,0.9999999999999996,24,0,data_driven_batch_percentile_thresholds
392,2025-12-11 01:09:32,2025-12-11 01:10:31,MEZCLA,False,MEZCLA,24.487766676120508,0.9999999999999996,24,0,data_driven_batch_percentile_thresholds
393,2025-12-11 01:10:32,2025-12-11 01:11:31,MEZCLA,False,MEZCLA,25.42276165898083,0.9999999999999996,24,0,data_driven_batch_percentile_thresholds
394,2025-12-11 01:11:32,2025-12-11 01:12:31,MEZCLA,False,MEZCLA,24.57205970807372,0.9999999999999996,24,0,data_driven_batch_percentile_thresholds
395,2025-12-11 01:12:32,2025-12-11 01:13:31,MEZCLA,False,MEZCLA,24.379973727363087,0.9999999999999996,24,0,data_driven_batch_percentile_thresholds
396,2025-12-11 01:13:32,2025-12-11 01:14:31,MEZCLA,False,MEZCLA,23.470421057265693,0.9999999999999996,24,0,data_driven_batch_percentile_thresholds
397,2025-12-11 01:14:32,2025-12-11 01:15:31,MEZCLA,False,MEZCLA,23.629182644374964,0.9999999999999996,24,0,data_driven_batch_percentile_thresholds
398,2025-12-11 01:15:32,2025-12-11 01:16:31,MEZCLA,False,MEZCLA,23.437527011942144,0.9999999999999996,24,0,data_driven_batch_percentile_thresholds
399,2025-12-11 01:16:32,2025-12-11 01:17:31,MEZCLA,False,MEZCLA,26.55793656789445,0.9999999999999996,24,0,data_driven_batch_percentile_thresholds
400,2025-12-11 01:17:32,2025-12-11 01:18:31,MEZCLA,False,MEZCLA,23.902945091298783,0.9999999999999996,24,0,data_driven_batch_percentile_thresholds
401,2025-12-11 01:18:32,2025-12-11 01:19:31,MEZCLA,False,MEZCLA,22.48105300036304,0.9999999999999996,24,0,data_driven_batch_percentile_thresholds
402,2025-12-11 01:19:32,2025-12-11 01:20:31,MEZCLA,False,MEZCLA,23.54763777345965,0.9999999999999996,24,0,data_driven_batch_percentile_thresholds
403,2025-12-11 01:20:32,2025-12-11 01:21:31,MEZCLA,False,MEZCLA,23.17338655228971,0.9999999999999996,24,0,data_driven_batch_percentile_thresholds
404,2025-12-11 01:21:32,2025-12-11 01:22:31,MEZCLA,False,MEZCLA,24.661278681713505,0.9999999999999996,24,0,data_driven_batch_percentile_thresholds
405,2025-12-11 01:22:32,2025-12-11 01:23:31,MEZCLA,False,MEZCLA,31.013957737003228,0.9999999999999996,24,0,data_driven_batch_percentile_thresholds
406,2025-12-11 01:23:32,2025-12-11 01:24:31,MEZCLA,False,MEZCLA,29.49913387999703,0.9999999999999996,24,0,data_driven_batch_percentile_thresholds
407,2025-12-11 01:24:32,2025-12-11 01:25:31,MEZCLA,False,MEZCLA,31.40249415377025,0.9999999999999996,24,0,data_driven_batch_percentile_thresholds
408,2025-12-11 01:25:32,2025-12-11 01:26:31,MEZCLA,False,MEZCLA,31.535397325991944,0.9999999999999996,24,0,data_driven_batch_percentile_thresholds
409,2025-12-11 01:26:32,2025-12-11 01:27:31,MEZCLA,False,MEZCLA,30.907678622015798,0.9999999999999996,24,0,data_driven_batch_percentile_thresholds
410,2025-12-11 01:27:32,2025-12-11 01:28:31,MEZCLA,False,MEZCLA,31.89807543277629,0.9999999999999996,24,0,data_driven_batch_percentile_thresholds
411,2025-12-11 01:28:32,2025-12-11 01:29:31,MEZCLA,False,MEZCLA,32.01542518467004,0.9999999999999996,24,0,data_driven_batch_percentile_thresholds
412,2025-12-11 01:29:32,2025-12-11 01:30:31,MEZCLA,False,MEZCLA,30.25488369899939,0.9999999999999996,24,0,data_driven_batch_percentile_thresholds
413,2025-12-11 01:30:32,2025-12-11 01:31:31,MEZCLA,False,MEZCLA,31.337529069611,0.9999999999999996,24,0,data_driven_batch_percentile_thresholds
414,2025-12-11 01:31:32,2025-12-11 01:32:31,MEZCLA,False,MEZCLA,30.18959569393605,0.9999999999999996,24,0,data_driven_batch_percentile_thresholds
415,2025-12-11 01:32:32,2025-12-11 01:33:31,MEZCLA,False,MEZCLA,31.30778218444596,0.9999999999999996,24,0,data_driven_batch_percentile_thresholds
416,2025-12-11 01:33:32,2025-12-11 01:34:31,MEZCLA,False,MEZCLA,30.48461625223898,0.9999999999999996,24,0,data_driven_batch_percentile_thresholds
417,2025-12-11 01:34:32,2025-12-11 01:35:31,MEZCLA,False,MEZCLA,30.966584615806024,0.9999999999999996,24,0,data_driven_batch_percentile_thresholds
418,2025-12-11 01:35:32,2025-12-11 01:36:31,MEZCLA,False,MEZCLA,30.611710500759397,0.9999999999999996,24,0,data_driven_batch_percentile_thresholds
419,2025-12-11 01:36:32,2025-12-11 01:37:31,MEZCLA,False,MEZCLA,31.69949439867245,0.9999999999999996,24,0,data_driven_batch_percentile_thresholds
420,2025-12-11 01:37:32,2025-12-11 01:38:31,MEZCLA,False,MEZCLA,31.47390817892746,0.9999999999999996,24,0,data_driven_batch_percentile_thresholds
421,2025-12-11 01:38:32,2025-12-11 01:39:31,MEZCLA,False,MEZCLA,33.342722124305155,0.9999999999999996,24,0,data_driven_batch_percentile_thresholds
422,2025-12-11 01:39:32,2025-12-11 01:40:31,MEZCLA,False,MEZCLA,32.323352359038545,0.9999999999999996,24,0,data_driven_batch_percentile_thresholds
423,2025-12-11 01:40:32,2025-12-11 01:41:31,MEZCLA,False,MEZCLA,30.884179459217314,0.9999999999999996,24,0,data_driven_batch_percentile_thresholds
424,2025-12-11 01:41:32,2025-12-11 01:42:31,MEZCLA,False,MEZCLA,33.556973156307585,0.9999999999999996,24,0,data_driven_batch_percentile_thresholds
425,2025-12-11 01:42:32,2025-12-11 01:43:31,MEZCLA,False,MEZCLA,30.770962445472,0.9999999999999996,24,0,data_driven_batch_percentile_thresholds
426,2025-12-11 01:43:32,2025-12-11 01:44:31,MEZCLA,False,MEZCLA,31.89301746161072,0.9999999999999996,24,0,data_driven_batch_percentile_thresholds
427,2025-12-11 01:44:32,2025-12-11 01:45:31,MEZCLA,False,MEZCLA,31.968611130151704,0.9999999999999996,24,0,data_driven_batch_percentile_thresholds
428,2025-12-11 01:45:32,2025-12-11 01:46:31,MEZCLA,False,MEZCLA,30.039778308668115,0.9999999999999996,24,0,data_driven_batch_percentile_thresholds
429,2025-12-11 01:46:32,2025-12-11 01:47:31,MEZCLA,False,MEZCLA,30.222564354158344,0.9999999999999996,24,0,data_driven_batch_percentile_thresholds
430,2025-12-11 01:47:32,2025-12-11 01:48:31,MEZCLA,False,MEZCLA,32.70612101229226,0.9999999999999996,24,0,data_driven_batch_percentile_thresholds
431,2025-12-11 01:48:32,2025-12-11 01:49:31,MEZCLA,False,MEZCLA,32.276085654684955,0.9999999999999996,24,0,data_driven_batch_percentile_thresholds
432,2025-12-11 01:49:32,2025-12-11 01:50:31,MEZCLA,False,MEZCLA,34.395171536160944,0.9999999999999996,24,0,data_driven_batch_percentile_thresholds
433,2025-12-11 01:50:32,2025-12-11 01:51:31,MEZCLA,False,MEZCLA,34.99028124198455,0.9999999999999996,24,0,data_driven_batch_percentile_thresholds
434,2025-12-11 01:51:32,2025-12-11 01:52:31,MEZCLA,False,MEZCLA,34.5995508812149,0.9999999999999996,24,0,data_driven_batch_percentile_thresholds
435,2025-12-11 01:52:32,2025-12-11 01:53:31,MEZCLA,False,MEZCLA,31.353537016240207,0.9999999999999996,24,0,data_driven_batch_percentile_thresholds
436,2025-12-11 01:53:32,2025-12-11 01:54:31,MEZCLA,False,MEZCLA,29.770239570235333,0.9999999999999996,24,0,data_driven_batch_percentile_thresholds
437,2025-12-11 01:54:32,2025-12-11 01:55:31,MEZCLA,False,MEZCLA,32.10552772951467,0.9999999999999996,24,0,data_driven_batch_percentile_thresholds
438,2025-12-11 01:55:32,2025-12-11 01:56:31,MEZCLA,False,MEZCLA,30.987582673537187,0.9999999999999996,24,0,data_driven_batch_percentile_thresholds
439,2025-12-11 01:56:32,2025-12-11 01:57:31,MEZCLA,False,MEZCLA,31.07449158952735,0.9999999999999996,24,0,data_driven_batch_percentile_thresholds
440,2025-12-11 01:57:32,2025-12-11 01:58:31,MEZCLA,False,MEZCLA,31.499187673433884,0.9999999999999996,24,0,data_driven_batch_percentile_thresholds
441,2025-12-11 01:58:32,2025-12-11 01:59:31,MEZCLA,False,MEZCLA,31.03274016380225,0.9999999999999996,24,0,data_driven_batch_percentile_thresholds
442,2025-12-11 01:59:32,2025-12-11 02:00:31,MEZCLA,False,MEZCLA,31.207230447700965,0.9999999999999996,24,0,data_driven_batch_percentile_thresholds
443,2025-12-11 02:00:32,2025-12-11 02:01:31,MEZCLA,False,MEZCLA,31.81337521834294,0.9999999999999996,24,0,data_driven_batch_percentile_thresholds
444,2025-12-11 02:01:32,2025-12-11 02:02:31,MEZCLA,False,MEZCLA,30.993322962883,0.9999999999999996,24,0,data_driven_batch_percentile_thresholds
445,2025-12-11 02:02:32,2025-12-11 02:03:31,MEZCLA,False,MEZCLA,30.244358841846022,0.9999999999999996,24,0,data_driven_batch_percentile_thresholds
446,2025-12-11 02:03:32,2025-12-11 02:04:31,MEZCLA,False,MEZCLA,30.196973801428275,0.9999999999999996,24,0,data_driven_batch_percentile_thresholds
447,2025-12-11 02:04:32,2025-12-11 02:05:31,MEZCLA,False,MEZCLA,30.29877190627681,0.9999999999999996,24,0,data_driven_batch_percentile_thresholds
448,2025-12-11 02:05:32,2025-12-11 02:06:31,MEZCLA,False,MEZCLA,29.95692311747483,0.9999999999999996,24,0,data_driven_batch_percentile_thresholds
449,2025-12-11 02:06:32,2025-12-11 02:07:31,MEZCLA,False,MEZCLA,30.201817762918044,0.9999999999999996,24,0,data_driven_batch_percentile_thresholds
450,2025-12-11 02:07:32,2025-12-11 02:08:31,MEZCLA,False,MEZCLA,30.651278461237645,0.9999999999999996,24,0,data_driven_batch_percentile_thresholds
451,2025-12-11 02:08:32,2025-12-11 02:09:31,MEZCLA,False,MEZCLA,32.524840699934096,0.9999999999999996,24,0,data_driven_batch_percentile_thresholds
452,2025-12-11 02:09:32,2025-12-11 02:10:31,MEZCLA,False,MEZCLA,30.795345800547224,0.9999999999999996,24,0,data_driven_batch_percentile_thresholds
453,2025-12-11 02:10:32,2025-12-11 02:11:31,MEZCLA,False,MEZCLA,30.136405853707043,0.9999999999999996,24,0,data_driven_batch_percentile_thresholds
454,2025-12-11 02:11:32,2025-12-11 02:12:31,MEZCLA,False,MEZCLA,29.952822467653267,0.9999999999999996,24,0,data_driven_batch_percentile_thresholds
455,2025-12-11 02:12:32,2025-12-11 02:13:31,MEZCLA,False,MEZCLA,30.54448018400681,0.9999999999999996,24,0,data_driven_batch_percentile_thresholds
456,2025-12-11 02:13:32,2025-12-11 02:14:31,MEZCLA,False,MEZCLA,31.342993169907665,0.9999999999999996,24,0,data_driven_batch_percentile_thresholds
457,2025-12-11 02:14:32,2025-12-11 02:15:31,MEZCLA,False,MEZCLA,30.446139500822405,0.9999999999999996,24,0,data_driven_batch_percentile_thresholds
458,2025-12-11 02:15:32,2025-12-11 02:16:31,MEZCLA,False,MEZCLA,30.51561418519147,0.9999999999999996,24,0,data_driven_batch_percentile_thresholds
459,2025-12-11 02:16:32,2025-12-11 02:17:31,MEZCLA,False,MEZCLA,30.82326743489593,0.9999999999999996,24,0,data_driven_batch_percentile_thresholds
460,2025-12-11 02:17:32,2025-12-11 02:18:31,MEZCLA,False,MEZCLA,33.943344594434855,0.9999999999999996,24,0,data_driven_batch_percentile_thresholds
461,2025-12-11 02:18:32,2025-12-11 02:19:31,MEZCLA,False,MEZCLA,34.548373391592975,0.9999999999999996,24,0,data_driven_batch_percentile_thresholds
462,2025-12-11 02:19:32,2025-12-11 02:20:31,MEZCLA,False,MEZCLA,32.32500353522042,0.9999999999999996,24,0,data_driven_batch_percentile_thresholds
463,2025-12-11 02:20:32,2025-12-11 02:21:31,MEZCLA,False,MEZCLA,35.18349836504466,0.9999999999999996,24,0,data_driven_batch_percentile_thresholds
464,2025-12-11 02:21:32,2025-12-11 02:22:31,MEZCLA,False,MEZCLA,32.24337936148622,0.9999999999999996,24,0,data_driven_batch_percentile_thresholds
465,2025-12-11 02:22:32,2025-12-11 02:23:31,MEZCLA,False,MEZCLA,29.97617321705799,0.9999999999999996,24,0,data_driven_batch_percentile_thresholds
466,2025-12-11 02:23:32,2025-12-11 02:24:31,MEZCLA,False,MEZCLA,31.96995296048408,0.9999999999999996,24,0,data_driven_batch_percentile_thresholds
467,2025-12-11 02:24:32,2025-12-11 02:25:31,MEZCLA,False,MEZCLA,31.788001667096925,0.9999999999999996,24,0,data_driven_batch_percentile_thresholds
468,2025-12-11 02:25:32,2025-12-11 02:26:31,MEZCLA,False,MEZCLA,32.7182151223472,0.9999999999999996,24,0,data_driven_batch_percentile_thresholds
469,2025-12-11 02:26:32,2025-12-11 02:27:31,MEZCLA,False,MEZCLA,34.12999799219712,0.9999999999999996,24,0,data_driven_batch_percentile_thresholds
470,2025-12-11 02:27:32,2025-12-11 02:28:31,MEZCLA,False,MEZCLA,32.57684754164847,0.9999999999999996,24,0,data_driven_batch_percentile_thresholds
471,2025-12-11 02:28:32,2025-12-11 02:29:31,MEZCLA,False,MEZCLA,31.25945945077905,0.9999999999999996,24,0,data_driven_batch_percentile_thresholds
472,2025-12-11 02:29:32,2025-12-11 02:30:31,MEZCLA,False,MEZCLA,33.31676278707352,0.9999999999999996,24,0,data_driven_batch_percentile_thresholds
473,2025-12-11 02:30:32,2025-12-11 02:31:31,MEZCLA,False,MEZCLA,34.74611179283259,0.9999999999999996,24,0,data_driven_batch_percentile_thresholds
474,2025-12-11 02:31:32,2025-12-11 02:32:31,MEZCLA,False,MEZCLA,37.77308576091527,0.9999999999999996,24,0,data_driven_batch_percentile_thresholds
475,2025-12-11 02:32:32,2025-12-11 02:33:31,MEZCLA,False,MEZCLA,32.5828922528832,0.9999999999999996,24,0,data_driven_batch_percentile_thresholds
476,2025-12-11 02:33:32,2025-12-11 02:34:31,MEZCLA,False,MEZCLA,34.9587763253365,0.9999999999999996,24,0,data_driven_batch_percentile_thresholds
477,2025-12-11 02:34:32,2025-12-11 02:35:31,MEZCLA,False,MEZCLA,34.53130017584556,0.9999999999999996,24,0,data_driven_batch_percentile_thresholds
478,2025-12-11 02:35:32,2025-12-11 02:36:31,MEZCLA,False,MEZCLA,36.2619690505593,0.9999999999999996,24,0,data_driven_batch_percentile_thresholds
479,2025-12-11 02:36:32,2025-12-11 02:37:31,MEZCLA,False,MEZCLA,32.13816853709867,0.9999999999999996,24,0,data_driven_batch_percentile_thresholds
480,2025-12-11 02:37:32,2025-12-11 02:38:31,MEZCLA,False,MEZCLA,30.896852433912432,0.9999999999999996,24,0,data_driven_batch_percentile_thresholds
481,2025-12-11 02:38:32,2025-12-11 02:39:31,MEZCLA,False,MEZCLA,32.38142034925043,0.9999999999999996,24,0,data_driven_batch_percentile_thresholds
482,2025-12-11 02:39:32,2025-12-11 02:40:31,MEZCLA,False,MEZCLA,30.5821936307612,0.9999999999999996,24,0,data_driven_batch_percentile_thresholds
483,2025-12-11 02:40:32,2025-12-11 02:41:31,MEZCLA,False,MEZCLA,28.816890918273216,0.9999999999999996,24,0,data_driven_batch_percentile_thresholds
484,2025-12-11 02:41:32,2025-12-11 02:42:31,MEZCLA,False,MEZCLA,30.55116882546105,0.9999999999999996,24,0,data_driven_batch_percentile_thresholds
485,2025-12-11 02:42:32,2025-12-11 02:43:31,MEZCLA,False,MEZCLA,32.89934447494118,0.9999999999999996,24,0,data_driven_batch_percentile_thresholds
486,2025-12-11 02:43:32,2025-12-11 02:44:31,MEZCLA,False,MEZCLA,33.363026508066746,0.9999999999999996,24,0,data_driven_batch_percentile_thresholds
487,2025-12-11 02:44:32,2025-12-11 02:45:31,MEZCLA,False,MEZCLA,33.23078895409262,0.9999999999999996,24,0,data_driven_batch_percentile_thresholds
488,2025-12-11 02:45:32,2025-12-11 02:46:31,MEZCLA,False,MEZCLA,34.8026143702476,0.9999999999999996,24,0,data_driven_batch_percentile_thresholds
489,2025-12-11 02:46:32,2025-12-11 02:47:31,MEZCLA,False,MEZCLA,31.221428290991387,0.9999999999999996,24,0,data_driven_batch_percentile_thresholds
490,2025-12-11 02:47:32,2025-12-11 02:48:31,MEZCLA,False,MEZCLA,30.075394624824323,0.9999999999999996,24,0,data_driven_batch_percentile_thresholds
491,2025-12-11 02:48:32,2025-12-11 02:49:31,MEZCLA,False,MEZCLA,32.567939362727174,0.9999999999999996,24,0,data_driven_batch_percentile_thresholds
492,2025-12-11 02:49:32,2025-12-11 02:50:31,MEZCLA,False,MEZCLA,33.72599773679858,0.9999999999999996,24,0,data_driven_batch_percentile_thresholds
493,2025-12-11 02:50:32,2025-12-11 02:51:31,MEZCLA,False,MEZCLA,29.811113720804013,0.9999999999999996,24,0,data_driven_batch_percentile_thresholds
494,2025-12-11 02:51:32,2025-12-11 02:52:31,MEZCLA,False,MEZCLA,29.80951314127089,0.9999999999999996,24,0,data_driven_batch_percentile_thresholds
495,2025-12-11 02:52:32,2025-12-11 02:53:31,MEZCLA,False,MEZCLA,30.434292611811145,0.9999999999999996,24,0,data_driven_batch_percentile_thresholds
496,2025-12-11 02:53:32,2025-12-11 02:54:31,MEZCLA,False,MEZCLA,31.18859685015317,0.9999999999999996,24,0,data_driven_batch_percentile_thresholds
497,2025-12-11 02:54:32,2025-12-11 02:55:31,MEZCLA,False,MEZCLA,30.301388260642888,0.9999999999999996,24,0,data_driven_batch_percentile_thresholds
498,2025-12-11 02:55:32,2025-12-11 02:56:31,MEZCLA,False,MEZCLA,30.202987708340228,0.9999999999999996,24,0,data_driven_batch_percentile_thresholds
499,2025-12-11 02:56:32,2025-12-11 02:57:31,MEZCLA,False,MEZCLA,31.14739905096829,0.9999999999999996,24,0,data_driven_batch_percentile_thresholds
500,2025-12-11 02:57:32,2025-12-11 02:58:31,MEZCLA,False,MEZCLA,31.88465252623464,0.9999999999999996,24,0,data_driven_batch_percentile_thresholds
501,2025-12-11 02:58:32,2025-12-11 02:59:31,MEZCLA,False,MEZCLA,31.47318433809408,0.9999999999999996,24,0,data_driven_batch_percentile_thresholds
502,2025-12-11 02:59:32,2025-12-11 03:00:31,MEZCLA,False,MEZCLA,30.866216572463017,0.9999999999999996,24,0,data_driven_batch_percentile_thresholds
503,2025-12-11 03:00:32,2025-12-11 03:01:31,MEZCLA,False,MEZCLA,30.999470699365823,0.9999999999999996,24,0,data_driven_batch_percentile_thresholds
504,2025-12-11 03:01:32,2025-12-11 03:02:31,MEZCLA,False,MEZCLA,32.351072137506186,0.9999999999999996,24,0,data_driven_batch_percentile_thresholds
505,2025-12-11 03:02:32,2025-12-11 03:03:31,MEZCLA,False,MEZCLA,30.814384930821063,0.9999999999999996,24,0,data_driven_batch_percentile_thresholds
506,2025-12-11 03:03:32,2025-12-11 03:04:31,MEZCLA,False,MEZCLA,32.74789858694685,0.9999999999999996,24,0,data_driven_batch_percentile_thresholds
507,2025-12-11 03:04:32,2025-12-11 03:05:31,MEZCLA,False,MEZCLA,31.02146558104275,0.9999999999999996,24,0,data_driven_batch_percentile_thresholds
508,2025-12-11 03:05:32,2025-12-11 03:06:31,MEZCLA,False,MEZCLA,30.83038016172657,0.9999999999999996,24,0,data_driven_batch_percentile_thresholds
509,2025-12-11 03:06:32,2025-12-11 03:07:31,MEZCLA,False,MEZCLA,31.682336670089203,0.9999999999999996,24,0,data_driven_batch_percentile_thresholds
510,2025-12-11 03:07:32,2025-12-11 03:08:31,MEZCLA,False,MEZCLA,31.38127738598113,0.9999999999999996,24,0,data_driven_batch_percentile_thresholds
511,2025-12-11 03:08:32,2025-12-11 03:09:31,MEZCLA,False,MEZCLA,32.608297767969766,0.9999999999999996,24,0,data_driven_batch_percentile_thresholds
512,2025-12-11 03:09:32,2025-12-11 03:10:31,MEZCLA,False,MEZCLA,32.82661108126816,0.9999999999999996,24,0,data_driven_batch_percentile_thresholds
513,2025-12-11 03:10:32,2025-12-11 03:11:31,MEZCLA,False,MEZCLA,34.32507575454892,0.9999999999999996,24,0,data_driven_batch_percentile_thresholds
514,2025-12-11 03:11:32,2025-12-11 03:12:31,MEZCLA,False,MEZCLA,32.32604384815732,0.9999999999999996,24,0,data_driven_batch_percentile_thresholds
515,2025-12-11 03:12:32,2025-12-11 03:13:31,MEZCLA,False,MEZCLA,30.46927365451597,0.9999999999999996,24,0,data_driven_batch_percentile_thresholds
516,2025-12-11 03:13:32,2025-12-11 03:14:31,MEZCLA,False,MEZCLA,32.9543831864049,0.9999999999999996,24,0,data_driven_batch_percentile_thresholds
517,2025-12-11 03:14:32,2025-12-11 03:15:31,MEZCLA,False,MEZCLA,32.885335128464895,0.9999999999999996,24,0,data_driven_batch_percentile_thresholds
518,2025-12-11 03:15:32,2025-12-11 03:16:31,MEZCLA,False,MEZCLA,32.60339642269801,0.9999999999999996,24,0,data_driven_batch_percentile_thresholds
519,2025-12-11 03:16:32,2025-12-11 03:17:31,MEZCLA,False,MEZCLA,32.42639256472948,0.9999999999999996,24,0,data_driven_batch_percentile_thresholds
520,2025-12-11 03:17:32,2025-12-11 03:18:31,MEZCLA,False,MEZCLA,32.99622636668503,0.9999999999999996,24,0,data_driven_batch_percentile_thresholds
521,2025-12-11 03:18:32,2025-12-11 03:19:31,MEZCLA,False,MEZCLA,31.492196752567537,0.9999999999999996,24,0,data_driven_batch_percentile_thresholds
522,2025-12-11 03:19:32,2025-12-11 03:20:31,MEZCLA,False,MEZCLA,30.606981527606305,0.9999999999999996,24,0,data_driven_batch_percentile_thresholds
523,2025-12-11 03:20:32,2025-12-11 03:21:31,MEZCLA,False,MEZCLA,35.04200770271386,0.9999999999999996,24,0,data_driven_batch_percentile_thresholds
524,2025-12-11 03:21:32,2025-12-11 03:22:31,MEZCLA,False,MEZCLA,33.54754869574399,0.9999999999999996,24,0,data_driven_batch_percentile_thresholds
525,2025-12-11 03:22:32,2025-12-11 03:23:31,MEZCLA,False,MEZCLA,33.06675629390628,0.9999999999999996,24,0,data_driven_batch_percentile_thresholds
526,2025-12-11 03:23:32,2025-12-11 03:24:31,MEZCLA,False,MEZCLA,32.610606079076625,0.9999999999999996,24,0,data_driven_batch_percentile_thresholds
527,2025-12-11 03:24:32,2025-12-11 03:25:31,MEZCLA,False,MEZCLA,31.22240566618098,0.9999999999999996,24,0,data_driven_batch_percentile_thresholds
528,2025-12-11 03:25:32,2025-12-11 03:26:31,MEZCLA,False,MEZCLA,30.548361648779885,0.9999999999999996,24,0,data_driven_batch_percentile_thresholds
529,2025-12-11 03:26:32,2025-12-11 03:27:31,MEZCLA,False,MEZCLA,32.719220101797255,0.9999999999999996,24,0,data_driven_batch_percentile_thresholds
530,2025-12-11 03:27:32,2025-12-11 03:28:31,MEZCLA,False,MEZCLA,31.763845880937737,0.9999999999999996,24,0,data_driven_batch_percentile_thresholds
531,2025-12-11 03:28:32,2025-12-11 03:29:31,MEZCLA,False,MEZCLA,31.4711527115735,0.9999999999999996,24,0,data_driven_batch_percentile_thresholds
532,2025-12-11 03:29:32,2025-12-11 03:30:31,MEZCLA,False,MEZCLA,32.182705149773206,0.9999999999999996,24,0,data_driven_batch_percentile_thresholds
533,2025-12-11 03:30:32,2025-12-11 03:31:31,MEZCLA,False,MEZCLA,31.09883620398384,0.9999999999999996,24,0,data_driven_batch_percentile_thresholds
534,2025-12-11 03:31:32,2025-12-11 03:32:31,MEZCLA,False,MEZCLA,31.323028070117463,0.9999999999999996,24,0,data_driven_batch_percentile_thresholds
535,2025-12-11 03:32:32,2025-12-11 03:33:31,MEZCLA,False,MEZCLA,30.99951568925544,0.9999999999999996,24,0,data_driven_batch_percentile_thresholds
536,2025-12-11 03:33:32,2025-12-11 03:34:31,MEZCLA,False,MEZCLA,31.07472511269922,0.9999999999999996,24,0,data_driven_batch_percentile_thresholds
537,2025-12-11 03:34:32,2025-12-11 03:35:31,MEZCLA,False,MEZCLA,30.358504439419136,0.9999999999999996,24,0,data_driven_batch_percentile_thresholds
538,2025-12-11 03:35:32,2025-12-11 03:36:31,MEZCLA,False,MEZCLA,32.39307453725729,0.9999999999999996,24,0,data_driven_batch_percentile_thresholds
539,2025-12-11 03:36:32,2025-12-11 03:37:31,MEZCLA,False,MEZCLA,31.105482805356232,0.9999999999999996,24,0,data_driven_batch_percentile_thresholds
540,2025-12-11 03:37:32,2025-12-11 03:38:31,MEZCLA,False,MEZCLA,31.37804418985699,0.9999999999999996,24,0,data_driven_batch_percentile_thresholds
541,2025-12-11 03:38:32,2025-12-11 03:39:31,MEZCLA,False,MEZCLA,33.1262649923474,0.9999999999999996,24,0,data_driven_batch_percentile_thresholds
542,2025-12-11 03:39:32,2025-12-11 03:40:31,MEZCLA,False,MEZCLA,31.17191453598212,0.9999999999999996,24,0,data_driven_batch_percentile_thresholds
543,2025-12-11 03:40:32,2025-12-11 03:41:31,MEZCLA,False,MEZCLA,29.81364955024632,0.9999999999999996,24,0,data_driven_batch_percentile_thresholds
544,2025-12-11 03:41:32,2025-12-11 03:42:31,MEZCLA,False,MEZCLA,31.465780317281304,0.9999999999999996,24,0,data_driven_batch_percentile_thresholds
545,2025-12-11 03:42:32,2025-12-11 03:43:31,MEZCLA,False,MEZCLA,32.29882366894594,0.9999999999999996,24,0,data_driven_batch_percentile_thresholds
546,2025-12-11 03:43:32,2025-12-11 03:44:31,MEZCLA,False,MEZCLA,31.428860300641343,0.9999999999999996,24,0,data_driven_batch_percentile_thresholds
547,2025-12-11 03:44:32,2025-12-11 03:45:31,MEZCLA,False,MEZCLA,33.24020698116521,0.9999999999999996,24,0,data_driven_batch_percentile_thresholds
548,2025-12-11 03:45:32,2025-12-11 03:46:31,MEZCLA,False,MEZCLA,32.52476058321185,0.9999999999999996,24,0,data_driven_batch_percentile_thresholds
549,2025-12-11 03:46:32,2025-12-11 03:47:31,MEZCLA,False,MEZCLA,33.25364207459571,0.9999999999999996,24,0,data_driven_batch_percentile_thresholds
550,2025-12-11 03:47:32,2025-12-11 03:48:31,MEZCLA,False,MEZCLA,30.8981402871044,0.9999999999999996,24,0,data_driven_batch_percentile_thresholds
551,2025-12-11 03:48:32,2025-12-11 03:49:31,MEZCLA,False,MEZCLA,31.36864914220622,0.9999999999999996,24,0,data_driven_batch_percentile_thresholds
552,2025-12-11 03:49:32,2025-12-11 03:50:31,MEZCLA,False,MEZCLA,33.823094803050935,0.9999999999999996,24,0,data_driven_batch_percentile_thresholds
553,2025-12-11 03:50:32,2025-12-11 03:51:31,MEZCLA,False,MEZCLA,31.06998811817741,0.9999999999999996,24,0,data_driven_batch_percentile_thresholds
554,2025-12-11 03:51:32,2025-12-11 03:52:31,MEZCLA,False,MEZCLA,32.57845054049202,0.9999999999999996,24,0,data_driven_batch_percentile_thresholds
555,2025-12-11 03:52:32,2025-12-11 03:53:31,MEZCLA,False,MEZCLA,31.93996442814849,0.9999999999999996,24,0,data_driven_batch_percentile_thresholds
556,2025-12-11 03:53:32,2025-12-11 03:54:31,MEZCLA,False,MEZCLA,31.1187832445444,0.9999999999999996,24,0,data_driven_batch_percentile_thresholds
557,2025-12-11 03:54:32,2025-12-11 03:55:31,MEZCLA,False,MEZCLA,31.52471565533457,0.9999999999999996,24,0,data_driven_batch_percentile_thresholds
558,2025-12-11 03:55:32,2025-12-11 03:56:31,MEZCLA,False,MEZCLA,32.691138638023816,0.9999999999999996,24,0,data_driven_batch_percentile_thresholds
559,2025-12-11 03:56:32,2025-12-11 03:57:31,MEZCLA,False,MEZCLA,31.31421618473337,0.9999999999999996,24,0,data_driven_batch_percentile_thresholds
560,2025-12-11 03:57:32,2025-12-11 03:58:31,MEZCLA,False,MEZCLA,31.513910610613305,0.9999999999999996,24,0,data_driven_batch_percentile_thresholds
561,2025-12-11 03:58:32,2025-12-11 03:59:31,MEZCLA,False,MEZCLA,32.999427448116286,0.9999999999999996,24,0,data_driven_batch_percentile_thresholds
562,2025-12-11 03:59:32,2025-12-11 04:00:31,MEZCLA,False,MEZCLA,33.939787408989105,0.9999999999999996,24,0,data_driven_batch_percentile_thresholds
563,2025-12-11 04:00:32,2025-12-11 04:01:31,MEZCLA,False,MEZCLA,30.68237071224593,0.9999999999999996,24,0,data_driven_batch_percentile_thresholds
564,2025-12-11 04:01:32,2025-12-11 04:02:31,MEZCLA,False,MEZCLA,31.96346680325891,0.9999999999999996,24,0,data_driven_batch_percentile_thresholds
565,2025-12-11 04:02:32,2025-12-11 04:03:31,MEZCLA,False,MEZCLA,33.231249413828344,0.9999999999999996,24,0,data_driven_batch_percentile_thresholds
566,2025-12-11 04:03:32,2025-12-11 04:04:31,MEZCLA,False,MEZCLA,33.60094939096164,0.9999999999999996,24,0,data_driven_batch_percentile_thresholds
567,2025-12-11 04:04:32,2025-12-11 04:05:31,MEZCLA,False,MEZCLA,31.884712338582997,0.9999999999999996,24,0,data_driven_batch_percentile_thresholds
568,2025-12-11 04:05:32,2025-12-11 04:06:31,MEZCLA,False,MEZCLA,32.61341841265192,0.9999999999999996,24,0,data_driven_batch_percentile_thresholds
569,2025-12-11 04:06:32,2025-12-11 04:07:31,MEZCLA,False,MEZCLA,35.183357088122094,0.9999999999999996,24,0,data_driven_batch_percentile_thresholds
570,2025-12-11 04:07:32,2025-12-11 04:08:31,MEZCLA,False,MEZCLA,31.712890828159487,0.9999999999999996,24,0,data_driven_batch_percentile_thresholds
571,2025-12-11 04:08:32,2025-12-11 04:09:31,MEZCLA,False,MEZCLA,33.544130186482164,0.9999999999999996,24,0,data_driven_batch_percentile_thresholds
572,2025-12-11 04:09:32,2025-12-11 04:10:31,MEZCLA,False,MEZCLA,34.38179039940403,0.9999999999999996,24,0,data_driven_batch_percentile_thresholds
573,2025-12-11 04:10:32,2025-12-11 04:11:31,MEZCLA,False,MEZCLA,34.047596942105294,0.9999999999999996,24,0,data_driven_batch_percentile_thresholds
574,2025-12-11 04:11:32,2025-12-11 04:12:31,MEZCLA,False,MEZCLA,32.79450204325394,0.9999999999999996,24,0,data_driven_batch_percentile_thresholds
575,2025-12-11 04:12:32,2025-12-11 04:13:31,MEZCLA,False,MEZCLA,32.10106878122727,0.9999999999999996,24,0,data_driven_batch_percentile_thresholds
576,2025-12-11 04:13:32,2025-12-11 04:14:31,MEZCLA,False,MEZCLA,32.65799233529226,0.9999999999999996,24,0,data_driven_batch_percentile_thresholds
577,2025-12-11 04:14:32,2025-12-11 04:15:31,MEZCLA,False,MEZCLA,36.73094248710102,0.9999999999999996,24,0,data_driven_batch_percentile_thresholds
578,2025-12-11 04:15:32,2025-12-11 04:16:31,MEZCLA,False,MEZCLA,32.53683422146446,0.9999999999999996,24,0,data_driven_batch_percentile_thresholds
579,2025-12-11 04:16:32,2025-12-11 04:17:31,MEZCLA,False,MEZCLA,30.946771270839967,0.9999999999999996,24,0,data_driven_batch_percentile_thresholds
580,2025-12-11 04:17:32,2025-12-11 04:18:31,MEZCLA,False,MEZCLA,31.433513923514464,0.9999999999999996,24,0,data_driven_batch_percentile_thresholds
581,2025-12-11 04:18:32,2025-12-11 04:19:31,MEZCLA,False,MEZCLA,31.35570344769964,0.9999999999999996,24,0,data_driven_batch_percentile_thresholds
582,2025-12-11 04:19:32,2025-12-11 04:20:31,MEZCLA,False,MEZCLA,32.831016959097084,0.9999999999999996,24,0,data_driven_batch_percentile_thresholds
583,2025-12-11 04:20:32,2025-12-11 04:21:31,MEZCLA,True,MEZCLA,32.41030626399858,0.9999999999999996,24,0,data_driven_batch_percentile_thresholds
585,2025-12-11 04:22:32,2025-12-11 04:23:31,RUBIALES,True,RUBIALES,34.04660934842748,0.9999999999999996,24,0,data_driven_batch_percentile_thresholds
586,2025-12-11 04:23:32,2025-12-11 04:24:31,RUBIALES,False,RUBIALES,36.34037131814687,0.9999999999999996,24,0,data_driven_batch_percentile_thresholds
587,2025-12-11 04:24:32,2025-12-11 04:25:31,RUBIALES,False,RUBIALES,34.40648325628139,0.9999999999999996,24,0,data_driven_batch_percentile_thresholds
588,2025-12-11 04:25:32,2025-12-11 04:26:31,RUBIALES,False,RUBIALES,35.35305256797782,0.9999999999999996,24,0,data_driven_batch_percentile_thresholds
589,2025-12-11 04:26:32,2025-12-11 04:27:31,RUBIALES,False,RUBIALES,35.15493070210238,0.9999999999999996,24,0,data_driven_batch_percentile_thresholds
590,2025-12-11 04:27:32,2025-12-11 04:28:31,RUBIALES,False,RUBIALES,31.89503708224001,0.9999999999999996,24,0,data_driven_batch_percentile_thresholds
591,2025-12-11 04:28:32,2025-12-11 04:29:31,RUBIALES,False,RUBIALES,30.12699414429864,0.9999999999999996,24,0,data_driven_batch_percentile_thresholds
592,2025-12-11 04:29:32,2025-12-11 04:30:31,RUBIALES,False,RUBIALES,31.86394402435802,0.9999999999999996,24,0,data_driven_batch_percentile_thresholds
593,2025-12-11 04:30:32,2025-12-11 04:31:31,RUBIALES,False,RUBIALES,29.147761420139062,0.9999999999999996,24,0,data_driven_batch_percentile_thresholds
594,2025-12-11 04:31:32,2025-12-11 04:32:31,RUBIALES,False,RUBIALES,31.887046902254827,0.9999999999999996,24,0,data_driven_batch_percentile_thresholds
595,2025-12-11 04:32:32,2025-12-11 04:33:31,RUBIALES,False,RUBIALES,31.62284698247916,0.9999999999999996,24,0,data_driven_batch_percentile_thresholds
596,2025-12-11 04:33:32,2025-12-11 04:34:31,RUBIALES,False,RUBIALES,35.341249593144745,0.9999999999999996,24,0,data_driven_batch_percentile_thresholds
597,2025-12-11 04:34:32,2025-12-11 04:35:31,RUBIALES,False,RUBIALES,30.049614213046368,0.9999999999999996,24,0,data_driven_batch_percentile_thresholds
598,2025-12-11 04:35:32,2025-12-11 04:36:31,RUBIALES,False,RUBIALES,28.60620805186848,0.9999999999999996,24,0,data_driven_batch_percentile_thresholds
599,2025-12-11 04:36:32,2025-12-11 04:37:31,RUBIALES,False,RUBIALES,29.299782704299897,0.9999999999999996,24,0,data_driven_batch_percentile_thresholds
600,2025-12-11 04:37:32,2025-12-11 04:38:31,RUBIALES,False,RUBIALES,30.281091961404396,0.9999999999999996,24,0,data_driven_batch_percentile_thresholds
601,2025-12-11 04:38:32,2025-12-11 04:39:31,RUBIALES,False,RUBIALES,27.994516693135488,0.9999999999999996,24,0,data_driven_batch_percentile_thresholds
602,2025-12-11 04:39:32,2025-12-11 04:40:31,RUBIALES,False,RUBIALES,29.99536307161509,0.9999999999999996,24,0,data_driven_batch_percentile_thresholds
603,2025-12-11 04:40:32,2025-12-11 04:41:31,RUBIALES,False,RUBIALES,30.500868824423893,0.9999999999999996,24,0,data_driven_batch_percentile_thresholds
604,2025-12-11 04:41:32,2025-12-11 04:42:31,RUBIALES,False,RUBIALES,27.547698150913916,0.9999999999999996,24,0,data_driven_batch_percentile_thresholds
605,2025-12-11 04:42:32,2025-12-11 04:43:31,RUBIALES,False,RUBIALES,30.207731961281045,0.9999999999999996,24,0,data_driven_batch_percentile_thresholds
606,2025-12-11 04:43:32,2025-12-11 04:44:31,RUBIALES,False,RUBIALES,31.435007560706897,0.9999999999999996,24,0,data_driven_batch_percentile_thresholds
607,2025-12-11 04:44:32,2025-12-11 04:45:31,RUBIALES,False,RUBIALES,29.045509551815957,0.9999999999999996,24,0,data_driven_batch_percentile_thresholds
608,2025-12-11 04:45:32,2025-12-11 04:46:31,RUBIALES,False,RUBIALES,29.52597804345966,0.9999999999999996,24,0,data_driven_batch_percentile_thresholds
609,2025-12-11 04:46:32,2025-12-11 04:47:31,RUBIALES,False,RUBIALES,34.014853835490804,0.9999999999999996,24,0,data_driven_batch_percentile_thresholds
610,2025-12-11 04:47:32,2025-12-11 04:48:31,RUBIALES,False,RUBIALES,33.57168650878404,0.9999999999999996,24,0,data_driven_batch_percentile_thresholds
611,2025-12-11 04:48:32,2025-12-11 04:49:31,RUBIALES,False,RUBIALES,32.32503305532181,0.9999999999999996,24,0,data_driven_batch_percentile_thresholds
612,2025-12-11 04:49:32,2025-12-11 04:50:31,RUBIALES,False,RUBIALES,31.993640382064747,0.9999999999999996,24,0,data_driven_batch_percentile_thresholds
613,2025-12-11 04:50:32,2025-12-11 04:51:31,RUBIALES,False,RUBIALES,28.338563947532577,0.9999999999999996,24,0,data_driven_batch_percentile_thresholds
614,2025-12-11 04:51:32,2025-12-11 04:52:31,RUBIALES,False,RUBIALES,31.874233625817283,0.9999999999999996,24,0,data_driven_batch_percentile_thresholds
615,2025-12-11 04:52:32,2025-12-11 04:53:31,RUBIALES,False,RUBIALES,29.2149990149892,0.9999999999999996,24,0,data_driven_batch_percentile_thresholds
616,2025-12-11 04:53:32,2025-12-11 04:54:31,RUBIALES,False,RUBIALES,28.16812397292044,0.9999999999999996,24,0,data_driven_batch_percentile_thresholds
617,2025-12-11 04:54:32,2025-12-11 04:55:31,RUBIALES,False,RUBIALES,28.586034991216344,0.9999999999999996,24,0,data_driven_batch_percentile_thresholds
618,2025-12-11 04:55:32,2025-12-11 04:56:31,RUBIALES,False,RUBIALES,28.773273292294206,0.9999999999999996,24,0,data_driven_batch_percentile_thresholds
619,2025-12-11 04:56:32,2025-12-11 04:57:31,RUBIALES,False,RUBIALES,28.87183934984312,0.9999999999999996,24,0,data_driven_batch_percentile_thresholds
620,2025-12-11 04:57:32,2025-12-11 04:58:31,RUBIALES,False,RUBIALES,26.785486669938724,0.9999999999999996,24,0,data_driven_batch_percentile_thresholds
621,2025-12-11 04:58:32,2025-12-11 04:59:31,RUBIALES,False,RUBIALES,26.11215265433884,0.9999999999999996,24,0,data_driven_batch_percentile_thresholds
622,2025-12-11 04:59:32,2025-12-11 05:00:31,RUBIALES,False,RUBIALES,30.62541315715702,0.9999999999999996,24,0,data_driven_batch_percentile_thresholds
623,2025-12-11 05:00:32,2025-12-11 05:01:31,RUBIALES,False,RUBIALES,27.095091788423595,0.9999999999999996,24,0,data_driven_batch_percentile_thresholds
624,2025-12-11 05:01:32,2025-12-11 05:02:31,RUBIALES,False,RUBIALES,24.4893461209504,0.9999999999999996,24,0,data_driven_batch_percentile_thresholds
625,2025-12-11 05:02:32,2025-12-11 05:03:31,RUBIALES,False,RUBIALES,19.65676168427108,0.9999999999999996,24,0,data_driven_batch_percentile_thresholds
626,2025-12-11 05:03:32,2025-12-11 05:04:31,RUBIALES,False,RUBIALES,20.469035257459566,0.9999999999999996,24,0,data_driven_batch_percentile_thresholds
627,2025-12-11 05:04:32,2025-12-11 05:05:31,RUBIALES,False,RUBIALES,19.64831833845824,0.9999999999999996,24,0,data_driven_batch_percentile_thresholds
628,2025-12-11 05:05:32,2025-12-11 05:06:31,RUBIALES,False,RUBIALES,19.10407351772616,0.9999999999999996,24,0,data_driven_batch_percentile_thresholds
629,2025-12-11 05:06:32,2025-12-11 05:07:31,RUBIALES,False,RUBIALES,20.353293004450936,0.9999999999999996,24,0,data_driven_batch_percentile_thresholds
630,2025-12-11 05:07:32,2025-12-11 05:08:31,RUBIALES,False,RUBIALES,23.021886544623825,0.9999999999999996,24,0,data_driven_batch_percentile_thresholds
631,2025-12-11 05:08:32,2025-12-11 05:09:31,RUBIALES,False,RUBIALES,23.34329474536485,0.9999999999999996,24,0,data_driven_batch_percentile_thresholds
632,2025-12-11 05:09:32,2025-12-11 05:10:31,RUBIALES,False,RUBIALES,20.10195763182103,0.9999999999999996,24,0,data_driven_batch_percentile_thresholds
633,2025-12-11 05:10:32,2025-12-11 05:11:31,RUBIALES,False,RUBIALES,20.73614783861284,0.9999999999999996,24,0,data_driven_batch_percentile_thresholds
634,2025-12-11 05:11:32,2025-12-11 05:12:31,RUBIALES,False,RUBIALES,24.038273035836337,0.9999999999999996,24,0,data_driven_batch_percentile_thresholds
635,2025-12-11 05:12:32,2025-12-11 05:13:31,RUBIALES,False,RUBIALES,23.856117637708817,0.9999999999999996,24,0,data_driven_batch_percentile_thresholds
636,2025-12-11 05:13:32,2025-12-11 05:14:31,RUBIALES,False,RUBIALES,21.837891701477957,0.9999999999999996,24,0,data_driven_batch_percentile_thresholds
637,2025-12-11 05:14:32,2025-12-11 05:15:31,RUBIALES,False,RUBIALES,24.24015240819943,0.9999999999999996,24,0,data_driven_batch_percentile_thresholds
638,2025-12-11 05:15:32,2025-12-11 05:16:31,RUBIALES,False,RUBIALES,24.7197499881183,0.9999999999999996,24,0,data_driven_batch_percentile_thresholds
639,2025-12-11 05:16:32,2025-12-11 05:17:31,RUBIALES,False,RUBIALES,23.47647310767324,0.9999999999999996,24,0,data_driven_batch_percentile_thresholds
640,2025-12-11 05:17:32,2025-12-11 05:18:31,RUBIALES,False,RUBIALES,23.01831442743749,0.9999999999999996,24,0,data_driven_batch_percentile_thresholds
641,2025-12-11 05:18:32,2025-12-11 05:19:31,RUBIALES,False,RUBIALES,22.44536276581572,0.9999999999999996,24,0,data_driven_batch_percentile_thresholds
642,2025-12-11 05:19:32,2025-12-11 05:20:31,RUBIALES,False,RUBIALES,23.709497602957956,0.9999999999999996,24,0,data_driven_batch_percentile_thresholds
643,2025-12-11 05:20:32,2025-12-11 05:21:31,RUBIALES,False,RUBIALES,24.395101291917676,0.9999999999999996,24,0,data_driven_batch_percentile_thresholds
644,2025-12-11 05:21:32,2025-12-11 05:22:31,RUBIALES,False,RUBIALES,24.170992415103957,0.9999999999999996,24,0,data_driven_batch_percentile_thresholds
645,2025-12-11 05:22:32,2025-12-11 05:23:31,RUBIALES,False,RUBIALES,25.37415988408373,0.9999999999999996,24,0,data_driven_batch_percentile_thresholds
646,2025-12-11 05:23:32,2025-12-11 05:24:31,RUBIALES,False,RUBIALES,24.11681769419296,0.9999999999999996,24,0,data_driven_batch_percentile_thresholds
647,2025-12-11 05:24:32,2025-12-11 05:25:31,RUBIALES,False,RUBIALES,22.76975659660067,0.9999999999999996,24,0,data_driven_batch_percentile_thresholds
648,2025-12-11 05:25:32,2025-12-11 05:26:31,RUBIALES,False,RUBIALES,21.87434855655785,0.9999999999999996,24,0,data_driven_batch_percentile_thresholds
649,2025-12-11 05:26:32,2025-12-11 05:27:31,RUBIALES,False,RUBIALES,18.89623968534102,0.9999999999999996,24,0,data_driven_batch_percentile_thresholds
650,2025-12-11 05:27:32,2025-12-11 05:28:31,RUBIALES,False,RUBIALES,21.709484810866144,0.9999999999999996,24,0,data_driven_batch_percentile_thresholds
651,2025-12-11 05:28:32,2025-12-11 05:29:31,RUBIALES,False,RUBIALES,22.681264763203263,0.9999999999999996,24,0,data_driven_batch_percentile_thresholds
652,2025-12-11 05:29:32,2025-12-11 05:30:31,RUBIALES,False,RUBIALES,20.845530013590004,0.9999999999999996,24,0,data_driven_batch_percentile_thresholds
653,2025-12-11 05:30:32,2025-12-11 05:31:31,RUBIALES,False,RUBIALES,21.91049397547887,0.9999999999999996,24,0,data_driven_batch_percentile_thresholds
654,2025-12-11 05:31:32,2025-12-11 05:32:31,RUBIALES,False,RUBIALES,23.6010475081329,0.9999999999999996,24,0,data_driven_batch_percentile_thresholds
655,2025-12-11 05:32:32,2025-12-11 05:33:31,RUBIALES,False,RUBIALES,22.638032887315024,0.9999999999999996,24,0,data_driven_batch_percentile_thresholds
656,2025-12-11 05:33:32,2025-12-11 05:34:31,RUBIALES,False,RUBIALES,22.875849869614328,0.9999999999999996,24,0,data_driven_batch_percentile_thresholds
657,2025-12-11 05:34:32,2025-12-11 05:35:31,RUBIALES,False,RUBIALES,23.26311465008241,0.9999999999999996,24,0,data_driven_batch_percentile_thresholds
658,2025-12-11 05:35:32,2025-12-11 05:36:31,RUBIALES,False,RUBIALES,26.3633521146756,0.9999999999999996,24,0,data_driven_batch_percentile_thresholds
659,2025-12-11 05:36:32,2025-12-11 05:37:31,RUBIALES,False,RUBIALES,23.676295391834586,0.9999999999999996,24,0,data_driven_batch_percentile_thresholds
660,2025-12-11 05:37:32,2025-12-11 05:38:31,RUBIALES,False,RUBIALES,24.785055862410594,0.9999999999999996,24,0,data_driven_batch_percentile_thresholds
661,2025-12-11 05:38:32,2025-12-11 05:39:31,RUBIALES,False,RUBIALES,23.45273387390626,0.9999999999999996,24,0,data_driven_batch_percentile_thresholds
662,2025-12-11 05:39:32,2025-12-11 05:40:31,RUBIALES,False,RUBIALES,25.459805386222232,0.9999999999999996,24,0,data_driven_batch_percentile_thresholds
663,2025-12-11 05:40:32,2025-12-11 05:41:31,RUBIALES,False,RUBIALES,24.107905785459607,0.9999999999999996,24,0,data_driven_batch_percentile_thresholds
664,2025-12-11 05:41:32,2025-12-11 05:42:31,RUBIALES,False,RUBIALES,21.448678947739182,0.9999999999999996,24,0,data_driven_batch_percentile_thresholds
665,2025-12-11 05:42:32,2025-12-11 05:43:31,RUBIALES,False,RUBIALES,22.697207761143822,0.9999999999999996,24,0,data_driven_batch_percentile_thresholds
666,2025-12-11 05:43:32,2025-12-11 05:44:31,RUBIALES,False,RUBIALES,26.14123448693975,0.9999999999999996,24,0,data_driven_batch_percentile_thresholds
667,2025-12-11 05:44:32,2025-12-11 05:45:31,RUBIALES,False,RUBIALES,22.864925025219524,0.9999999999999996,24,0,data_driven_batch_percentile_thresholds
668,2025-12-11 05:45:32,2025-12-11 05:46:31,RUBIALES,False,RUBIALES,25.49453054732735,0.9999999999999996,24,0,data_driven_batch_percentile_thresholds
669,2025-12-11 05:46:32,2025-12-11 05:47:31,RUBIALES,False,RUBIALES,22.714774751465853,0.9999999999999996,24,0,data_driven_batch_percentile_thresholds
670,2025-12-11 05:47:32,2025-12-11 05:48:31,RUBIALES,False,RUBIALES,24.861928456850578,0.9999999999999996,24,0,data_driven_batch_percentile_thresholds
671,2025-12-11 05:48:32,2025-12-11 05:49:31,RUBIALES,False,RUBIALES,27.72199614187334,0.9999999999999996,24,0,data_driven_batch_percentile_thresholds
672,2025-12-11 05:49:32,2025-12-11 05:50:31,RUBIALES,False,RUBIALES,23.30442442957026,0.9999999999999996,24,0,data_driven_batch_percentile_thresholds
673,2025-12-11 05:50:32,2025-12-11 05:51:31,RUBIALES,False,RUBIALES,21.0407223818616,0.9999999999999996,24,0,data_driven_batch_percentile_thresholds
674,2025-12-11 05:51:32,2025-12-11 05:52:31,RUBIALES,False,RUBIALES,21.48364007681181,0.9999999999999996,24,0,data_driven_batch_percentile_thresholds
675,2025-12-11 05:52:32,2025-12-11 05:53:31,RUBIALES,False,RUBIALES,23.106071988808207,0.9999999999999996,24,0,data_driven_batch_percentile_thresholds
676,2025-12-11 05:53:32,2025-12-11 05:54:31,RUBIALES,False,RUBIALES,28.24217589126789,0.9999999999999996,24,0,data_driven_batch_percentile_thresholds
677,2025-12-11 05:54:32,2025-12-11 05:55:31,RUBIALES,False,RUBIALES,21.25099349233774,0.9999999999999996,24,0,data_driven_batch_percentile_thresholds
678,2025-12-11 05:55:32,2025-12-11 05:56:31,RUBIALES,False,RUBIALES,23.53212166281028,0.9999999999999996,24,0,data_driven_batch_percentile_thresholds
679,2025-12-11 05:56:32,2025-12-11 05:57:31,RUBIALES,False,RUBIALES,23.212516538920752,0.9999999999999996,24,0,data_driven_batch_percentile_thresholds
680,2025-12-11 05:57:32,2025-12-11 05:58:31,RUBIALES,False,RUBIALES,23.55877541670294,0.9999999999999996,24,0,data_driven_batch_percentile_thresholds
681,2025-12-11 05:58:32,2025-12-11 05:59:31,RUBIALES,False,RUBIALES,23.982588005417465,0.9999999999999996,24,0,data_driven_batch_percentile_thresholds
682,2025-12-11 05:59:32,2025-12-11 06:00:31,RUBIALES,False,RUBIALES,23.23613758391266,0.9999999999999996,24,0,data_driven_batch_percentile_thresholds
683,2025-12-11 06:00:32,2025-12-11 06:01:31,RUBIALES,False,RUBIALES,25.953283894496547,0.9999999999999996,24,0,data_driven_batch_percentile_thresholds
684,2025-12-11 06:01:32,2025-12-11 06:02:31,RUBIALES,False,RUBIALES,34.46638784353697,0.9999999999999996,24,0,data_driven_batch_percentile_thresholds
685,2025-12-11 06:02:32,2025-12-11 06:03:31,RUBIALES,False,RUBIALES,37.8988356522048,0.9999999999999996,24,0,data_driven_batch_percentile_thresholds
686,2025-12-11 06:03:32,2025-12-11 06:04:31,RUBIALES,False,RUBIALES,41.58769653090684,0.9999999999999996,24,0,data_driven_batch_percentile_thresholds
687,2025-12-11 06:04:32,2025-12-11 06:05:31,RUBIALES,False,RUBIALES,28.56670547902956,0.9999999999999996,24,0,data_driven_batch_percentile_thresholds
688,2025-12-11 06:05:32,2025-12-11 06:06:31,RUBIALES,False,RUBIALES,31.889619412768205,0.9999999999999996,24,0,data_driven_batch_percentile_thresholds
689,2025-12-11 06:06:32,2025-12-11 06:07:31,RUBIALES,False,RUBIALES,28.45288136501001,0.9999999999999996,24,0,data_driven_batch_percentile_thresholds
690,2025-12-11 06:07:32,2025-12-11 06:08:31,RUBIALES,False,RUBIALES,27.13577330051494,0.9999999999999996,24,0,data_driven_batch_percentile_thresholds
691,2025-12-11 06:08:32,2025-12-11 06:09:31,RUBIALES,False,RUBIALES,19.173845536060096,0.9999999999999996,24,0,data_driven_batch_percentile_thresholds
692,2025-12-11 06:09:32,2025-12-11 06:10:31,RUBIALES,False,RUBIALES,18.394992708988617,0.9999999999999996,24,0,data_driven_batch_percentile_thresholds
693,2025-12-11 06:10:32,2025-12-11 06:11:31,RUBIALES,False,RUBIALES,20.80954114494474,0.9999999999999996,24,0,data_driven_batch_percentile_thresholds
694,2025-12-11 06:11:32,2025-12-11 06:12:31,RUBIALES,False,RUBIALES,22.00708316457298,0.9999999999999996,24,0,data_driven_batch_percentile_thresholds
695,2025-12-11 06:12:32,2025-12-11 06:13:31,RUBIALES,False,RUBIALES,19.913489069932098,0.9999999999999996,24,0,data_driven_batch_percentile_thresholds
696,2025-12-11 06:13:32,2025-12-11 06:14:31,RUBIALES,False,RUBIALES,17.587619463572526,0.9999999999999996,24,0,data_driven_batch_percentile_thresholds
697,2025-12-11 06:14:32,2025-12-11 06:15:31,RUBIALES,False,RUBIALES,20.701734759945545,0.9999999999999996,24,0,data_driven_batch_percentile_thresholds
698,2025-12-11 06:15:32,2025-12-11 06:16:31,RUBIALES,False,RUBIALES,19.23763072122208,0.9999999999999996,24,0,data_driven_batch_percentile_thresholds
699,2025-12-11 06:16:32,2025-12-11 06:17:31,RUBIALES,False,RUBIALES,20.158911554700925,0.9999999999999996,24,0,data_driven_batch_percentile_thresholds
700,2025-12-11 06:17:32,2025-12-11 06:18:31,RUBIALES,False,RUBIALES,21.784412109208755,0.9999999999999996,24,0,data_driven_batch_percentile_thresholds
701,2025-12-11 06:18:32,2025-12-11 06:19:31,RUBIALES,False,RUBIALES,20.71916237469513,0.9999999999999996,24,0,data_driven_batch_percentile_thresholds
702,2025-12-11 06:19:32,2025-12-11 06:20:31,RUBIALES,False,RUBIALES,14.613318466596128,0.9999999999999996,24,0,data_driven_batch_percentile_thresholds
703,2025-12-11 06:20:32,2025-12-11 06:21:31,RUBIALES,False,RUBIALES,19.53792345781899,0.9999999999999996,24,0,data_driven_batch_percentile_thresholds
704,2025-12-11 06:21:32,2025-12-11 06:22:31,RUBIALES,False,RUBIALES,19.250402693841224,0.9999999999999996,24,0,data_driven_batch_percentile_thresholds
705,2025-12-11 06:22:32,2025-12-11 06:23:31,RUBIALES,False,RUBIALES,17.866305785723895,0.9999999999999996,24,0,data_driven_batch_percentile_thresholds
706,2025-12-11 06:23:32,2025-12-11 06:24:31,RUBIALES,False,RUBIALES,18.13172055049501,0.9999999999999996,24,0,data_driven_batch_percentile_thresholds
707,2025-12-11 06:24:32,2025-12-11 06:25:31,RUBIALES,False,RUBIALES,16.823203467800138,0.9999999999999996,24,0,data_driven_batch_percentile_thresholds
708,2025-12-11 06:25:32,2025-12-11 06:26:31,RUBIALES,False,RUBIALES,14.886327611586484,0.9999999999999996,24,0,data_driven_batch_percentile_thresholds
709,2025-12-11 06:26:32,2025-12-11 06:27:31,RUBIALES,False,RUBIALES,16.44994082455881,0.9999999999999996,24,0,data_driven_batch_percentile_thresholds
710,2025-12-11 06:27:32,2025-12-11 06:28:31,RUBIALES,False,RUBIALES,20.497470822290147,0.9999999999999996,24,0,data_driven_batch_percentile_thresholds
711,2025-12-11 06:28:32,2025-12-11 06:29:31,RUBIALES,False,RUBIALES,18.586495819911967,0.9999999999999996,24,0,data_driven_batch_percentile_thresholds
712,2025-12-11 06:29:32,2025-12-11 06:30:31,RUBIALES,False,RUBIALES,18.37015452716992,0.9999999999999996,24,0,data_driven_batch_percentile_thresholds
713,2025-12-11 06:30:32,2025-12-11 06:31:31,RUBIALES,False,RUBIALES,23.97195043244748,0.9999999999999996,24,0,data_driven_batch_percentile_thresholds
714,2025-12-11 06:31:32,2025-12-11 06:32:31,RUBIALES,False,RUBIALES,21.094828205745557,0.9999999999999996,24,0,data_driven_batch_percentile_thresholds
715,2025-12-11 06:32:32,2025-12-11 06:33:31,RUBIALES,False,RUBIALES,21.23435796274891,0.9999999999999996,24,0,data_driven_batch_percentile_thresholds
716,2025-12-11 06:33:32,2025-12-11 06:34:31,RUBIALES,False,RUBIALES,21.75901056885665,0.9999999999999996,24,0,data_driven_batch_percentile_thresholds
717,2025-12-11 06:34:32,2025-12-11 06:35:31,RUBIALES,False,RUBIALES,21.888940373420304,0.9999999999999996,24,0,data_driven_batch_percentile_thresholds
718,2025-12-11 06:35:32,2025-12-11 06:36:31,RUBIALES,False,RUBIALES,20.22010679798048,0.9999999999999996,24,0,data_driven_batch_percentile_thresholds
719,2025-12-11 06:36:32,2025-12-11 06:37:31,RUBIALES,False,RUBIALES,17.512500936979816,0.9999999999999996,24,0,data_driven_batch_percentile_thresholds
720,2025-12-11 06:37:32,2025-12-11 06:38:31,RUBIALES,False,RUBIALES,19.83880856625604,0.9999999999999996,24,0,data_driven_batch_percentile_thresholds
721,2025-12-11 06:38:32,2025-12-11 06:39:31,RUBIALES,False,RUBIALES,19.10560333704635,0.9999999999999996,24,0,data_driven_batch_percentile_thresholds
722,2025-12-11 06:39:32,2025-12-11 06:40:31,RUBIALES,False,RUBIALES,18.80789562090992,0.9999999999999996,24,0,data_driven_batch_percentile_thresholds
723,2025-12-11 06:40:32,2025-12-11 06:41:31,RUBIALES,False,RUBIALES,17.020046855005834,0.9999999999999996,24,0,data_driven_batch_percentile_thresholds
724,2025-12-11 06:41:32,2025-12-11 06:42:31,RUBIALES,False,RUBIALES,17.381073998213743,0.9999999999999996,24,0,data_driven_batch_percentile_thresholds
725,2025-12-11 06:42:32,2025-12-11 06:43:31,RUBIALES,False,RUBIALES,18.408539058289357,0.9999999999999996,24,0,data_driven_batch_percentile_thresholds
726,2025-12-11 06:43:32,2025-12-11 06:44:31,RUBIALES,False,RUBIALES,17.57289869804895,0.9999999999999996,24,0,data_driven_batch_percentile_thresholds
727,2025-12-11 06:44:32,2025-12-11 06:45:31,RUBIALES,False,RUBIALES,16.376255776036906,0.9999999999999996,24,0,data_driven_batch_percentile_thresholds
728,2025-12-11 06:45:32,2025-12-11 06:46:31,RUBIALES,False,RUBIALES,17.08475485737562,0.9999999999999996,24,0,data_driven_batch_percentile_thresholds
729,2025-12-11 06:46:32,2025-12-11 06:47:31,RUBIALES,False,RUBIALES,13.977467869247429,0.9999999999999996,24,0,data_driven_batch_percentile_thresholds
730,2025-12-11 06:47:32,2025-12-11 06:48:31,RUBIALES,False,RUBIALES,17.72945431130456,0.9999999999999996,24,0,data_driven_batch_percentile_thresholds
731,2025-12-11 06:48:32,2025-12-11 06:49:31,RUBIALES,False,RUBIALES,15.74925639316511,0.9999999999999996,24,0,data_driven_batch_percentile_thresholds
732,2025-12-11 06:49:32,2025-12-11 06:50:31,RUBIALES,False,RUBIALES,15.92712674615274,0.9999999999999996,24,0,data_driven_batch_percentile_thresholds
733,2025-12-11 06:50:32,2025-12-11 06:51:31,RUBIALES,False,RUBIALES,16.715723129550074,0.9999999999999996,24,0,data_driven_batch_percentile_thresholds
734,2025-12-11 06:51:32,2025-12-11 06:52:31,RUBIALES,False,RUBIALES,17.648027941895112,0.9999999999999996,24,0,data_driven_batch_percentile_thresholds
735,2025-12-11 06:52:32,2025-12-11 06:53:31,RUBIALES,False,RUBIALES,13.1095879985311,0.9999999999999996,24,0,data_driven_batch_percentile_thresholds
736,2025-12-11 06:53:32,2025-12-11 06:54:31,RUBIALES,False,RUBIALES,15.648003619528748,0.9999999999999996,24,0,data_driven_batch_percentile_thresholds
737,2025-12-11 06:54:32,2025-12-11 06:55:31,RUBIALES,False,RUBIALES,15.314185268359331,0.9999999999999996,24,0,data_driven_batch_percentile_thresholds
738,2025-12-11 06:55:32,2025-12-11 06:56:31,RUBIALES,False,RUBIALES,18.336500743199707,0.9999999999999996,24,0,data_driven_batch_percentile_thresholds
739,2025-12-11 06:56:32,2025-12-11 06:57:31,RUBIALES,False,RUBIALES,19.4452742187499,0.9999999999999996,24,0,data_driven_batch_percentile_thresholds
740,2025-12-11 06:57:32,2025-12-11 06:58:31,RUBIALES,False,RUBIALES,19.873356774920826,0.9999999999999996,24,0,data_driven_batch_percentile_thresholds
741,2025-12-11 06:58:32,2025-12-11 06:59:31,RUBIALES,False,RUBIALES,21.99625752441316,0.9999999999999996,24,0,data_driven_batch_percentile_thresholds
742,2025-12-11 06:59:32,2025-12-11 07:00:31,RUBIALES,False,RUBIALES,15.518795315430678,0.9999999999999996,24,0,data_driven_batch_percentile_thresholds
743,2025-12-11 07:00:32,2025-12-11 07:01:31,RUBIALES,False,RUBIALES,19.8825571180024,0.9999999999999996,24,0,data_driven_batch_percentile_thresholds
744,2025-12-11 07:01:32,2025-12-11 07:02:31,RUBIALES,False,RUBIALES,20.05589520038646,0.9999999999999996,24,0,data_driven_batch_percentile_thresholds
745,2025-12-11 07:02:32,2025-12-11 07:03:31,RUBIALES,False,RUBIALES,20.38776344477245,0.9999999999999996,24,0,data_driven_batch_percentile_thresholds
746,2025-12-11 07:03:32,2025-12-11 07:04:31,RUBIALES,False,RUBIALES,18.264019740998226,0.9999999999999996,24,0,data_driven_batch_percentile_thresholds
747,2025-12-11 07:04:32,2025-12-11 07:05:31,RUBIALES,False,RUBIALES,19.148285072299814,0.9999999999999996,24,0,data_driven_batch_percentile_thresholds
748,2025-12-11 07:05:32,2025-12-11 07:06:31,RUBIALES,False,RUBIALES,16.490540118360933,0.9999999999999996,24,0,data_driven_batch_percentile_thresholds
749,2025-12-11 07:06:32,2025-12-11 07:07:31,RUBIALES,False,RUBIALES,23.51068735514523,0.9999999999999996,24,0,data_driven_batch_percentile_thresholds
750,2025-12-11 07:07:32,2025-12-11 07:08:31,RUBIALES,False,RUBIALES,19.689734077127152,0.9999999999999996,24,0,data_driven_batch_percentile_thresholds
751,2025-12-11 07:08:32,2025-12-11 07:09:31,RUBIALES,False,RUBIALES,20.375539063778955,0.9999999999999996,24,0,data_driven_batch_percentile_thresholds
752,2025-12-11 07:09:32,2025-12-11 07:10:31,RUBIALES,False,RUBIALES,20.42937258910585,0.9999999999999996,24,0,data_driven_batch_percentile_thresholds
753,2025-12-11 07:10:32,2025-12-11 07:11:31,RUBIALES,False,RUBIALES,18.47152567130092,0.9999999999999996,24,0,data_driven_batch_percentile_thresholds
754,2025-12-11 07:11:32,2025-12-11 07:12:31,RUBIALES,False,RUBIALES,19.9804203898806,0.9999999999999996,24,0,data_driven_batch_percentile_thresholds
755,2025-12-11 07:12:32,2025-12-11 07:13:31,RUBIALES,False,RUBIALES,19.66820662990349,0.9999999999999996,24,0,data_driven_batch_percentile_thresholds
756,2025-12-11 07:13:32,2025-12-11 07:14:31,RUBIALES,False,RUBIALES,21.487913636527928,0.9999999999999996,24,0,data_driven_batch_percentile_thresholds
757,2025-12-11 07:14:32,2025-12-11 07:15:31,RUBIALES,False,RUBIALES,21.581077591465014,0.9999999999999996,24,0,data_driven_batch_percentile_thresholds
758,2025-12-11 07:15:32,2025-12-11 07:16:31,RUBIALES,False,RUBIALES,21.240337102333605,0.9999999999999996,24,0,data_driven_batch_percentile_thresholds
759,2025-12-11 07:16:32,2025-12-11 07:17:31,RUBIALES,False,RUBIALES,20.73830954763889,0.9999999999999996,24,0,data_driven_batch_percentile_thresholds
760,2025-12-11 07:17:32,2025-12-11 07:18:31,RUBIALES,False,RUBIALES,16.31123558341075,0.9999999999999996,24,0,data_driven_batch_percentile_thresholds
761,2025-12-11 07:18:32,2025-12-11 07:19:31,RUBIALES,False,RUBIALES,18.12519502532132,0.9999999999999996,24,0,data_driven_batch_percentile_thresholds
762,2025-12-11 07:19:32,2025-12-11 07:20:31,RUBIALES,False,RUBIALES,17.73800701327258,0.9999999999999996,24,0,data_driven_batch_percentile_thresholds
763,2025-12-11 07:20:32,2025-12-11 07:21:31,RUBIALES,False,RUBIALES,16.822661143467748,0.9999999999999996,24,0,data_driven_batch_percentile_thresholds
764,2025-12-11 07:21:32,2025-12-11 07:22:31,RUBIALES,False,RUBIALES,20.05545973147753,0.9999999999999996,24,0,data_driven_batch_percentile_thresholds
765,2025-12-11 07:22:32,2025-12-11 07:23:31,RUBIALES,False,RUBIALES,23.556150770817624,0.9999999999999996,24,0,data_driven_batch_percentile_thresholds
766,2025-12-11 07:23:32,2025-12-11 07:24:31,RUBIALES,False,RUBIALES,24.39009000518841,0.9999999999999996,24,0,data_driven_batch_percentile_thresholds
767,2025-12-11 07:24:32,2025-12-11 07:25:31,RUBIALES,False,RUBIALES,16.946764521511664,0.9999999999999996,24,0,data_driven_batch_percentile_thresholds
768,2025-12-11 07:25:32,2025-12-11 07:26:31,RUBIALES,False,RUBIALES,17.829586065532038,0.9999999999999996,24,0,data_driven_batch_percentile_thresholds
769,2025-12-11 07:26:32,2025-12-11 07:27:31,RUBIALES,False,RUBIALES,18.525376793814964,0.9999999999999996,24,0,data_driven_batch_percentile_thresholds
770,2025-12-11 07:27:32,2025-12-11 07:28:31,RUBIALES,False,RUBIALES,19.71844351604745,0.9999999999999996,24,0,data_driven_batch_percentile_thresholds
771,2025-12-11 07:28:32,2025-12-11 07:29:31,RUBIALES,False,RUBIALES,15.833427767046803,0.9999999999999996,24,0,data_driven_batch_percentile_thresholds
772,2025-12-11 07:29:32,2025-12-11 07:30:31,RUBIALES,False,RUBIALES,19.53613125030609,0.9999999999999996,24,0,data_driven_batch_percentile_thresholds
773,2025-12-11 07:30:32,2025-12-11 07:31:31,RUBIALES,False,RUBIALES,20.309935745299686,0.9999999999999996,24,0,data_driven_batch_percentile_thresholds
774,2025-12-11 07:31:32,2025-12-11 07:32:31,RUBIALES,False,RUBIALES,19.31561659796834,0.9999999999999996,24,0,data_driven_batch_percentile_thresholds
775,2025-12-11 07:32:32,2025-12-11 07:33:31,RUBIALES,False,RUBIALES,20.01450701030897,0.9999999999999996,24,0,data_driven_batch_percentile_thresholds
776,2025-12-11 07:33:32,2025-12-11 07:34:31,RUBIALES,False,RUBIALES,22.44596288062636,0.9999999999999996,24,0,data_driven_batch_percentile_thresholds
777,2025-12-11 07:34:32,2025-12-11 07:35:31,RUBIALES,False,RUBIALES,19.409983192733574,0.9999999999999996,24,0,data_driven_batch_percentile_thresholds
778,2025-12-11 07:35:32,2025-12-11 07:36:31,RUBIALES,False,RUBIALES,19.333365791520706,0.9999999999999996,24,0,data_driven_batch_percentile_thresholds
779,2025-12-11 07:36:32,2025-12-11 07:37:31,RUBIALES,False,RUBIALES,18.402322737655854,0.9999999999999996,24,0,data_driven_batch_percentile_thresholds
780,2025-12-11 07:37:32,2025-12-11 07:38:31,RUBIALES,False,RUBIALES,15.098022589362412,0.9999999999999996,24,0,data_driven_batch_percentile_thresholds
781,2025-12-11 07:38:32,2025-12-11 07:39:31,RUBIALES,False,RUBIALES,15.42769385550476,0.9999999999999996,24,0,data_driven_batch_percentile_thresholds
782,2025-12-11 07:39:32,2025-12-11 07:40:31,RUBIALES,False,RUBIALES,15.982601263317198,0.9999999999999996,24,0,data_driven_batch_percentile_thresholds
783,2025-12-11 07:40:32,2025-12-11 07:41:31,RUBIALES,False,RUBIALES,13.903996120435531,0.9999999999999996,24,0,data_driven_batch_percentile_thresholds
784,2025-12-11 07:41:32,2025-12-11 07:42:31,RUBIALES,False,RUBIALES,17.44547642369179,0.9999999999999996,24,0,data_driven_batch_percentile_thresholds
785,2025-12-11 07:42:32,2025-12-11 07:43:31,RUBIALES,False,RUBIALES,16.943777469393556,0.9999999999999996,24,0,data_driven_batch_percentile_thresholds
786,2025-12-11 07:43:32,2025-12-11 07:44:31,RUBIALES,False,RUBIALES,19.228371453935956,0.9999999999999996,24,0,data_driven_batch_percentile_thresholds
787,2025-12-11 07:44:32,2025-12-11 07:45:31,RUBIALES,False,RUBIALES,16.12900292261288,0.9999999999999996,24,0,data_driven_batch_percentile_thresholds
788,2025-12-11 07:45:32,2025-12-11 07:46:31,RUBIALES,False,RUBIALES,20.982586379785573,0.9999999999999996,24,0,data_driven_batch_percentile_thresholds
789,2025-12-11 07:46:32,2025-12-11 07:47:31,RUBIALES,False,RUBIALES,18.386309197245847,0.9999999999999996,24,0,data_driven_batch_percentile_thresholds
790,2025-12-11 07:47:32,2025-12-11 07:48:31,RUBIALES,False,RUBIALES,21.635339254737858,0.9999999999999996,24,0,data_driven_batch_percentile_thresholds
791,2025-12-11 07:48:32,2025-12-11 07:49:31,RUBIALES,False,RUBIALES,22.95860163126465,0.9999999999999996,24,0,data_driven_batch_percentile_thresholds
792,2025-12-11 07:49:32,2025-12-11 07:50:31,RUBIALES,False,RUBIALES,21.427686002507503,0.9999999999999996,24,0,data_driven_batch_percentile_thresholds
793,2025-12-11 07:50:32,2025-12-11 07:51:31,RUBIALES,False,RUBIALES,21.78392364127531,0.9999999999999996,24,0,data_driven_batch_percentile_thresholds
794,2025-12-11 07:51:32,2025-12-11 07:52:31,RUBIALES,False,RUBIALES,20.712277238257663,0.9999999999999996,24,0,data_driven_batch_percentile_thresholds
795,2025-12-11 07:52:32,2025-12-11 07:53:31,RUBIALES,False,RUBIALES,18.079619538024765,0.9999999999999996,24,0,data_driven_batch_percentile_thresholds
796,2025-12-11 07:53:32,2025-12-11 07:54:31,RUBIALES,False,RUBIALES,21.66496931605828,0.9999999999999996,24,0,data_driven_batch_percentile_thresholds
797,2025-12-11 07:54:32,2025-12-11 07:55:31,RUBIALES,False,RUBIALES,19.588617291617027,0.9999999999999996,24,0,data_driven_batch_percentile_thresholds
798,2025-12-11 07:55:32,2025-12-11 07:56:31,RUBIALES,False,RUBIALES,22.46189912090457,0.9999999999999996,24,0,data_driven_batch_percentile_thresholds
799,2025-12-11 07:56:32,2025-12-11 07:57:31,RUBIALES,False,RUBIALES,19.62515275820902,0.9999999999999996,24,0,data_driven_batch_percentile_thresholds
800,2025-12-11 07:57:32,2025-12-11 07:58:31,RUBIALES,False,RUBIALES,19.9102457715836,0.9999999999999996,24,0,data_driven_batch_percentile_thresholds
801,2025-12-11 07:58:32,2025-12-11 07:59:31,RUBIALES,False,RUBIALES,19.48032536113819,0.9999999999999996,24,0,data_driven_batch_percentile_thresholds
802,2025-12-11 07:59:32,2025-12-11 08:00:31,RUBIALES,False,RUBIALES,21.982027910304343,0.9999999999999996,24,0,data_driven_batch_percentile_thresholds
803,2025-12-11 08:00:32,2025-12-11 08:01:31,RUBIALES,False,RUBIALES,24.501704613338408,0.9999999999999996,24,0,data_driven_batch_percentile_thresholds
804,2025-12-11 08:01:32,2025-12-11 08:02:31,RUBIALES,False,RUBIALES,24.26121766251012,0.9999999999999996,24,0,data_driven_batch_percentile_thresholds
805,2025-12-11 08:02:32,2025-12-11 08:03:31,RUBIALES,False,RUBIALES,27.68302785797074,0.9999999999999996,24,0,data_driven_batch_percentile_thresholds
806,2025-12-11 08:03:32,2025-12-11 08:04:31,RUBIALES,False,RUBIALES,26.62278230623077,0.9999999999999996,24,0,data_driven_batch_percentile_thresholds
807,2025-12-11 08:04:32,2025-12-11 08:05:31,RUBIALES,False,RUBIALES,19.95859454470389,0.9999999999999996,24,0,data_driven_batch_percentile_thresholds
808,2025-12-11 08:05:32,2025-12-11 08:06:31,RUBIALES,False,RUBIALES,21.22628277151801,0.9999999999999996,24,0,data_driven_batch_percentile_thresholds
809,2025-12-11 08:06:32,2025-12-11 08:07:31,RUBIALES,False,RUBIALES,21.233977543095836,0.9999999999999996,24,0,data_driven_batch_percentile_thresholds
810,2025-12-11 08:07:32,2025-12-11 08:08:31,RUBIALES,False,RUBIALES,19.059192194196683,0.9999999999999996,24,0,data_driven_batch_percentile_thresholds
811,2025-12-11 08:08:32,2025-12-11 08:09:31,RUBIALES,False,RUBIALES,22.14793847865256,0.9999999999999996,24,0,data_driven_batch_percentile_thresholds
812,2025-12-11 08:09:32,2025-12-11 08:10:31,RUBIALES,False,RUBIALES,19.129229061207703,0.9999999999999996,24,0,data_driven_batch_percentile_thresholds
813,2025-12-11 08:10:32,2025-12-11 08:11:31,RUBIALES,False,RUBIALES,20.74920661235955,0.9999999999999996,24,0,data_driven_batch_percentile_thresholds
814,2025-12-11 08:11:32,2025-12-11 08:12:31,RUBIALES,False,RUBIALES,18.885883434792376,0.9999999999999996,24,0,data_driven_batch_percentile_thresholds
815,2025-12-11 08:12:32,2025-12-11 08:13:31,RUBIALES,False,RUBIALES,18.06320681242148,0.9999999999999996,24,0,data_driven_batch_percentile_thresholds
816,2025-12-11 08:13:32,2025-12-11 08:14:31,RUBIALES,False,RUBIALES,26.82653727978624,0.9999999999999996,24,0,data_driven_batch_percentile_thresholds
817,2025-12-11 08:14:32,2025-12-11 08:15:31,RUBIALES,False,RUBIALES,23.55651521741345,0.9999999999999996,24,0,data_driven_batch_percentile_thresholds
818,2025-12-11 08:15:32,2025-12-11 08:16:31,RUBIALES,False,RUBIALES,29.30705510328951,0.9999999999999996,24,0,data_driven_batch_percentile_thresholds
819,2025-12-11 08:16:32,2025-12-11 08:17:31,RUBIALES,False,RUBIALES,21.453764847793035,0.9999999999999996,24,0,data_driven_batch_percentile_thresholds
820,2025-12-11 08:17:32,2025-12-11 08:18:31,RUBIALES,False,RUBIALES,20.339916249966397,0.9999999999999996,24,0,data_driven_batch_percentile_thresholds
821,2025-12-11 08:18:32,2025-12-11 08:19:31,RUBIALES,False,RUBIALES,21.771506393842667,0.9999999999999996,24,0,data_driven_batch_percentile_thresholds
822,2025-12-11 08:19:32,2025-12-11 08:20:31,RUBIALES,False,RUBIALES,22.271902889187583,0.9999999999999996,24,0,data_driven_batch_percentile_thresholds
823,2025-12-11 08:20:32,2025-12-11 08:21:31,RUBIALES,False,RUBIALES,20.496693948696475,0.9999999999999996,24,0,data_driven_batch_percentile_thresholds
824,2025-12-11 08:21:32,2025-12-11 08:22:31,RUBIALES,False,RUBIALES,19.90139149528865,0.9999999999999996,24,0,data_driven_batch_percentile_thresholds
825,2025-12-11 08:22:32,2025-12-11 08:23:31,RUBIALES,False,RUBIALES,19.87843841223473,0.9999999999999996,24,0,data_driven_batch_percentile_thresholds
826,2025-12-11 08:23:32,2025-12-11 08:24:31,RUBIALES,False,RUBIALES,18.64500388484735,0.9999999999999996,24,0,data_driven_batch_percentile_thresholds
827,2025-12-11 08:24:32,2025-12-11 08:25:31,RUBIALES,False,RUBIALES,19.16460584983405,0.9999999999999996,24,0,data_driven_batch_percentile_thresholds
828,2025-12-11 08:25:32,2025-12-11 08:26:31,RUBIALES,False,RUBIALES,21.415541267313003,0.9999999999999996,24,0,data_driven_batch_percentile_thresholds
829,2025-12-11 08:26:32,2025-12-11 08:27:31,RUBIALES,False,RUBIALES,21.403642481977798,0.9999999999999996,24,0,data_driven_batch_percentile_thresholds
830,2025-12-11 08:27:32,2025-12-11 08:28:31,RUBIALES,False,RUBIALES,20.12410373473199,0.9999999999999996,24,0,data_driven_batch_percentile_thresholds
831,2025-12-11 08:28:32,2025-12-11 08:29:31,RUBIALES,False,RUBIALES,20.51140520175916,0.9999999999999996,24,0,data_driven_batch_percentile_thresholds
832,2025-12-11 08:29:32,2025-12-11 08:30:31,RUBIALES,False,RUBIALES,19.86873916120405,0.9999999999999996,24,0,data_driven_batch_percentile_thresholds
833,2025-12-11 08:30:32,2025-12-11 08:31:31,RUBIALES,False,RUBIALES,21.50991400054198,0.9999999999999996,24,0,data_driven_batch_percentile_thresholds
834,2025-12-11 08:31:32,2025-12-11 08:32:31,RUBIALES,False,RUBIALES,23.659477046060857,0.9999999999999996,24,0,data_driven_batch_percentile_thresholds
835,2025-12-11 08:32:32,2025-12-11 08:33:31,RUBIALES,False,RUBIALES,20.44334062112286,0.9999999999999996,24,0,data_driven_batch_percentile_thresholds
836,2025-12-11 08:33:32,2025-12-11 08:34:31,RUBIALES,False,RUBIALES,28.645589163753723,0.9999999999999996,24,0,data_driven_batch_percentile_thresholds
837,2025-12-11 08:34:32,2025-12-11 08:35:31,RUBIALES,False,RUBIALES,17.733575342315763,0.9999999999999996,24,0,data_driven_batch_percentile_thresholds
838,2025-12-11 08:35:32,2025-12-11 08:36:31,RUBIALES,False,RUBIALES,16.60726383963043,0.9999999999999996,24,0,data_driven_batch_percentile_thresholds
839,2025-12-11 08:36:32,2025-12-11 08:37:31,RUBIALES,False,RUBIALES,19.321419197443483,0.9999999999999996,24,0,data_driven_batch_percentile_thresholds
840,2025-12-11 08:37:32,2025-12-11 08:38:31,RUBIALES,False,RUBIALES,19.55796980732175,0.9999999999999996,24,0,data_driven_batch_percentile_thresholds
841,2025-12-11 08:38:32,2025-12-11 08:39:31,RUBIALES,False,RUBIALES,23.17469316017629,0.9999999999999996,24,0,data_driven_batch_percentile_thresholds
842,2025-12-11 08:39:32,2025-12-11 08:40:31,RUBIALES,False,RUBIALES,20.712074915702605,0.9999999999999996,24,0,data_driven_batch_percentile_thresholds
843,2025-12-11 08:40:32,2025-12-11 08:41:31,RUBIALES,True,RUBIALES,21.948656775830287,0.9999999999999996,24,0,data_driven_batch_percentile_thresholds
845,2025-12-11 08:42:32,2025-12-11 08:43:31,CASTILLA,True,CASTILLA,32.611058709607654,0.9999999999999996,24,0,data_driven_batch_percentile_thresholds
846,2025-12-11 08:43:32,2025-12-11 08:44:31,CASTILLA,False,CASTILLA,32.982726355554874,0.9999999999999996,24,0,data_driven_batch_percentile_thresholds
847,2025-12-11 08:44:32,2025-12-11 08:45:31,CASTILLA,False,CASTILLA,32.98946233072226,0.9999999999999996,24,0,data_driven_batch_percentile_thresholds
848,2025-12-11 08:45:32,2025-12-11 08:46:31,CASTILLA,False,CASTILLA,32.78566862958298,0.9999999999999996,24,0,data_driven_batch_percentile_thresholds
849,2025-12-11 08:46:32,2025-12-11 08:47:31,CASTILLA,False,CASTILLA,34.5275499125839,0.9999999999999996,24,0,data_driven_batch_percentile_thresholds
850,2025-12-11 08:47:32,2025-12-11 08:48:31,CASTILLA,False,CASTILLA,32.90766976608721,0.9999999999999996,24,0,data_driven_batch_percentile_thresholds
851,2025-12-11 08:48:32,2025-12-11 08:49:31,CASTILLA,False,CASTILLA,34.366778740985744,0.9999999999999996,24,0,data_driven_batch_percentile_thresholds
852,2025-12-11 08:49:32,2025-12-11 08:50:31,CASTILLA,False,CASTILLA,36.00505220466903,0.9999999999999996,24,0,data_driven_batch_percentile_thresholds
853,2025-12-11 08:50:32,2025-12-11 08:51:31,CASTILLA,False,CASTILLA,34.58395337115654,0.9999999999999996,24,0,data_driven_batch_percentile_thresholds
854,2025-12-11 08:51:32,2025-12-11 08:52:31,CASTILLA,False,CASTILLA,34.906309155641615,0.9999999999999996,24,0,data_driven_batch_percentile_thresholds
855,2025-12-11 08:52:32,2025-12-11 08:53:31,CASTILLA,False,CASTILLA,32.10512570245783,0.9999999999999996,24,0,data_driven_batch_percentile_thresholds
856,2025-12-11 08:53:32,2025-12-11 08:54:31,CASTILLA,False,CASTILLA,32.125702756590165,0.9999999999999996,24,0,data_driven_batch_percentile_thresholds
857,2025-12-11 08:54:32,2025-12-11 08:55:31,CASTILLA,False,CASTILLA,31.14322557110712,0.9999999999999996,24,0,data_driven_batch_percentile_thresholds
858,2025-12-11 08:55:32,2025-12-11 08:56:31,CASTILLA,False,CASTILLA,30.90793712911587,0.9999999999999996,24,0,data_driven_batch_percentile_thresholds
859,2025-12-11 08:56:32,2025-12-11 08:57:31,CASTILLA,False,CASTILLA,30.47097439537408,0.9999999999999996,24,0,data_driven_batch_percentile_thresholds
860,2025-12-11 08:57:32,2025-12-11 08:58:31,CASTILLA,False,CASTILLA,28.175168160164603,0.9999999999999996,24,0,data_driven_batch_percentile_thresholds
861,2025-12-11 08:58:32,2025-12-11 08:59:31,CASTILLA,False,CASTILLA,29.01841166354513,0.9999999999999996,24,0,data_driven_batch_percentile_thresholds
862,2025-12-11 08:59:32,2025-12-11 09:00:31,CASTILLA,False,CASTILLA,32.229143193060764,0.9999999999999996,24,0,data_driven_batch_percentile_thresholds
863,2025-12-11 09:00:32,2025-12-11 09:01:31,CASTILLA,False,CASTILLA,30.03339437672062,0.9999999999999996,24,0,data_driven_batch_percentile_thresholds
864,2025-12-11 09:01:32,2025-12-11 09:02:31,CASTILLA,False,CASTILLA,27.311112715120498,0.9999999999999996,24,0,data_driven_batch_percentile_thresholds
865,2025-12-11 09:02:32,2025-12-11 09:03:31,CASTILLA,False,CASTILLA,25.067395561516538,0.9999999999999996,24,0,data_driven_batch_percentile_thresholds
866,2025-12-11 09:03:32,2025-12-11 09:04:31,CASTILLA,False,CASTILLA,22.938172851450556,0.9999999999999996,24,0,data_driven_batch_percentile_thresholds
867,2025-12-11 09:04:32,2025-12-11 09:05:31,CASTILLA,False,CASTILLA,24.216211223193117,0.9999999999999996,24,0,data_driven_batch_percentile_thresholds
868,2025-12-11 09:05:32,2025-12-11 09:06:31,CASTILLA,False,CASTILLA,23.99634912359814,0.9999999999999996,24,0,data_driven_batch_percentile_thresholds
869,2025-12-11 09:06:32,2025-12-11 09:07:31,CASTILLA,False,CASTILLA,25.238141302497684,0.9999999999999996,24,0,data_driven_batch_percentile_thresholds
870,2025-12-11 09:07:32,2025-12-11 09:08:31,CASTILLA,False,CASTILLA,22.132167604531308,0.9999999999999996,24,0,data_driven_batch_percentile_thresholds
871,2025-12-11 09:08:32,2025-12-11 09:09:31,CASTILLA,False,CASTILLA,23.016384615128118,0.9999999999999996,24,0,data_driven_batch_percentile_thresholds
872,2025-12-11 09:09:32,2025-12-11 09:10:31,CASTILLA,False,CASTILLA,22.987899549042485,0.9999999999999996,24,0,data_driven_batch_percentile_thresholds
873,2025-12-11 09:10:32,2025-12-11 09:11:31,CASTILLA,False,CASTILLA,21.57837727141535,0.9999999999999996,24,0,data_driven_batch_percentile_thresholds
874,2025-12-11 09:11:32,2025-12-11 09:12:31,CASTILLA,False,CASTILLA,23.49993016974092,0.9999999999999996,24,0,data_driven_batch_percentile_thresholds
875,2025-12-11 09:12:32,2025-12-11 09:13:31,CASTILLA,False,CASTILLA,21.278691390048884,0.9999999999999996,24,0,data_driven_batch_percentile_thresholds
876,2025-12-11 09:13:32,2025-12-11 09:14:31,CASTILLA,False,CASTILLA,22.88368822176357,0.9999999999999996,24,0,data_driven_batch_percentile_thresholds
877,2025-12-11 09:14:32,2025-12-11 09:15:31,CASTILLA,False,CASTILLA,22.63436412528781,0.9999999999999996,24,0,data_driven_batch_percentile_thresholds
878,2025-12-11 09:15:32,2025-12-11 09:16:31,CASTILLA,False,CASTILLA,21.465012014539298,0.9999999999999996,24,0,data_driven_batch_percentile_thresholds
879,2025-12-11 09:16:32,2025-12-11 09:17:31,CASTILLA,False,CASTILLA,22.65000571466915,0.9999999999999996,24,0,data_driven_batch_percentile_thresholds
880,2025-12-11 09:17:32,2025-12-11 09:18:31,CASTILLA,False,CASTILLA,20.80716631946799,0.9999999999999996,24,0,data_driven_batch_percentile_thresholds
881,2025-12-11 09:18:32,2025-12-11 09:19:31,CASTILLA,False,CASTILLA,23.36708828389058,0.9999999999999996,24,0,data_driven_batch_percentile_thresholds
882,2025-12-11 09:19:32,2025-12-11 09:20:31,CASTILLA,False,CASTILLA,22.409421047749408,0.9999999999999996,24,0,data_driven_batch_percentile_thresholds
883,2025-12-11 09:20:32,2025-12-11 09:21:31,CASTILLA,False,CASTILLA,23.90362264223244,0.9999999999999996,24,0,data_driven_batch_percentile_thresholds
884,2025-12-11 09:21:32,2025-12-11 09:22:31,CASTILLA,False,CASTILLA,23.37449570197509,0.9999999999999996,24,0,data_driven_batch_percentile_thresholds
885,2025-12-11 09:22:32,2025-12-11 09:23:31,CASTILLA,False,CASTILLA,22.62638845109842,0.9999999999999996,24,0,data_driven_batch_percentile_thresholds
886,2025-12-11 09:23:32,2025-12-11 09:24:31,CASTILLA,False,CASTILLA,25.200264686502024,0.9999999999999996,24,0,data_driven_batch_percentile_thresholds
887,2025-12-11 09:24:32,2025-12-11 09:25:31,CASTILLA,False,CASTILLA,23.653263436446974,0.9999999999999996,24,0,data_driven_batch_percentile_thresholds
888,2025-12-11 09:25:32,2025-12-11 09:26:31,CASTILLA,False,CASTILLA,26.11191750803178,0.9999999999999996,24,0,data_driven_batch_percentile_thresholds
889,2025-12-11 09:26:32,2025-12-11 09:27:31,CASTILLA,False,CASTILLA,27.439409650460355,0.9999999999999996,24,0,data_driven_batch_percentile_thresholds
890,2025-12-11 09:27:32,2025-12-11 09:28:31,CASTILLA,False,CASTILLA,26.478801777423698,0.9999999999999996,24,0,data_driven_batch_percentile_thresholds
891,2025-12-11 09:28:32,2025-12-11 09:29:31,CASTILLA,False,CASTILLA,28.08121926096271,0.9999999999999996,24,0,data_driven_batch_percentile_thresholds
892,2025-12-11 09:29:32,2025-12-11 09:30:31,CASTILLA,False,CASTILLA,25.711749770215345,0.9999999999999996,24,0,data_driven_batch_percentile_thresholds
893,2025-12-11 09:30:32,2025-12-11 09:31:31,CASTILLA,False,CASTILLA,23.9964625217575,0.9999999999999996,24,0,data_driven_batch_percentile_thresholds
894,2025-12-11 09:31:32,2025-12-11 09:32:31,CASTILLA,False,CASTILLA,24.701016514309654,0.9999999999999996,24,0,data_driven_batch_percentile_thresholds
895,2025-12-11 09:32:32,2025-12-11 09:33:31,CASTILLA,False,CASTILLA,22.162642222608778,0.9999999999999996,24,0,data_driven_batch_percentile_thresholds
896,2025-12-11 09:33:32,2025-12-11 09:34:31,CASTILLA,False,CASTILLA,21.87724207330613,0.9999999999999996,24,0,data_driven_batch_percentile_thresholds
897,2025-12-11 09:34:32,2025-12-11 09:35:31,CASTILLA,False,CASTILLA,22.78004719249209,0.9999999999999996,24,0,data_driven_batch_percentile_thresholds
898,2025-12-11 09:35:32,2025-12-11 09:36:31,CASTILLA,False,CASTILLA,23.407011173085447,0.9999999999999996,24,0,data_driven_batch_percentile_thresholds
899,2025-12-11 09:36:32,2025-12-11 09:37:31,CASTILLA,False,CASTILLA,24.18852965193976,0.9999999999999996,24,0,data_driven_batch_percentile_thresholds
900,2025-12-11 09:37:32,2025-12-11 09:38:31,CASTILLA,False,CASTILLA,23.463231598175827,0.9999999999999996,24,0,data_driven_batch_percentile_thresholds
901,2025-12-11 09:38:32,2025-12-11 09:39:31,CASTILLA,False,CASTILLA,22.58136559151784,0.9999999999999996,24,0,data_driven_batch_percentile_thresholds
902,2025-12-11 09:39:32,2025-12-11 09:40:31,CASTILLA,False,CASTILLA,23.72786059503669,0.9999999999999996,24,0,data_driven_batch_percentile_thresholds
903,2025-12-11 09:40:32,2025-12-11 09:41:31,CASTILLA,False,CASTILLA,21.13444472911,0.9999999999999996,24,0,data_driven_batch_percentile_thresholds
904,2025-12-11 09:41:32,2025-12-11 09:42:31,CASTILLA,False,CASTILLA,24.50128870340276,0.9999999999999996,24,0,data_driven_batch_percentile_thresholds
905,2025-12-11 09:42:32,2025-12-11 09:43:31,CASTILLA,False,CASTILLA,22.62768612562913,0.9999999999999996,24,0,data_driven_batch_percentile_thresholds
906,2025-12-11 09:43:32,2025-12-11 09:44:31,CASTILLA,False,CASTILLA,25.32196482820688,0.9999999999999996,24,0,data_driven_batch_percentile_thresholds
907,2025-12-11 09:44:32,2025-12-11 09:45:31,CASTILLA,False,CASTILLA,22.434636326120323,0.9999999999999996,24,0,data_driven_batch_percentile_thresholds
908,2025-12-11 09:45:32,2025-12-11 09:46:31,CASTILLA,False,CASTILLA,21.679913847212408,0.9999999999999996,24,0,data_driven_batch_percentile_thresholds
909,2025-12-11 09:46:32,2025-12-11 09:47:31,CASTILLA,False,CASTILLA,24.08263774919361,0.9999999999999996,24,0,data_driven_batch_percentile_thresholds
910,2025-12-11 09:47:32,2025-12-11 09:48:31,CASTILLA,False,CASTILLA,23.93698204621379,0.9999999999999996,24,0,data_driven_batch_percentile_thresholds
911,2025-12-11 09:48:32,2025-12-11 09:49:31,CASTILLA,False,CASTILLA,29.462432789382365,0.9999999999999996,24,0,data_driven_batch_percentile_thresholds
912,2025-12-11 09:49:32,2025-12-11 09:50:31,CASTILLA,False,CASTILLA,29.542517838598226,0.9999999999999996,24,0,data_driven_batch_percentile_thresholds
913,2025-12-11 09:50:32,2025-12-11 09:51:31,CASTILLA,False,CASTILLA,29.48211135780136,0.9999999999999996,24,0,data_driven_batch_percentile_thresholds
914,2025-12-11 09:51:32,2025-12-11 09:52:31,CASTILLA,False,CASTILLA,25.085785695489324,0.9999999999999996,24,0,data_driven_batch_percentile_thresholds
915,2025-12-11 09:52:32,2025-12-11 09:53:31,CASTILLA,False,CASTILLA,25.93972351238642,0.9999999999999996,24,0,data_driven_batch_percentile_thresholds
916,2025-12-11 09:53:32,2025-12-11 09:54:31,CASTILLA,False,CASTILLA,24.421809570646417,0.9999999999999996,24,0,data_driven_batch_percentile_thresholds
917,2025-12-11 09:54:32,2025-12-11 09:55:31,CASTILLA,False,CASTILLA,30.633540938624733,0.9999999999999996,24,0,data_driven_batch_percentile_thresholds
918,2025-12-11 09:55:32,2025-12-11 09:56:31,CASTILLA,False,CASTILLA,28.6110064786343,0.9999999999999996,24,0,data_driven_batch_percentile_thresholds
919,2025-12-11 09:56:32,2025-12-11 09:57:31,CASTILLA,False,CASTILLA,27.74989174098936,0.9999999999999996,24,0,data_driven_batch_percentile_thresholds
920,2025-12-11 09:57:32,2025-12-11 09:58:31,CASTILLA,False,CASTILLA,24.23370747681725,0.9999999999999996,24,0,data_driven_batch_percentile_thresholds
921,2025-12-11 09:58:32,2025-12-11 09:59:31,CASTILLA,False,CASTILLA,30.79247239433661,0.9999999999999996,24,0,data_driven_batch_percentile_thresholds
922,2025-12-11 09:59:32,2025-12-11 10:00:31,CASTILLA,False,CASTILLA,27.02668146741937,0.9999999999999996,24,0,data_driven_batch_percentile_thresholds
923,2025-12-11 10:00:32,2025-12-11 10:01:31,CASTILLA,False,CASTILLA,29.168321990235444,0.9999999999999996,24,0,data_driven_batch_percentile_thresholds
924,2025-12-11 10:01:32,2025-12-11 10:02:31,CASTILLA,False,CASTILLA,26.236005478166863,0.9999999999999996,24,0,data_driven_batch_percentile_thresholds
925,2025-12-11 10:02:32,2025-12-11 10:03:31,CASTILLA,False,CASTILLA,25.677945795503696,0.9999999999999996,24,0,data_driven_batch_percentile_thresholds
926,2025-12-11 10:03:32,2025-12-11 10:04:31,CASTILLA,False,CASTILLA,27.6350517654818,0.9999999999999996,24,0,data_driven_batch_percentile_thresholds
927,2025-12-11 10:04:32,2025-12-11 10:05:31,CASTILLA,False,CASTILLA,30.31945157102839,0.9999999999999996,24,0,data_driven_batch_percentile_thresholds
928,2025-12-11 10:05:32,2025-12-11 10:06:31,CASTILLA,False,CASTILLA,28.72652908988145,0.9999999999999996,24,0,data_driven_batch_percentile_thresholds
929,2025-12-11 10:06:32,2025-12-11 10:07:31,CASTILLA,False,CASTILLA,29.56116909129452,0.9999999999999996,24,0,data_driven_batch_percentile_thresholds
930,2025-12-11 10:07:32,2025-12-11 10:08:31,CASTILLA,False,CASTILLA,26.847978197662307,0.9999999999999996,24,0,data_driven_batch_percentile_thresholds
931,2025-12-11 10:08:32,2025-12-11 10:09:31,CASTILLA,False,CASTILLA,26.581081930854744,0.9999999999999996,24,0,data_driven_batch_percentile_thresholds
932,2025-12-11 10:09:32,2025-12-11 10:10:31,CASTILLA,False,CASTILLA,30.760080168499133,0.9999999999999996,24,0,data_driven_batch_percentile_thresholds
933,2025-12-11 10:10:32,2025-12-11 10:11:31,CASTILLA,False,CASTILLA,32.16792376640382,0.9999999999999996,24,0,data_driven_batch_percentile_thresholds
934,2025-12-11 10:11:32,2025-12-11 10:12:31,CASTILLA,False,CASTILLA,28.257169161901547,0.9999999999999996,24,0,data_driven_batch_percentile_thresholds
935,2025-12-11 10:12:32,2025-12-11 10:13:31,CASTILLA,False,CASTILLA,29.998291055464986,0.9999999999999996,24,0,data_driven_batch_percentile_thresholds
936,2025-12-11 10:13:32,2025-12-11 10:14:31,CASTILLA,False,CASTILLA,29.514696127586472,0.9999999999999996,24,0,data_driven_batch_percentile_thresholds
937,2025-12-11 10:14:32,2025-12-11 10:15:31,CASTILLA,False,CASTILLA,28.320934187270105,0.9999999999999996,24,0,data_driven_batch_percentile_thresholds
938,2025-12-11 10:15:32,2025-12-11 10:16:31,CASTILLA,False,CASTILLA,26.864112609456846,0.9999999999999996,24,0,data_driven_batch_percentile_thresholds
939,2025-12-11 10:16:32,2025-12-11 10:17:31,CASTILLA,False,CASTILLA,25.651358455356025,0.9999999999999996,24,0,data_driven_batch_percentile_thresholds
940,2025-12-11 10:17:32,2025-12-11 10:18:31,CASTILLA,False,CASTILLA,27.673993314080327,0.9999999999999996,24,0,data_driven_batch_percentile_thresholds
941,2025-12-11 10:18:32,2025-12-11 10:19:31,CASTILLA,False,CASTILLA,34.8607563804809,0.9999999999999996,24,0,data_driven_batch_percentile_thresholds
942,2025-12-11 10:19:32,2025-12-11 10:20:31,CASTILLA,False,CASTILLA,27.347812437320744,0.9999999999999996,24,0,data_driven_batch_percentile_thresholds
943,2025-12-11 10:20:32,2025-12-11 10:21:31,CASTILLA,False,CASTILLA,26.770115985757297,0.9999999999999996,24,0,data_driven_batch_percentile_thresholds
944,2025-12-11 10:21:32,2025-12-11 10:22:31,CASTILLA,False,CASTILLA,27.52746651681758,0.9999999999999996,24,0,data_driven_batch_percentile_thresholds
945,2025-12-11 10:22:32,2025-12-11 10:23:31,CASTILLA,False,CASTILLA,29.53757766111517,0.9999999999999996,24,0,data_driven_batch_percentile_thresholds
946,2025-12-11 10:23:32,2025-12-11 10:24:31,CASTILLA,False,CASTILLA,30.01256442258186,0.9999999999999996,24,0,data_driven_batch_percentile_thresholds
947,2025-12-11 10:24:32,2025-12-11 10:25:31,CASTILLA,False,CASTILLA,28.979953574030493,0.9999999999999996,24,0,data_driven_batch_percentile_thresholds
948,2025-12-11 10:25:32,2025-12-11 10:26:31,CASTILLA,False,CASTILLA,28.970209457619315,0.9999999999999996,24,0,data_driven_batch_percentile_thresholds
949,2025-12-11 10:26:32,2025-12-11 10:27:31,CASTILLA,False,CASTILLA,27.913416911823727,0.9999999999999996,24,0,data_driven_batch_percentile_thresholds
950,2025-12-11 10:27:32,2025-12-11 10:28:31,CASTILLA,False,CASTILLA,28.328205546956287,0.9999999999999996,24,0,data_driven_batch_percentile_thresholds
951,2025-12-11 10:28:32,2025-12-11 10:29:31,CASTILLA,False,CASTILLA,28.548791335653625,0.9999999999999996,24,0,data_driven_batch_percentile_thresholds
952,2025-12-11 10:29:32,2025-12-11 10:30:31,CASTILLA,False,CASTILLA,27.914159290906824,0.9999999999999996,24,0,data_driven_batch_percentile_thresholds
953,2025-12-11 10:30:32,2025-12-11 10:31:31,CASTILLA,False,CASTILLA,28.65044755507422,0.9999999999999996,24,0,data_driven_batch_percentile_thresholds
954,2025-12-11 10:31:32,2025-12-11 10:32:31,CASTILLA,False,CASTILLA,28.916780056435773,0.9999999999999996,24,0,data_driven_batch_percentile_thresholds
955,2025-12-11 10:32:32,2025-12-11 10:33:31,CASTILLA,False,CASTILLA,27.69352551302472,0.9999999999999996,24,0,data_driven_batch_percentile_thresholds
956,2025-12-11 10:33:32,2025-12-11 10:34:31,CASTILLA,False,CASTILLA,28.369082551793475,0.9999999999999996,24,0,data_driven_batch_percentile_thresholds
957,2025-12-11 10:34:32,2025-12-11 10:35:31,CASTILLA,False,CASTILLA,27.840567361038413,0.9999999999999996,24,0,data_driven_batch_percentile_thresholds
958,2025-12-11 10:35:32,2025-12-11 10:36:31,CASTILLA,False,CASTILLA,28.19543153659585,0.9999999999999996,24,0,data_driven_batch_percentile_thresholds
959,2025-12-11 10:36:32,2025-12-11 10:37:31,CASTILLA,False,CASTILLA,28.47137664554957,0.9999999999999996,24,0,data_driven_batch_percentile_thresholds
960,2025-12-11 10:37:32,2025-12-11 10:38:31,CASTILLA,False,CASTILLA,28.64221409694591,0.9999999999999996,24,0,data_driven_batch_percentile_thresholds
961,2025-12-11 10:38:32,2025-12-11 10:39:31,CASTILLA,False,CASTILLA,28.236123224763578,0.9999999999999996,24,0,data_driven_batch_percentile_thresholds
962,2025-12-11 10:39:32,2025-12-11 10:40:31,CASTILLA,False,CASTILLA,27.842583114829296,0.9999999999999996,24,0,data_driven_batch_percentile_thresholds
963,2025-12-11 10:40:32,2025-12-11 10:41:31,CASTILLA,False,CASTILLA,28.11968102071541,0.9999999999999996,24,0,data_driven_batch_percentile_thresholds
964,2025-12-11 10:41:32,2025-12-11 10:42:31,CASTILLA,False,CASTILLA,29.58310506255977,0.9999999999999996,24,0,data_driven_batch_percentile_thresholds
965,2025-12-11 10:42:32,2025-12-11 10:43:31,CASTILLA,False,CASTILLA,28.124716661096308,0.9999999999999996,24,0,data_driven_batch_percentile_thresholds
966,2025-12-11 10:43:32,2025-12-11 10:44:31,CASTILLA,False,CASTILLA,29.009237295412373,0.9999999999999996,24,0,data_driven_batch_percentile_thresholds
967,2025-12-11 10:44:32,2025-12-11 10:45:31,CASTILLA,False,CASTILLA,28.535334086059684,0.9999999999999996,24,0,data_driven_batch_percentile_thresholds
968,2025-12-11 10:45:32,2025-12-11 10:46:31,CASTILLA,False,CASTILLA,30.27968343118953,0.9999999999999996,24,0,data_driven_batch_percentile_thresholds
969,2025-12-11 10:46:32,2025-12-11 10:47:31,CASTILLA,False,CASTILLA,29.44130111484137,0.9999999999999996,24,0,data_driven_batch_percentile_thresholds
970,2025-12-11 10:47:32,2025-12-11 10:48:31,CASTILLA,False,CASTILLA,31.167892614904726,0.9999999999999996,24,0,data_driven_batch_percentile_thresholds
971,2025-12-11 10:48:32,2025-12-11 10:49:31,CASTILLA,False,CASTILLA,30.114341570675883,0.9999999999999996,24,0,data_driven_batch_percentile_thresholds
972,2025-12-11 10:49:32,2025-12-11 10:50:31,CASTILLA,False,CASTILLA,28.902764241079065,0.9999999999999996,24,0,data_driven_batch_percentile_thresholds
973,2025-12-11 10:50:32,2025-12-11 10:51:31,CASTILLA,False,CASTILLA,28.82998889546077,0.9999999999999996,24,0,data_driven_batch_percentile_thresholds
974,2025-12-11 10:51:32,2025-12-11 10:52:31,CASTILLA,False,CASTILLA,31.324425807347787,0.9999999999999996,24,0,data_driven_batch_percentile_thresholds
975,2025-12-11 10:52:32,2025-12-11 10:53:31,CASTILLA,False,CASTILLA,34.11251725651163,0.9999999999999996,24,0,data_driven_batch_percentile_thresholds
976,2025-12-11 10:53:32,2025-12-11 10:54:31,CASTILLA,False,CASTILLA,32.424266770906684,0.9999999999999996,24,0,data_driven_batch_percentile_thresholds
977,2025-12-11 10:54:32,2025-12-11 10:55:31,CASTILLA,False,CASTILLA,32.8990969878004,0.9999999999999996,24,0,data_driven_batch_percentile_thresholds
978,2025-12-11 10:55:32,2025-12-11 10:56:31,CASTILLA,False,CASTILLA,32.83290627090055,0.9999999999999996,24,0,data_driven_batch_percentile_thresholds
979,2025-12-11 10:56:32,2025-12-11 10:57:31,CASTILLA,False,CASTILLA,32.009780796641,0.9999999999999996,24,0,data_driven_batch_percentile_thresholds
980,2025-12-11 10:57:32,2025-12-11 10:58:31,CASTILLA,False,CASTILLA,31.58080299166889,0.9999999999999996,24,0,data_driven_batch_percentile_thresholds
981,2025-12-11 10:58:32,2025-12-11 10:59:31,CASTILLA,False,CASTILLA,32.65152958397975,0.9999999999999996,24,0,data_driven_batch_percentile_thresholds
982,2025-12-11 10:59:32,2025-12-11 11:00:31,CASTILLA,False,CASTILLA,31.85794675920931,0.9999999999999996,24,0,data_driven_batch_percentile_thresholds
983,2025-12-11 11:00:32,2025-12-11 11:01:31,CASTILLA,False,CASTILLA,33.507687524314576,0.9999999999999996,24,0,data_driven_batch_percentile_thresholds
984,2025-12-11 11:01:32,2025-12-11 11:02:31,CASTILLA,False,CASTILLA,34.043008445379954,0.9999999999999996,24,0,data_driven_batch_percentile_thresholds
985,2025-12-11 11:02:32,2025-12-11 11:03:31,CASTILLA,False,CASTILLA,31.08264914479244,0.9999999999999996,24,0,data_driven_batch_percentile_thresholds
986,2025-12-11 11:03:32,2025-12-11 11:04:31,CASTILLA,False,CASTILLA,32.76721643716799,0.9999999999999996,24,0,data_driven_batch_percentile_thresholds
987,2025-12-11 11:04:32,2025-12-11 11:05:31,CASTILLA,False,CASTILLA,31.476775343329415,0.9999999999999996,24,0,data_driven_batch_percentile_thresholds
988,2025-12-11 11:05:32,2025-12-11 11:06:31,CASTILLA,False,CASTILLA,32.65658168073376,0.9999999999999996,24,0,data_driven_batch_percentile_thresholds
989,2025-12-11 11:06:32,2025-12-11 11:07:31,CASTILLA,False,CASTILLA,29.93817447745468,0.9999999999999996,24,0,data_driven_batch_percentile_thresholds
990,2025-12-11 11:07:32,2025-12-11 11:08:31,CASTILLA,False,CASTILLA,30.532382337712605,0.9999999999999996,24,0,data_driven_batch_percentile_thresholds
991,2025-12-11 11:08:32,2025-12-11 11:09:31,CASTILLA,False,CASTILLA,29.403720953474068,0.9999999999999996,24,0,data_driven_batch_percentile_thresholds
992,2025-12-11 11:09:32,2025-12-11 11:10:31,CASTILLA,False,CASTILLA,34.99960375399668,0.9999999999999996,24,0,data_driven_batch_percentile_thresholds
993,2025-12-11 11:10:32,2025-12-11 11:11:31,CASTILLA,False,CASTILLA,32.803436992415776,0.9999999999999996,24,0,data_driven_batch_percentile_thresholds
994,2025-12-11 11:11:32,2025-12-11 11:12:31,CASTILLA,False,CASTILLA,30.98254803684585,0.9999999999999996,24,0,data_driven_batch_percentile_thresholds
995,2025-12-11 11:12:32,2025-12-11 11:13:31,CASTILLA,False,CASTILLA,31.29823765985161,0.9999999999999996,24,0,data_driven_batch_percentile_thresholds
996,2025-12-11 11:13:32,2025-12-11 11:14:31,CASTILLA,False,CASTILLA,30.592349616460684,0.9999999999999996,24,0,data_driven_batch_percentile_thresholds
997,2025-12-11 11:14:32,2025-12-11 11:15:31,CASTILLA,False,CASTILLA,30.84203794317021,0.9999999999999996,24,0,data_driven_batch_percentile_thresholds
998,2025-12-11 11:15:32,2025-12-11 11:16:31,CASTILLA,False,CASTILLA,32.61571003569549,0.9999999999999996,24,0,data_driven_batch_percentile_thresholds
999,2025-12-11 11:16:32,2025-12-11 11:17:31,CASTILLA,False,CASTILLA,32.01058999154795,0.9999999999999996,24,0,data_driven_batch_percentile_thresholds
1000,2025-12-11 11:17:32,2025-12-11 11:18:31,CASTILLA,False,CASTILLA,29.944974737424012,0.9999999999999996,24,0,data_driven_batch_percentile_thresholds
1001,2025-12-11 11:18:32,2025-12-11 11:19:31,CASTILLA,False,CASTILLA,32.48369485629161,0.9999999999999996,24,0,data_driven_batch_percentile_thresholds
1002,2025-12-11 11:19:32,2025-12-11 11:20:31,CASTILLA,False,CASTILLA,31.42674735983307,0.9999999999999996,24,0,data_driven_batch_percentile_thresholds
1003,2025-12-11 11:20:32,2025-12-11 11:21:31,CASTILLA,False,CASTILLA,31.60637938795586,0.9999999999999996,24,0,data_driven_batch_percentile_thresholds
1004,2025-12-11 11:21:32,2025-12-11 11:22:31,CASTILLA,False,CASTILLA,31.62483501125912,0.9999999999999996,24,0,data_driven_batch_percentile_thresholds
1005,2025-12-11 11:22:32,2025-12-11 11:23:31,CASTILLA,False,CASTILLA,32.730019482746314,0.9999999999999996,24,0,data_driven_batch_percentile_thresholds
1006,2025-12-11 11:23:32,2025-12-11 11:24:31,CASTILLA,False,CASTILLA,32.30231207043415,0.9999999999999996,24,0,data_driven_batch_percentile_thresholds
1007,2025-12-11 11:24:32,2025-12-11 11:25:31,CASTILLA,False,CASTILLA,31.23806611479752,0.9999999999999996,24,0,data_driven_batch_percentile_thresholds
1008,2025-12-11 11:25:32,2025-12-11 11:26:31,CASTILLA,False,CASTILLA,30.31135834127328,0.9999999999999996,24,0,data_driven_batch_percentile_thresholds
1009,2025-12-11 11:26:32,2025-12-11 11:27:31,CASTILLA,False,CASTILLA,31.534146718588573,0.9999999999999996,24,0,data_driven_batch_percentile_thresholds
1010,2025-12-11 11:27:32,2025-12-11 11:28:31,CASTILLA,False,CASTILLA,31.4964974012646,0.9999999999999996,24,0,data_driven_batch_percentile_thresholds
1011,2025-12-11 11:28:32,2025-12-11 11:29:31,CASTILLA,False,CASTILLA,30.73537330835333,0.9999999999999996,24,0,data_driven_batch_percentile_thresholds
1012,2025-12-11 11:29:32,2025-12-11 11:30:31,CASTILLA,False,CASTILLA,30.473443266604264,0.9999999999999996,24,0,data_driven_batch_percentile_thresholds
1013,2025-12-11 11:30:32,2025-12-11 11:31:31,CASTILLA,False,CASTILLA,30.514758757958727,0.9999999999999996,24,0,data_driven_batch_percentile_thresholds
1014,2025-12-11 11:31:32,2025-12-11 11:32:31,CASTILLA,False,CASTILLA,30.464319826581534,0.9999999999999996,24,0,data_driven_batch_percentile_thresholds
1015,2025-12-11 11:32:32,2025-12-11 11:33:31,CASTILLA,False,CASTILLA,30.565612888017693,0.9999999999999996,24,0,data_driven_batch_percentile_thresholds
1016,2025-12-11 11:33:32,2025-12-11 11:34:31,CASTILLA,False,CASTILLA,31.97548258691773,0.9999999999999996,24,0,data_driven_batch_percentile_thresholds
1017,2025-12-11 11:34:32,2025-12-11 11:35:31,CASTILLA,False,CASTILLA,30.57679701905327,0.9999999999999996,24,0,data_driven_batch_percentile_thresholds
1018,2025-12-11 11:35:32,2025-12-11 11:36:31,CASTILLA,False,CASTILLA,31.572667389344343,0.9999999999999996,24,0,data_driven_batch_percentile_thresholds
1019,2025-12-11 11:36:32,2025-12-11 11:37:31,CASTILLA,False,CASTILLA,29.885649953965707,0.9999999999999996,24,0,data_driven_batch_percentile_thresholds
1020,2025-12-11 11:37:32,2025-12-11 11:38:31,CASTILLA,False,CASTILLA,31.659737839426437,0.9999999999999996,24,0,data_driven_batch_percentile_thresholds
1021,2025-12-11 11:38:32,2025-12-11 11:39:31,CASTILLA,False,CASTILLA,30.58254087805324,0.9999999999999996,24,0,data_driven_batch_percentile_thresholds
1022,2025-12-11 11:39:32,2025-12-11 11:40:31,CASTILLA,False,CASTILLA,31.46013519525172,0.9999999999999996,24,0,data_driven_batch_percentile_thresholds
1023,2025-12-11 11:40:32,2025-12-11 11:41:31,CASTILLA,False,CASTILLA,29.452702084726585,0.9999999999999996,24,0,data_driven_batch_percentile_thresholds
1024,2025-12-11 11:41:32,2025-12-11 11:42:31,CASTILLA,False,CASTILLA,32.39192678292074,0.9999999999999996,24,0,data_driven_batch_percentile_thresholds
1025,2025-12-11 11:42:32,2025-12-11 11:43:31,CASTILLA,False,CASTILLA,30.768222248894556,0.9999999999999996,24,0,data_driven_batch_percentile_thresholds
1026,2025-12-11 11:43:32,2025-12-11 11:44:31,CASTILLA,False,CASTILLA,30.72331354359899,0.9999999999999996,24,0,data_driven_batch_percentile_thresholds
1027,2025-12-11 11:44:32,2025-12-11 11:45:31,CASTILLA,False,CASTILLA,32.961147464014445,0.9999999999999996,24,0,data_driven_batch_percentile_thresholds
1028,2025-12-11 11:45:32,2025-12-11 11:46:31,CASTILLA,False,CASTILLA,32.325085313883164,0.9999999999999996,24,0,data_driven_batch_percentile_thresholds
1029,2025-12-11 11:46:32,2025-12-11 11:47:31,CASTILLA,False,CASTILLA,34.544328217413494,0.9999999999999996,24,0,data_driven_batch_percentile_thresholds
1030,2025-12-11 11:47:32,2025-12-11 11:48:31,CASTILLA,False,CASTILLA,34.062786839377054,0.9999999999999996,24,0,data_driven_batch_percentile_thresholds
1031,2025-12-11 11:48:32,2025-12-11 11:49:31,CASTILLA,False,CASTILLA,30.648344658890203,0.9999999999999996,24,0,data_driven_batch_percentile_thresholds
1032,2025-12-11 11:49:32,2025-12-11 11:50:31,CASTILLA,False,CASTILLA,30.70007132906272,0.9999999999999996,24,0,data_driven_batch_percentile_thresholds
1033,2025-12-11 11:50:32,2025-12-11 11:51:31,CASTILLA,False,CASTILLA,32.947548869323,0.9999999999999996,24,0,data_driven_batch_percentile_thresholds
1034,2025-12-11 11:51:32,2025-12-11 11:52:31,CASTILLA,False,CASTILLA,32.83472354711,0.9999999999999996,24,0,data_driven_batch_percentile_thresholds
1035,2025-12-11 11:52:32,2025-12-11 11:53:31,CASTILLA,False,CASTILLA,35.72433999628519,0.9999999999999996,24,0,data_driven_batch_percentile_thresholds
1036,2025-12-11 11:53:32,2025-12-11 11:54:31,CASTILLA,False,CASTILLA,34.4360575355385,0.9999999999999996,24,0,data_driven_batch_percentile_thresholds
1037,2025-12-11 11:54:32,2025-12-11 11:55:31,CASTILLA,False,CASTILLA,33.39957265531748,0.9999999999999996,24,0,data_driven_batch_percentile_thresholds
1038,2025-12-11 11:55:32,2025-12-11 11:56:31,CASTILLA,False,CASTILLA,35.0742085182531,0.9999999999999996,24,0,data_driven_batch_percentile_thresholds
1039,2025-12-11 11:56:32,2025-12-11 11:57:31,CASTILLA,False,CASTILLA,34.63149910087566,0.9999999999999996,24,0,data_driven_batch_percentile_thresholds
1040,2025-12-11 11:57:32,2025-12-11 11:58:31,CASTILLA,False,CASTILLA,34.57775879007772,0.9999999999999996,24,0,data_driven_batch_percentile_thresholds
1041,2025-12-11 11:58:32,2025-12-11 11:59:31,CASTILLA,False,CASTILLA,36.92209607391156,0.9999999999999996,24,0,data_driven_batch_percentile_thresholds
1042,2025-12-11 11:59:32,2025-12-11 12:00:31,CASTILLA,False,CASTILLA,31.02735058789658,0.9999999999999996,24,0,data_driven_batch_percentile_thresholds
1043,2025-12-11 12:00:32,2025-12-11 12:01:31,CASTILLA,False,CASTILLA,31.105957366371207,0.9999999999999996,24,0,data_driven_batch_percentile_thresholds
1044,2025-12-11 12:01:32,2025-12-11 12:02:31,CASTILLA,False,CASTILLA,34.367849222112326,0.9999999999999996,24,0,data_driven_batch_percentile_thresholds
1045,2025-12-11 12:02:32,2025-12-11 12:03:31,CASTILLA,False,CASTILLA,33.02759568287942,0.9999999999999996,24,0,data_driven_batch_percentile_thresholds
1046,2025-12-11 12:03:32,2025-12-11 12:04:31,CASTILLA,False,CASTILLA,29.316327115240103,0.9999999999999996,24,0,data_driven_batch_percentile_thresholds
1047,2025-12-11 12:04:32,2025-12-11 12:05:31,CASTILLA,False,CASTILLA,32.61736023370816,0.9999999999999996,24,0,data_driven_batch_percentile_thresholds
1048,2025-12-11 12:05:32,2025-12-11 12:06:31,CASTILLA,False,CASTILLA,29.639836942400088,0.9999999999999996,24,0,data_driven_batch_percentile_thresholds
1049,2025-12-11 12:06:32,2025-12-11 12:07:31,CASTILLA,False,CASTILLA,28.793959191190435,0.9999999999999996,24,0,data_driven_batch_percentile_thresholds
1050,2025-12-11 12:07:32,2025-12-11 12:08:31,CASTILLA,False,CASTILLA,31.130354751049136,0.9999999999999996,24,0,data_driven_batch_percentile_thresholds
1051,2025-12-11 12:08:32,2025-12-11 12:09:31,CASTILLA,False,CASTILLA,29.790155208377765,0.9999999999999996,24,0,data_driven_batch_percentile_thresholds
1052,2025-12-11 12:09:32,2025-12-11 12:10:31,CASTILLA,False,CASTILLA,30.621713071231763,0.9999999999999996,24,0,data_driven_batch_percentile_thresholds
1053,2025-12-11 12:10:32,2025-12-11 12:11:31,CASTILLA,False,CASTILLA,30.3950683090168,0.9999999999999996,24,0,data_driven_batch_percentile_thresholds
1054,2025-12-11 12:11:32,2025-12-11 12:12:31,CASTILLA,False,CASTILLA,32.115678347587284,0.9999999999999996,24,0,data_driven_batch_percentile_thresholds
1055,2025-12-11 12:12:32,2025-12-11 12:13:31,CASTILLA,False,CASTILLA,30.248275124935045,0.9999999999999996,24,0,data_driven_batch_percentile_thresholds
1056,2025-12-11 12:13:32,2025-12-11 12:14:31,CASTILLA,False,CASTILLA,33.504411244578144,0.9999999999999996,24,0,data_driven_batch_percentile_thresholds
1057,2025-12-11 12:14:32,2025-12-11 12:15:31,CASTILLA,False,CASTILLA,31.508770287736848,0.9999999999999996,24,0,data_driven_batch_percentile_thresholds
1058,2025-12-11 12:15:32,2025-12-11 12:16:31,CASTILLA,False,CASTILLA,32.27643242474624,0.9999999999999996,24,0,data_driven_batch_percentile_thresholds
1059,2025-12-11 12:16:32,2025-12-11 12:17:31,CASTILLA,False,CASTILLA,28.749028215793384,0.9999999999999996,24,0,data_driven_batch_percentile_thresholds
1060,2025-12-11 12:17:32,2025-12-11 12:18:31,CASTILLA,False,CASTILLA,29.66990356270549,0.9999999999999996,24,0,data_driven_batch_percentile_thresholds
1061,2025-12-11 12:18:32,2025-12-11 12:19:31,CASTILLA,False,CASTILLA,29.50648802950664,0.9999999999999996,24,0,data_driven_batch_percentile_thresholds
1062,2025-12-11 12:19:32,2025-12-11 12:20:31,CASTILLA,False,CASTILLA,29.09497949586734,0.9999999999999996,24,0,data_driven_batch_percentile_thresholds
1063,2025-12-11 12:20:32,2025-12-11 12:21:31,CASTILLA,False,CASTILLA,29.441276819102715,0.9999999999999996,24,0,data_driven_batch_percentile_thresholds
1064,2025-12-11 12:21:32,2025-12-11 12:22:31,CASTILLA,False,CASTILLA,30.772586385381427,0.9999999999999996,24,0,data_driven_batch_percentile_thresholds
1065,2025-12-11 12:22:32,2025-12-11 12:23:31,CASTILLA,False,CASTILLA,31.766134623562976,0.9999999999999996,24,0,data_driven_batch_percentile_thresholds
1066,2025-12-11 12:23:32,2025-12-11 12:24:31,CASTILLA,False,CASTILLA,31.11075043617413,0.9999999999999996,24,0,data_driven_batch_percentile_thresholds
1067,2025-12-11 12:24:32,2025-12-11 12:25:31,CASTILLA,False,CASTILLA,32.48457624601068,0.9999999999999996,24,0,data_driven_batch_percentile_thresholds
1068,2025-12-11 12:25:32,2025-12-11 12:26:31,CASTILLA,False,CASTILLA,32.470544716248405,0.9999999999999996,24,0,data_driven_batch_percentile_thresholds
1069,2025-12-11 12:26:32,2025-12-11 12:27:31,CASTILLA,False,CASTILLA,32.21497576316218,0.9999999999999996,24,0,data_driven_batch_percentile_thresholds
1070,2025-12-11 12:27:32,2025-12-11 12:28:31,CASTILLA,False,CASTILLA,31.03174064651888,0.9999999999999996,24,0,data_driven_batch_percentile_thresholds
1071,2025-12-11 12:28:32,2025-12-11 12:29:31,CASTILLA,False,CASTILLA,30.125314719903944,0.9999999999999996,24,0,data_driven_batch_percentile_thresholds
1072,2025-12-11 12:29:32,2025-12-11 12:30:31,CASTILLA,False,CASTILLA,30.567809454958,0.9999999999999996,24,0,data_driven_batch_percentile_thresholds
1073,2025-12-11 12:30:32,2025-12-11 12:31:31,CASTILLA,False,CASTILLA,29.97259721442481,0.9999999999999996,24,0,data_driven_batch_percentile_thresholds
1074,2025-12-11 12:31:32,2025-12-11 12:32:31,CASTILLA,False,CASTILLA,28.755212482580895,0.9999999999999996,24,0,data_driven_batch_percentile_thresholds
1075,2025-12-11 12:32:32,2025-12-11 12:33:31,CASTILLA,False,CASTILLA,30.86075131725261,0.9999999999999996,24,0,data_driven_batch_percentile_thresholds
1076,2025-12-11 12:33:32,2025-12-11 12:34:31,CASTILLA,False,CASTILLA,28.79748718756672,0.9999999999999996,24,0,data_driven_batch_percentile_thresholds
1077,2025-12-11 12:34:32,2025-12-11 12:35:31,CASTILLA,False,CASTILLA,28.24257389790533,0.9999999999999996,24,0,data_driven_batch_percentile_thresholds
1078,2025-12-11 12:35:32,2025-12-11 12:36:31,CASTILLA,False,CASTILLA,29.219327203842035,0.9999999999999996,24,0,data_driven_batch_percentile_thresholds
1079,2025-12-11 12:36:32,2025-12-11 12:37:31,CASTILLA,False,CASTILLA,28.44995692233768,0.9999999999999996,24,0,data_driven_batch_percentile_thresholds
1080,2025-12-11 12:37:32,2025-12-11 12:38:31,CASTILLA,False,CASTILLA,27.04931932088176,0.9999999999999996,24,0,data_driven_batch_percentile_thresholds
1081,2025-12-11 12:38:32,2025-12-11 12:39:31,CASTILLA,False,CASTILLA,26.35413283662549,0.9999999999999996,24,0,data_driven_batch_percentile_thresholds
1082,2025-12-11 12:39:32,2025-12-11 12:40:31,CASTILLA,False,CASTILLA,28.219774567516467,0.9999999999999996,24,0,data_driven_batch_percentile_thresholds
1083,2025-12-11 12:40:32,2025-12-11 12:41:31,CASTILLA,False,CASTILLA,28.53588066736817,0.9999999999999996,24,0,data_driven_batch_percentile_thresholds
1084,2025-12-11 12:41:32,2025-12-11 12:42:31,CASTILLA,False,CASTILLA,29.37756941221082,0.9999999999999996,24,0,data_driven_batch_percentile_thresholds
1085,2025-12-11 12:42:32,2025-12-11 12:43:31,CASTILLA,False,CASTILLA,26.936949146763578,0.9999999999999996,24,0,data_driven_batch_percentile_thresholds
1086,2025-12-11 12:43:32,2025-12-11 12:44:31,CASTILLA,False,CASTILLA,27.77069419233668,0.9999999999999996,24,0,data_driven_batch_percentile_thresholds
1087,2025-12-11 12:44:32,2025-12-11 12:45:31,CASTILLA,False,CASTILLA,28.77318574349991,0.9999999999999996,24,0,data_driven_batch_percentile_thresholds
1088,2025-12-11 12:45:32,2025-12-11 12:46:31,CASTILLA,False,CASTILLA,27.64127528982204,0.9999999999999996,24,0,data_driven_batch_percentile_thresholds
1089,2025-12-11 12:46:32,2025-12-11 12:47:31,CASTILLA,False,CASTILLA,27.594770445322087,0.9999999999999996,24,0,data_driven_batch_percentile_thresholds
1090,2025-12-11 12:47:32,2025-12-11 12:48:31,CASTILLA,False,CASTILLA,28.28795374299074,0.9999999999999996,24,0,data_driven_batch_percentile_thresholds
1091,2025-12-11 12:48:32,2025-12-11 12:49:31,CASTILLA,False,CASTILLA,28.067492027730257,0.9999999999999996,24,0,data_driven_batch_percentile_thresholds
1092,2025-12-11 12:49:32,2025-12-11 12:50:31,CASTILLA,False,CASTILLA,29.084406884525308,0.9999999999999996,24,0,data_driven_batch_percentile_thresholds
1093,2025-12-11 12:50:32,2025-12-11 12:51:31,CASTILLA,False,CASTILLA,30.633059457859485,0.9999999999999996,24,0,data_driven_batch_percentile_thresholds
1094,2025-12-11 12:51:32,2025-12-11 12:52:31,CASTILLA,False,CASTILLA,29.498392000440187,0.9999999999999996,24,0,data_driven_batch_percentile_thresholds
1095,2025-12-11 12:52:32,2025-12-11 12:53:31,CASTILLA,False,CASTILLA,30.491837990708124,0.9999999999999996,24,0,data_driven_batch_percentile_thresholds
1096,2025-12-11 12:53:32,2025-12-11 12:54:31,CASTILLA,False,CASTILLA,32.387697429688686,0.9999999999999996,24,0,data_driven_batch_percentile_thresholds
1097,2025-12-11 12:54:32,2025-12-11 12:55:31,CASTILLA,False,CASTILLA,30.418089976451952,0.9999999999999996,24,0,data_driven_batch_percentile_thresholds
1098,2025-12-11 12:55:32,2025-12-11 12:56:31,CASTILLA,False,CASTILLA,31.573660435993933,0.9999999999999996,24,0,data_driven_batch_percentile_thresholds
1099,2025-12-11 12:56:32,2025-12-11 12:57:31,CASTILLA,False,CASTILLA,31.398952537564316,0.9999999999999996,24,0,data_driven_batch_percentile_thresholds
1100,2025-12-11 12:57:32,2025-12-11 12:58:31,CASTILLA,False,CASTILLA,32.16557003628304,0.9999999999999996,24,0,data_driven_batch_percentile_thresholds
1101,2025-12-11 12:58:32,2025-12-11 12:59:31,CASTILLA,False,CASTILLA,32.23262838519915,0.9999999999999996,24,0,data_driven_batch_percentile_thresholds
1102,2025-12-11 12:59:32,2025-12-11 13:00:31,CASTILLA,False,CASTILLA,30.238644359125782,0.9999999999999996,24,0,data_driven_batch_percentile_thresholds
1103,2025-12-11 13:00:32,2025-12-11 13:01:31,CASTILLA,False,CASTILLA,31.417482157442763,0.9999999999999996,24,0,data_driven_batch_percentile_thresholds
1104,2025-12-11 13:01:32,2025-12-11 13:02:31,CASTILLA,False,CASTILLA,32.30781241603104,0.9999999999999996,24,0,data_driven_batch_percentile_thresholds
1105,2025-12-11 13:02:32,2025-12-11 13:03:31,CASTILLA,False,CASTILLA,28.98080630479372,0.9999999999999996,24,0,data_driven_batch_percentile_thresholds
1106,2025-12-11 13:03:32,2025-12-11 13:04:31,CASTILLA,False,CASTILLA,31.13062279243991,0.9999999999999996,24,0,data_driven_batch_percentile_thresholds
1107,2025-12-11 13:04:32,2025-12-11 13:05:31,CASTILLA,False,CASTILLA,29.99017569343852,0.9999999999999996,24,0,data_driven_batch_percentile_thresholds
1108,2025-12-11 13:05:32,2025-12-11 13:06:31,CASTILLA,False,CASTILLA,31.65520746827028,0.9999999999999996,24,0,data_driven_batch_percentile_thresholds
1109,2025-12-11 13:06:32,2025-12-11 13:07:31,CASTILLA,False,CASTILLA,30.841661403439478,0.9999999999999996,24,0,data_driven_batch_percentile_thresholds
1110,2025-12-11 13:07:32,2025-12-11 13:08:31,CASTILLA,False,CASTILLA,30.19793813246224,0.9999999999999996,24,0,data_driven_batch_percentile_thresholds
1111,2025-12-11 13:08:32,2025-12-11 13:09:31,CASTILLA,False,CASTILLA,31.45009492443552,0.9999999999999996,24,0,data_driven_batch_percentile_thresholds
1112,2025-12-11 13:09:32,2025-12-11 13:10:31,CASTILLA,False,CASTILLA,29.44144000470156,0.9999999999999996,24,0,data_driven_batch_percentile_thresholds
1113,2025-12-11 13:10:32,2025-12-11 13:11:31,CASTILLA,False,CASTILLA,29.77112847447954,0.9999999999999996,24,0,data_driven_batch_percentile_thresholds
1114,2025-12-11 13:11:32,2025-12-11 13:12:31,CASTILLA,False,CASTILLA,29.97423257636509,0.9999999999999996,24,0,data_driven_batch_percentile_thresholds
1115,2025-12-11 13:12:32,2025-12-11 13:13:31,CASTILLA,False,CASTILLA,30.38593266889254,0.9999999999999996,24,0,data_driven_batch_percentile_thresholds
1116,2025-12-11 13:13:32,2025-12-11 13:14:31,CASTILLA,False,CASTILLA,30.511944762143138,0.9999999999999996,24,0,data_driven_batch_percentile_thresholds
1117,2025-12-11 13:14:32,2025-12-11 13:15:31,CASTILLA,False,CASTILLA,29.8423926212738,0.9999999999999996,24,0,data_driven_batch_percentile_thresholds
1118,2025-12-11 13:15:32,2025-12-11 13:16:31,CASTILLA,False,CASTILLA,30.86425883602738,0.9999999999999996,24,0,data_driven_batch_percentile_thresholds
1119,2025-12-11 13:16:32,2025-12-11 13:17:31,CASTILLA,False,CASTILLA,29.099628047700136,0.9999999999999996,24,0,data_driven_batch_percentile_thresholds
1120,2025-12-11 13:17:32,2025-12-11 13:18:31,CASTILLA,False,CASTILLA,30.679683288043137,0.9999999999999996,24,0,data_driven_batch_percentile_thresholds
1121,2025-12-11 13:18:32,2025-12-11 13:19:31,CASTILLA,False,CASTILLA,30.630976357810265,0.9999999999999996,24,0,data_driven_batch_percentile_thresholds
1122,2025-12-11 13:19:32,2025-12-11 13:20:31,CASTILLA,False,CASTILLA,31.287911778009164,0.9999999999999996,24,0,data_driven_batch_percentile_thresholds
1123,2025-12-11 13:20:32,2025-12-11 13:21:31,CASTILLA,False,CASTILLA,31.37038843808329,0.9999999999999996,24,0,data_driven_batch_percentile_thresholds
1124,2025-12-11 13:21:32,2025-12-11 13:22:31,CASTILLA,False,CASTILLA,30.5515825921488,0.9999999999999996,24,0,data_driven_batch_percentile_thresholds
1125,2025-12-11 13:22:32,2025-12-11 13:23:31,CASTILLA,False,CASTILLA,29.2534172891777,0.9999999999999996,24,0,data_driven_batch_percentile_thresholds
1126,2025-12-11 13:23:32,2025-12-11 13:24:31,CASTILLA,False,CASTILLA,32.159074597982546,0.9999999999999996,24,0,data_driven_batch_percentile_thresholds
1127,2025-12-11 13:24:32,2025-12-11 13:25:31,CASTILLA,False,CASTILLA,29.325960146089688,0.9999999999999996,24,0,data_driven_batch_percentile_thresholds
1128,2025-12-11 13:25:32,2025-12-11 13:26:31,CASTILLA,False,CASTILLA,29.652252918286173,0.9999999999999996,24,0,data_driven_batch_percentile_thresholds
1129,2025-12-11 13:26:32,2025-12-11 13:27:31,CASTILLA,False,CASTILLA,30.46950488701943,0.9999999999999996,24,0,data_driven_batch_percentile_thresholds
1130,2025-12-11 13:27:32,2025-12-11 13:28:31,CASTILLA,False,CASTILLA,29.78367788997816,0.9999999999999996,24,0,data_driven_batch_percentile_thresholds
1131,2025-12-11 13:28:32,2025-12-11 13:29:31,CASTILLA,False,CASTILLA,29.543050562291175,0.9999999999999996,24,0,data_driven_batch_percentile_thresholds
1132,2025-12-11 13:29:32,2025-12-11 13:30:31,CASTILLA,False,CASTILLA,32.5348616874814,0.9999999999999996,24,0,data_driven_batch_percentile_thresholds
1133,2025-12-11 13:30:32,2025-12-11 13:31:31,CASTILLA,False,CASTILLA,29.764125653047632,0.9999999999999996,24,0,data_driven_batch_percentile_thresholds
1134,2025-12-11 13:31:32,2025-12-11 13:32:31,CASTILLA,False,CASTILLA,31.535150680150355,0.9999999999999996,24,0,data_driven_batch_percentile_thresholds
1135,2025-12-11 13:32:32,2025-12-11 13:33:31,CASTILLA,False,CASTILLA,32.66262374441288,0.9999999999999996,24,0,data_driven_batch_percentile_thresholds
1136,2025-12-11 13:33:32,2025-12-11 13:34:31,CASTILLA,False,CASTILLA,31.306883255224616,0.9999999999999996,24,0,data_driven_batch_percentile_thresholds
1137,2025-12-11 13:34:32,2025-12-11 13:35:31,CASTILLA,False,CASTILLA,32.77719642556412,0.9999999999999996,24,0,data_driven_batch_percentile_thresholds
1138,2025-12-11 13:35:32,2025-12-11 13:36:31,CASTILLA,False,CASTILLA,32.92787054469231,0.9999999999999996,24,0,data_driven_batch_percentile_thresholds
1139,2025-12-11 13:36:32,2025-12-11 13:37:31,CASTILLA,False,CASTILLA,32.751564854775694,0.9999999999999996,24,0,data_driven_batch_percentile_thresholds
1140,2025-12-11 13:37:32,2025-12-11 13:38:31,CASTILLA,False,CASTILLA,33.67126987684302,0.9999999999999996,24,0,data_driven_batch_percentile_thresholds
1141,2025-12-11 13:38:32,2025-12-11 13:39:31,CASTILLA,False,CASTILLA,34.3096227560927,0.9999999999999996,24,0,data_driven_batch_percentile_thresholds
1142,2025-12-11 13:39:32,2025-12-11 13:40:31,CASTILLA,False,CASTILLA,33.50362693223265,0.9999999999999996,24,0,data_driven_batch_percentile_thresholds
1143,2025-12-11 13:40:32,2025-12-11 13:41:31,CASTILLA,False,CASTILLA,35.78977273458784,0.9999999999999996,24,0,data_driven_batch_percentile_thresholds
1144,2025-12-11 13:41:32,2025-12-11 13:42:31,CASTILLA,False,CASTILLA,33.88534605038354,0.9999999999999996,24,0,data_driven_batch_percentile_thresholds
1145,2025-12-11 13:42:32,2025-12-11 13:43:31,CASTILLA,False,CASTILLA,37.28241326542119,0.9999999999999996,24,0,data_driven_batch_percentile_thresholds
1146,2025-12-11 13:43:32,2025-12-11 13:44:31,CASTILLA,False,CASTILLA,37.8547001469076,0.9999999999999996,24,0,data_driven_batch_percentile_thresholds
1147,2025-12-11 13:44:32,2025-12-11 13:45:31,CASTILLA,False,CASTILLA,37.467984896624685,0.9999999999999996,24,0,data_driven_batch_percentile_thresholds
1148,2025-12-11 13:45:32,2025-12-11 13:46:31,CASTILLA,False,CASTILLA,39.73007830357008,0.9999999999999996,24,0,data_driven_batch_percentile_thresholds
1149,2025-12-11 13:46:32,2025-12-11 13:47:31,CASTILLA,False,CASTILLA,41.80548983398344,0.9999999999999996,24,0,data_driven_batch_percentile_thresholds
1150,2025-12-11 13:47:32,2025-12-11 13:48:31,CASTILLA,False,CASTILLA,43.75379269748103,0.9999999999999996,24,0,data_driven_batch_percentile_thresholds
1151,2025-12-11 13:48:32,2025-12-11 13:49:31,CASTILLA,False,CASTILLA,40.98471196887587,0.9999999999999996,24,0,data_driven_batch_percentile_thresholds
1152,2025-12-11 13:49:32,2025-12-11 13:50:31,CASTILLA,False,CASTILLA,41.85966269327017,0.9999999999999996,24,0,data_driven_batch_percentile_thresholds
1153,2025-12-11 13:50:32,2025-12-11 13:51:31,CASTILLA,False,CASTILLA,42.51646743251371,0.9999999999999996,24,0,data_driven_batch_percentile_thresholds
1154,2025-12-11 13:51:32,2025-12-11 13:52:31,CASTILLA,False,CASTILLA,43.63767569049774,0.9999999999999996,24,0,data_driven_batch_percentile_thresholds
1155,2025-12-11 13:52:32,2025-12-11 13:53:31,CASTILLA,False,CASTILLA,41.94895775752548,0.9999999999999996,24,0,data_driven_batch_percentile_thresholds
1156,2025-12-11 13:53:32,2025-12-11 13:54:31,CASTILLA,False,CASTILLA,38.48352313685832,0.9999999999999996,24,0,data_driven_batch_percentile_thresholds
1157,2025-12-11 13:54:32,2025-12-11 13:55:31,CASTILLA,True,CASTILLA,41.56971679292612,0.9999999999999996,24,0,data_driven_batch_percentile_thresholds
1158,2025-12-11 13:55:32,2025-12-11 13:56:31,CASTILLA,True,CASTILLA,33.22850100054155,0.9999999999999996,24,0,data_driven_batch_percentile_thresholds
1159,2025-12-11 13:56:32,2025-12-11 13:57:31,MEZCLA,True,MEZCLA,34.926786537229994,0.9999999999999996,24,0,data_driven_batch_percentile_thresholds
1160,2025-12-11 13:57:32,2025-12-11 13:58:31,MEZCLA,False,MEZCLA,41.92391965258764,0.9999999999999996,24,0,data_driven_batch_percentile_thresholds
1161,2025-12-11 13:58:32,2025-12-11 13:59:31,MEZCLA,False,MEZCLA,42.31065548965528,0.9999999999999996,24,0,data_driven_batch_percentile_thresholds
1162,2025-12-11 13:59:32,2025-12-11 14:00:31,MEZCLA,False,MEZCLA,39.350935550899024,0.9999999999999996,24,0,data_driven_batch_percentile_thresholds
1163,2025-12-11 14:00:32,2025-12-11 14:01:31,MEZCLA,False,MEZCLA,39.11739791245563,0.9999999999999996,24,0,data_driven_batch_percentile_thresholds
1164,2025-12-11 14:01:32,2025-12-11 14:02:31,MEZCLA,False,MEZCLA,36.392006986563466,0.9999999999999996,24,0,data_driven_batch_percentile_thresholds
1165,2025-12-11 14:02:32,2025-12-11 14:03:31,MEZCLA,False,MEZCLA,37.43600779762347,0.9999999999999996,24,0,data_driven_batch_percentile_thresholds
1166,2025-12-11 14:03:32,2025-12-11 14:04:31,MEZCLA,False,MEZCLA,41.50009501264714,0.9999999999999996,24,0,data_driven_batch_percentile_thresholds
1167,2025-12-11 14:04:32,2025-12-11 14:05:31,MEZCLA,False,MEZCLA,38.9073870099045,0.9999999999999996,24,0,data_driven_batch_percentile_thresholds
1168,2025-12-11 14:05:32,2025-12-11 14:06:31,MEZCLA,False,MEZCLA,40.21131758248434,0.9999999999999996,24,0,data_driven_batch_percentile_thresholds
1169,2025-12-11 14:06:32,2025-12-11 14:07:31,MEZCLA,False,MEZCLA,44.08353141184455,0.9999999999999996,24,0,data_driven_batch_percentile_thresholds
1170,2025-12-11 14:07:32,2025-12-11 14:08:31,MEZCLA,False,MEZCLA,40.43139545142897,0.9999999999999996,24,0,data_driven_batch_percentile_thresholds
1171,2025-12-11 14:08:32,2025-12-11 14:09:31,MEZCLA,False,MEZCLA,45.45882652653084,0.9999999999999996,24,0,data_driven_batch_percentile_thresholds
1172,2025-12-11 14:09:32,2025-12-11 14:10:31,MEZCLA,False,MEZCLA,40.93341517289299,0.9999999999999996,24,0,data_driven_batch_percentile_thresholds
1173,2025-12-11 14:10:32,2025-12-11 14:11:31,MEZCLA,False,MEZCLA,49.1044707698651,0.9999999999999996,24,0,data_driven_batch_percentile_thresholds
1174,2025-12-11 14:11:32,2025-12-11 14:12:31,MEZCLA,False,MEZCLA,39.99621794726663,0.9999999999999996,24,0,data_driven_batch_percentile_thresholds
1175,2025-12-11 14:12:32,2025-12-11 14:13:31,MEZCLA,False,MEZCLA,44.75338338798975,0.9999999999999996,24,0,data_driven_batch_percentile_thresholds
1176,2025-12-11 14:13:32,2025-12-11 14:14:31,MEZCLA,False,MEZCLA,41.45363635423562,0.9999999999999996,24,0,data_driven_batch_percentile_thresholds
1177,2025-12-11 14:14:32,2025-12-11 14:15:31,MEZCLA,False,MEZCLA,36.10653232742006,0.9999999999999996,24,0,data_driven_batch_percentile_thresholds
1178,2025-12-11 14:15:32,2025-12-11 14:16:31,MEZCLA,False,MEZCLA,36.58968466774781,0.9999999999999996,24,0,data_driven_batch_percentile_thresholds
1179,2025-12-11 14:16:32,2025-12-11 14:17:31,MEZCLA,False,MEZCLA,35.2782495420741,0.9999999999999996,24,0,data_driven_batch_percentile_thresholds
1180,2025-12-11 14:17:32,2025-12-11 14:18:31,MEZCLA,False,MEZCLA,36.58782687827595,0.9999999999999996,24,0,data_driven_batch_percentile_thresholds
1181,2025-12-11 14:18:32,2025-12-11 14:19:31,MEZCLA,False,MEZCLA,35.603572545147195,0.9999999999999996,24,0,data_driven_batch_percentile_thresholds
1182,2025-12-11 14:19:32,2025-12-11 14:20:31,MEZCLA,False,MEZCLA,35.23814712926032,0.9999999999999996,24,0,data_driven_batch_percentile_thresholds
1183,2025-12-11 14:20:32,2025-12-11 14:21:31,MEZCLA,False,MEZCLA,35.69240941518512,0.9999999999999996,24,0,data_driven_batch_percentile_thresholds
1184,2025-12-11 14:21:32,2025-12-11 14:22:31,MEZCLA,False,MEZCLA,35.17110115777165,0.9999999999999996,24,0,data_driven_batch_percentile_thresholds
1185,2025-12-11 14:22:32,2025-12-11 14:23:31,MEZCLA,False,MEZCLA,36.26899910221496,0.9999999999999996,24,0,data_driven_batch_percentile_thresholds
1186,2025-12-11 14:23:32,2025-12-11 14:24:31,MEZCLA,False,MEZCLA,35.24867153252725,0.9999999999999996,24,0,data_driven_batch_percentile_thresholds
1187,2025-12-11 14:24:32,2025-12-11 14:25:31,MEZCLA,False,MEZCLA,36.91644800228104,0.9999999999999996,24,0,data_driven_batch_percentile_thresholds
1188,2025-12-11 14:25:32,2025-12-11 14:26:31,MEZCLA,False,MEZCLA,35.788137511127175,0.9999999999999996,24,0,data_driven_batch_percentile_thresholds
1189,2025-12-11 14:26:32,2025-12-11 14:27:31,MEZCLA,False,MEZCLA,35.60318320822173,0.9999999999999996,24,0,data_driven_batch_percentile_thresholds
1190,2025-12-11 14:27:32,2025-12-11 14:28:31,MEZCLA,False,MEZCLA,35.08267585478702,0.9999999999999996,24,0,data_driven_batch_percentile_thresholds
1191,2025-12-11 14:28:32,2025-12-11 14:29:31,MEZCLA,False,MEZCLA,35.50625015358057,0.9999999999999996,24,0,data_driven_batch_percentile_thresholds
1192,2025-12-11 14:29:32,2025-12-11 14:30:31,MEZCLA,False,MEZCLA,39.17763557181434,0.9999999999999996,24,0,data_driven_batch_percentile_thresholds
1193,2025-12-11 14:30:32,2025-12-11 14:31:31,MEZCLA,False,MEZCLA,36.658079266088414,0.9999999999999996,24,0,data_driven_batch_percentile_thresholds
1194,2025-12-11 14:31:32,2025-12-11 14:32:31,MEZCLA,False,MEZCLA,38.62410993298068,0.9999999999999996,24,0,data_driven_batch_percentile_thresholds
1195,2025-12-11 14:32:32,2025-12-11 14:33:31,MEZCLA,False,MEZCLA,39.12073886963184,0.9999999999999996,24,0,data_driven_batch_percentile_thresholds
1196,2025-12-11 14:33:32,2025-12-11 14:34:31,MEZCLA,False,MEZCLA,39.38172530425649,0.9999999999999996,24,0,data_driven_batch_percentile_thresholds
1197,2025-12-11 14:34:32,2025-12-11 14:35:31,MEZCLA,False,MEZCLA,39.046438509604016,0.9999999999999996,24,0,data_driven_batch_percentile_thresholds
1198,2025-12-11 14:35:32,2025-12-11 14:36:31,MEZCLA,False,MEZCLA,40.70306848725853,0.9999999999999996,24,0,data_driven_batch_percentile_thresholds
1199,2025-12-11 14:36:32,2025-12-11 14:37:31,MEZCLA,False,MEZCLA,39.37730688213133,0.9999999999999996,24,0,data_driven_batch_percentile_thresholds
1200,2025-12-11 14:37:32,2025-12-11 14:38:31,MEZCLA,False,MEZCLA,36.54680974066981,0.9999999999999996,24,0,data_driven_batch_percentile_thresholds
1201,2025-12-11 14:38:32,2025-12-11 14:39:31,MEZCLA,False,MEZCLA,36.37431774946128,0.9999999999999996,24,0,data_driven_batch_percentile_thresholds
1202,2025-12-11 14:39:32,2025-12-11 14:40:31,MEZCLA,False,MEZCLA,33.080184021612325,0.9999999999999996,24,0,data_driven_batch_percentile_thresholds
1203,2025-12-11 14:40:32,2025-12-11 14:41:31,MEZCLA,False,MEZCLA,34.37502458512642,0.9999999999999996,24,0,data_driven_batch_percentile_thresholds
1204,2025-12-11 14:41:32,2025-12-11 14:42:31,MEZCLA,False,MEZCLA,33.34073608347767,0.9999999999999996,24,0,data_driven_batch_percentile_thresholds
1205,2025-12-11 14:42:32,2025-12-11 14:43:31,MEZCLA,False,MEZCLA,34.61356814648917,0.9999999999999996,24,0,data_driven_batch_percentile_thresholds
1206,2025-12-11 14:43:32,2025-12-11 14:44:31,MEZCLA,False,MEZCLA,35.993550081964244,0.9999999999999996,24,0,data_driven_batch_percentile_thresholds
1207,2025-12-11 14:44:32,2025-12-11 14:45:31,MEZCLA,False,MEZCLA,32.77306784780282,0.9999999999999996,24,0,data_driven_batch_percentile_thresholds
1208,2025-12-11 14:45:32,2025-12-11 14:46:31,MEZCLA,False,MEZCLA,41.52142397227358,0.9999999999999996,24,0,data_driven_batch_percentile_thresholds
1209,2025-12-11 14:46:32,2025-12-11 14:47:31,MEZCLA,False,MEZCLA,35.201639673706424,0.9999999999999996,24,0,data_driven_batch_percentile_thresholds
1210,2025-12-11 14:47:32,2025-12-11 14:48:31,MEZCLA,False,MEZCLA,33.91098508908584,0.9999999999999996,24,0,data_driven_batch_percentile_thresholds
1211,2025-12-11 14:48:32,2025-12-11 14:49:31,MEZCLA,False,MEZCLA,36.27023678305812,0.9999999999999996,24,0,data_driven_batch_percentile_thresholds
1212,2025-12-11 14:49:32,2025-12-11 14:50:31,MEZCLA,False,MEZCLA,35.711111711764744,0.9999999999999996,24,0,data_driven_batch_percentile_thresholds
1213,2025-12-11 14:50:32,2025-12-11 14:51:31,MEZCLA,False,MEZCLA,33.220391096716305,0.9999999999999996,24,0,data_driven_batch_percentile_thresholds
1214,2025-12-11 14:51:32,2025-12-11 14:52:31,MEZCLA,False,MEZCLA,33.15953653785709,0.9999999999999996,24,0,data_driven_batch_percentile_thresholds
1215,2025-12-11 14:52:32,2025-12-11 14:53:31,MEZCLA,False,MEZCLA,40.93369643322693,0.9999999999999996,24,0,data_driven_batch_percentile_thresholds
1216,2025-12-11 14:53:32,2025-12-11 14:54:31,MEZCLA,False,MEZCLA,39.39578204017712,0.9999999999999996,24,0,data_driven_batch_percentile_thresholds
1217,2025-12-11 14:54:32,2025-12-11 14:55:31,MEZCLA,False,MEZCLA,37.79738909386951,0.9999999999999996,24,0,data_driven_batch_percentile_thresholds
1218,2025-12-11 14:55:32,2025-12-11 14:56:31,MEZCLA,False,MEZCLA,34.97787537296598,0.9999999999999996,24,0,data_driven_batch_percentile_thresholds
1219,2025-12-11 14:56:32,2025-12-11 14:57:31,MEZCLA,False,MEZCLA,37.50453995948447,0.9999999999999996,24,0,data_driven_batch_percentile_thresholds
1220,2025-12-11 14:57:32,2025-12-11 14:58:31,MEZCLA,False,MEZCLA,38.41263804684874,0.9999999999999996,24,0,data_driven_batch_percentile_thresholds
1221,2025-12-11 14:58:32,2025-12-11 14:59:31,MEZCLA,False,MEZCLA,41.48770539009676,0.9999999999999996,24,0,data_driven_batch_percentile_thresholds
1222,2025-12-11 14:59:32,2025-12-11 15:00:31,MEZCLA,False,MEZCLA,34.681222851087924,0.9999999999999996,24,0,data_driven_batch_percentile_thresholds
1223,2025-12-11 15:00:32,2025-12-11 15:01:31,MEZCLA,False,MEZCLA,34.897586306744,0.9999999999999996,24,0,data_driven_batch_percentile_thresholds
1224,2025-12-11 15:01:32,2025-12-11 15:02:31,MEZCLA,False,MEZCLA,33.81405856588442,0.9999999999999996,24,0,data_driven_batch_percentile_thresholds
1225,2025-12-11 15:02:32,2025-12-11 15:03:31,MEZCLA,False,MEZCLA,34.325099989793245,0.9999999999999996,24,0,data_driven_batch_percentile_thresholds
1226,2025-12-11 15:03:32,2025-12-11 15:04:31,MEZCLA,False,MEZCLA,31.351005258276068,0.9999999999999996,24,0,data_driven_batch_percentile_thresholds
1227,2025-12-11 15:04:32,2025-12-11 15:05:31,MEZCLA,False,MEZCLA,32.72154702375932,0.9999999999999996,24,0,data_driven_batch_percentile_thresholds
1228,2025-12-11 15:05:32,2025-12-11 15:06:31,MEZCLA,False,MEZCLA,33.899953789057065,0.9999999999999996,24,0,data_driven_batch_percentile_thresholds
1229,2025-12-11 15:06:32,2025-12-11 15:07:31,MEZCLA,False,MEZCLA,32.376143710784646,0.9999999999999996,24,0,data_driven_batch_percentile_thresholds
1230,2025-12-11 15:07:32,2025-12-11 15:08:31,MEZCLA,False,MEZCLA,34.294874215980855,0.9999999999999996,24,0,data_driven_batch_percentile_thresholds
1231,2025-12-11 15:08:32,2025-12-11 15:09:31,MEZCLA,False,MEZCLA,31.28212721322805,0.9999999999999996,24,0,data_driven_batch_percentile_thresholds
1232,2025-12-11 15:09:32,2025-12-11 15:10:31,MEZCLA,False,MEZCLA,34.12542030530942,0.9999999999999996,24,0,data_driven_batch_percentile_thresholds
1233,2025-12-11 15:10:32,2025-12-11 15:11:31,MEZCLA,False,MEZCLA,33.76958221750995,0.9999999999999996,24,0,data_driven_batch_percentile_thresholds
1234,2025-12-11 15:11:32,2025-12-11 15:12:31,MEZCLA,False,MEZCLA,34.397674982128805,0.9999999999999996,24,0,data_driven_batch_percentile_thresholds
1235,2025-12-11 15:12:32,2025-12-11 15:13:31,MEZCLA,False,MEZCLA,30.283778266024225,0.9999999999999996,24,0,data_driven_batch_percentile_thresholds
1236,2025-12-11 15:13:32,2025-12-11 15:14:31,MEZCLA,False,MEZCLA,30.640975304424988,0.9999999999999996,24,0,data_driven_batch_percentile_thresholds
1237,2025-12-11 15:14:32,2025-12-11 15:15:31,MEZCLA,False,MEZCLA,29.846178776320983,0.9999999999999996,24,0,data_driven_batch_percentile_thresholds
1238,2025-12-11 15:15:32,2025-12-11 15:16:31,MEZCLA,False,MEZCLA,30.232549287959536,0.9999999999999996,24,0,data_driven_batch_percentile_thresholds
1239,2025-12-11 15:16:32,2025-12-11 15:17:31,MEZCLA,False,MEZCLA,29.83051648987093,0.9999999999999996,24,0,data_driven_batch_percentile_thresholds
1240,2025-12-11 15:17:32,2025-12-11 15:18:31,MEZCLA,False,MEZCLA,31.39781503407238,0.9999999999999996,24,0,data_driven_batch_percentile_thresholds
1241,2025-12-11 15:18:32,2025-12-11 15:19:31,MEZCLA,False,MEZCLA,31.012425921242333,0.9999999999999996,24,0,data_driven_batch_percentile_thresholds
1242,2025-12-11 15:19:32,2025-12-11 15:20:31,MEZCLA,False,MEZCLA,29.748283633345697,0.9999999999999996,24,0,data_driven_batch_percentile_thresholds
1243,2025-12-11 15:20:32,2025-12-11 15:21:31,MEZCLA,False,MEZCLA,30.254764300767278,0.9999999999999996,24,0,data_driven_batch_percentile_thresholds
1244,2025-12-11 15:21:32,2025-12-11 15:22:31,MEZCLA,False,MEZCLA,29.03383606382975,0.9999999999999996,24,0,data_driven_batch_percentile_thresholds
1245,2025-12-11 15:22:32,2025-12-11 15:23:31,MEZCLA,False,MEZCLA,30.005315470802717,0.9999999999999996,24,0,data_driven_batch_percentile_thresholds
1246,2025-12-11 15:23:32,2025-12-11 15:24:31,MEZCLA,False,MEZCLA,29.99769402784643,0.9999999999999996,24,0,data_driven_batch_percentile_thresholds
1247,2025-12-11 15:24:32,2025-12-11 15:25:31,MEZCLA,False,MEZCLA,32.015486288351255,0.9999999999999996,24,0,data_driven_batch_percentile_thresholds
1248,2025-12-11 15:25:32,2025-12-11 15:26:31,MEZCLA,False,MEZCLA,32.74690962435869,0.9999999999999996,24,0,data_driven_batch_percentile_thresholds
1249,2025-12-11 15:26:32,2025-12-11 15:27:31,MEZCLA,False,MEZCLA,32.617714028379844,0.9999999999999996,24,0,data_driven_batch_percentile_thresholds
1250,2025-12-11 15:27:32,2025-12-11 15:28:31,MEZCLA,False,MEZCLA,31.802468011902164,0.9999999999999996,24,0,data_driven_batch_percentile_thresholds
1251,2025-12-11 15:28:32,2025-12-11 15:29:31,MEZCLA,False,MEZCLA,31.680210180703178,0.9999999999999996,24,0,data_driven_batch_percentile_thresholds
1252,2025-12-11 15:29:32,2025-12-11 15:30:31,MEZCLA,False,MEZCLA,30.68651736805399,0.9999999999999996,24,0,data_driven_batch_percentile_thresholds
1253,2025-12-11 15:30:32,2025-12-11 15:31:31,MEZCLA,False,MEZCLA,31.426010114864575,0.9999999999999996,24,0,data_driven_batch_percentile_thresholds
1254,2025-12-11 15:31:32,2025-12-11 15:32:31,MEZCLA,False,MEZCLA,30.841789818861628,0.9999999999999996,24,0,data_driven_batch_percentile_thresholds
1255,2025-12-11 15:32:32,2025-12-11 15:33:31,MEZCLA,False,MEZCLA,32.00549922603335,0.9999999999999996,24,0,data_driven_batch_percentile_thresholds
1256,2025-12-11 15:33:32,2025-12-11 15:34:31,MEZCLA,False,MEZCLA,31.505326701970112,0.9999999999999996,24,0,data_driven_batch_percentile_thresholds
1257,2025-12-11 15:34:32,2025-12-11 15:35:31,MEZCLA,False,MEZCLA,31.68450107884381,0.9999999999999996,24,0,data_driven_batch_percentile_thresholds
1258,2025-12-11 15:35:32,2025-12-11 15:36:31,MEZCLA,False,MEZCLA,31.85803118066188,0.9999999999999996,24,0,data_driven_batch_percentile_thresholds
1259,2025-12-11 15:36:32,2025-12-11 15:37:31,MEZCLA,False,MEZCLA,30.355570900163837,0.9999999999999996,24,0,data_driven_batch_percentile_thresholds
1260,2025-12-11 15:37:32,2025-12-11 15:38:31,MEZCLA,False,MEZCLA,32.35716510984972,0.9999999999999996,24,0,data_driven_batch_percentile_thresholds
1261,2025-12-11 15:38:32,2025-12-11 15:39:31,MEZCLA,False,MEZCLA,30.146800126956823,0.9999999999999996,24,0,data_driven_batch_percentile_thresholds
1262,2025-12-11 15:39:32,2025-12-11 15:40:31,MEZCLA,False,MEZCLA,29.91905274756462,0.9999999999999996,24,0,data_driven_batch_percentile_thresholds
1263,2025-12-11 15:40:32,2025-12-11 15:41:31,MEZCLA,False,MEZCLA,30.860771514933106,0.9999999999999996,24,0,data_driven_batch_percentile_thresholds
1264,2025-12-11 15:41:32,2025-12-11 15:42:31,MEZCLA,False,MEZCLA,31.931227685548823,0.9999999999999996,24,0,data_driven_batch_percentile_thresholds
1265,2025-12-11 15:42:32,2025-12-11 15:43:31,MEZCLA,False,MEZCLA,31.45784706610605,0.9999999999999996,24,0,data_driven_batch_percentile_thresholds
1266,2025-12-11 15:43:32,2025-12-11 15:44:31,MEZCLA,False,MEZCLA,32.86764673035827,0.9999999999999996,24,0,data_driven_batch_percentile_thresholds
1267,2025-12-11 15:44:32,2025-12-11 15:45:31,MEZCLA,False,MEZCLA,34.131511464533155,0.9999999999999996,24,0,data_driven_batch_percentile_thresholds
1268,2025-12-11 15:45:32,2025-12-11 15:46:31,MEZCLA,False,MEZCLA,33.52884821864102,0.9999999999999996,24,0,data_driven_batch_percentile_thresholds
1269,2025-12-11 15:46:32,2025-12-11 15:47:31,MEZCLA,False,MEZCLA,31.37714842373364,0.9999999999999996,24,0,data_driven_batch_percentile_thresholds
1270,2025-12-11 15:47:32,2025-12-11 15:48:31,MEZCLA,False,MEZCLA,32.28980738831412,0.9999999999999996,24,0,data_driven_batch_percentile_thresholds
1271,2025-12-11 15:48:32,2025-12-11 15:49:31,MEZCLA,False,MEZCLA,32.16276045148748,0.9999999999999996,24,0,data_driven_batch_percentile_thresholds
1272,2025-12-11 15:49:32,2025-12-11 15:50:31,MEZCLA,False,MEZCLA,32.134689143588965,0.9999999999999996,24,0,data_driven_batch_percentile_thresholds
1273,2025-12-11 15:50:32,2025-12-11 15:51:31,MEZCLA,False,MEZCLA,32.810622657613415,0.9999999999999996,24,0,data_driven_batch_percentile_thresholds
1274,2025-12-11 15:51:32,2025-12-11 15:52:31,MEZCLA,False,MEZCLA,31.455483259441937,0.9999999999999996,24,0,data_driven_batch_percentile_thresholds
1275,2025-12-11 15:52:32,2025-12-11 15:53:31,MEZCLA,False,MEZCLA,33.76580762729405,0.9999999999999996,24,0,data_driven_batch_percentile_thresholds
1276,2025-12-11 15:53:32,2025-12-11 15:54:31,MEZCLA,False,MEZCLA,35.37563257952505,0.9999999999999996,24,0,data_driven_batch_percentile_thresholds
1277,2025-12-11 15:54:32,2025-12-11 15:55:31,MEZCLA,False,MEZCLA,33.99927343761181,0.9999999999999996,24,0,data_driven_batch_percentile_thresholds
1278,2025-12-11 15:55:32,2025-12-11 15:56:31,MEZCLA,False,MEZCLA,32.58847605115072,0.9999999999999996,24,0,data_driven_batch_percentile_thresholds
1279,2025-12-11 15:56:32,2025-12-11 15:57:31,MEZCLA,False,MEZCLA,32.225053781093344,0.9999999999999996,24,0,data_driven_batch_percentile_thresholds
1280,2025-12-11 15:57:32,2025-12-11 15:58:31,MEZCLA,False,MEZCLA,31.97225365302929,0.9999999999999996,24,0,data_driven_batch_percentile_thresholds
1281,2025-12-11 15:58:32,2025-12-11 15:59:31,MEZCLA,False,MEZCLA,32.531957527762515,0.9999999999999996,24,0,data_driven_batch_percentile_thresholds
1282,2025-12-11 15:59:32,2025-12-11 16:00:31,MEZCLA,False,MEZCLA,31.07788661975347,0.9999999999999996,24,0,data_driven_batch_percentile_thresholds
1283,2025-12-11 16:00:32,2025-12-11 16:01:31,MEZCLA,False,MEZCLA,31.517605709890702,0.9999999999999996,24,0,data_driven_batch_percentile_thresholds
1284,2025-12-11 16:01:32,2025-12-11 16:02:31,MEZCLA,False,MEZCLA,32.95131885574851,0.9999999999999996,24,0,data_driven_batch_percentile_thresholds
1285,2025-12-11 16:02:32,2025-12-11 16:03:31,MEZCLA,False,MEZCLA,34.14441740340314,0.9999999999999996,24,0,data_driven_batch_percentile_thresholds
1286,2025-12-11 16:03:32,2025-12-11 16:04:31,MEZCLA,False,MEZCLA,32.48708956410949,0.9999999999999996,24,0,data_driven_batch_percentile_thresholds
1287,2025-12-11 16:04:32,2025-12-11 16:05:31,MEZCLA,False,MEZCLA,34.1314053790114,0.9999999999999996,24,0,data_driven_batch_percentile_thresholds
1288,2025-12-11 16:05:32,2025-12-11 16:06:31,MEZCLA,False,MEZCLA,32.94559456879329,0.9999999999999996,24,0,data_driven_batch_percentile_thresholds
1289,2025-12-11 16:06:32,2025-12-11 16:07:31,MEZCLA,False,MEZCLA,32.16823505249059,0.9999999999999996,24,0,data_driven_batch_percentile_thresholds
1290,2025-12-11 16:07:32,2025-12-11 16:08:31,MEZCLA,False,MEZCLA,31.99402695159895,0.9999999999999996,24,0,data_driven_batch_percentile_thresholds
1291,2025-12-11 16:08:32,2025-12-11 16:09:31,MEZCLA,False,MEZCLA,31.928538978525385,0.9999999999999996,24,0,data_driven_batch_percentile_thresholds
1292,2025-12-11 16:09:32,2025-12-11 16:10:31,MEZCLA,False,MEZCLA,31.56148429859643,0.9999999999999996,24,0,data_driven_batch_percentile_thresholds
1293,2025-12-11 16:10:32,2025-12-11 16:11:31,MEZCLA,False,MEZCLA,32.76162082678433,0.9999999999999996,24,0,data_driven_batch_percentile_thresholds
1294,2025-12-11 16:11:32,2025-12-11 16:12:31,MEZCLA,False,MEZCLA,32.72289066944099,0.9999999999999996,24,0,data_driven_batch_percentile_thresholds
1295,2025-12-11 16:12:32,2025-12-11 16:13:31,MEZCLA,False,MEZCLA,32.81875737850811,0.9999999999999996,24,0,data_driven_batch_percentile_thresholds
1296,2025-12-11 16:13:32,2025-12-11 16:14:31,MEZCLA,False,MEZCLA,32.21243987253719,0.9999999999999996,24,0,data_driven_batch_percentile_thresholds
1297,2025-12-11 16:14:32,2025-12-11 16:15:31,MEZCLA,False,MEZCLA,33.35459156031035,0.9999999999999996,24,0,data_driven_batch_percentile_thresholds
1298,2025-12-11 16:15:32,2025-12-11 16:16:31,MEZCLA,False,MEZCLA,32.89573825060656,0.9999999999999996,24,0,data_driven_batch_percentile_thresholds
1299,2025-12-11 16:16:32,2025-12-11 16:17:31,MEZCLA,False,MEZCLA,35.64462012447484,0.9999999999999996,24,0,data_driven_batch_percentile_thresholds
1300,2025-12-11 16:17:32,2025-12-11 16:18:31,MEZCLA,False,MEZCLA,32.52531655004627,0.9999999999999996,24,0,data_driven_batch_percentile_thresholds
1301,2025-12-11 16:18:32,2025-12-11 16:19:31,MEZCLA,False,MEZCLA,32.678862114290865,0.9999999999999996,24,0,data_driven_batch_percentile_thresholds
1302,2025-12-11 16:19:32,2025-12-11 16:20:31,MEZCLA,False,MEZCLA,32.22218539153213,0.9999999999999996,24,0,data_driven_batch_percentile_thresholds
1303,2025-12-11 16:20:32,2025-12-11 16:21:31,MEZCLA,False,MEZCLA,32.7786859986306,0.9999999999999996,24,0,data_driven_batch_percentile_thresholds
1304,2025-12-11 16:21:32,2025-12-11 16:22:31,MEZCLA,False,MEZCLA,32.40849567272429,0.9999999999999996,24,0,data_driven_batch_percentile_thresholds
1305,2025-12-11 16:22:32,2025-12-11 16:23:31,MEZCLA,False,MEZCLA,30.821793680285506,0.9999999999999996,24,0,data_driven_batch_percentile_thresholds
1306,2025-12-11 16:23:32,2025-12-11 16:24:31,MEZCLA,False,MEZCLA,32.23922738905718,0.9999999999999996,24,0,data_driven_batch_percentile_thresholds
1307,2025-12-11 16:24:32,2025-12-11 16:25:31,MEZCLA,False,MEZCLA,31.31058909932513,0.9999999999999996,24,0,data_driven_batch_percentile_thresholds
1308,2025-12-11 16:25:32,2025-12-11 16:26:31,MEZCLA,False,MEZCLA,32.391481185060286,0.9999999999999996,24,0,data_driven_batch_percentile_thresholds
1309,2025-12-11 16:26:32,2025-12-11 16:27:31,MEZCLA,False,MEZCLA,32.58059885993547,0.9999999999999996,24,0,data_driven_batch_percentile_thresholds
1310,2025-12-11 16:27:32,2025-12-11 16:28:31,MEZCLA,False,MEZCLA,31.78538658936392,0.9999999999999996,24,0,data_driven_batch_percentile_thresholds
1311,2025-12-11 16:28:32,2025-12-11 16:29:31,MEZCLA,False,MEZCLA,32.400413682941256,0.9999999999999996,24,0,data_driven_batch_percentile_thresholds
1312,2025-12-11 16:29:32,2025-12-11 16:30:31,MEZCLA,False,MEZCLA,32.24502103449415,0.9999999999999996,24,0,data_driven_batch_percentile_thresholds
1313,2025-12-11 16:30:32,2025-12-11 16:31:31,MEZCLA,False,MEZCLA,30.45068790623036,0.9999999999999996,24,0,data_driven_batch_percentile_thresholds
1314,2025-12-11 16:31:32,2025-12-11 16:32:31,MEZCLA,False,MEZCLA,30.77614367769876,0.9999999999999996,24,0,data_driven_batch_percentile_thresholds
1315,2025-12-11 16:32:32,2025-12-11 16:33:31,MEZCLA,False,MEZCLA,31.70596115864204,0.9999999999999996,24,0,data_driven_batch_percentile_thresholds
1316,2025-12-11 16:33:32,2025-12-11 16:34:31,MEZCLA,False,MEZCLA,30.961875940840745,0.9999999999999996,24,0,data_driven_batch_percentile_thresholds
1317,2025-12-11 16:34:32,2025-12-11 16:35:31,MEZCLA,False,MEZCLA,32.18603016602385,0.9999999999999996,24,0,data_driven_batch_percentile_thresholds
1318,2025-12-11 16:35:32,2025-12-11 16:36:31,MEZCLA,False,MEZCLA,31.64349434876541,0.9999999999999996,24,0,data_driven_batch_percentile_thresholds
1319,2025-12-11 16:36:32,2025-12-11 16:37:31,MEZCLA,False,MEZCLA,32.41010976307294,0.9999999999999996,24,0,data_driven_batch_percentile_thresholds
1320,2025-12-11 16:37:32,2025-12-11 16:38:31,MEZCLA,False,MEZCLA,31.94377269125401,0.9999999999999996,24,0,data_driven_batch_percentile_thresholds
1321,2025-12-11 16:38:32,2025-12-11 16:39:31,MEZCLA,False,MEZCLA,31.881817248848225,0.9999999999999996,24,0,data_driven_batch_percentile_thresholds
1322,2025-12-11 16:39:32,2025-12-11 16:40:31,MEZCLA,False,MEZCLA,31.31503086107801,0.9999999999999996,24,0,data_driven_batch_percentile_thresholds
1323,2025-12-11 16:40:32,2025-12-11 16:41:31,MEZCLA,False,MEZCLA,30.90651172430048,0.9999999999999996,24,0,data_driven_batch_percentile_thresholds
1324,2025-12-11 16:41:32,2025-12-11 16:42:31,MEZCLA,False,MEZCLA,30.461291399015312,0.9999999999999996,24,0,data_driven_batch_percentile_thresholds
1325,2025-12-11 16:42:32,2025-12-11 16:43:31,MEZCLA,False,MEZCLA,30.2747035925086,0.9999999999999996,24,0,data_driven_batch_percentile_thresholds
1326,2025-12-11 16:43:32,2025-12-11 16:44:31,MEZCLA,False,MEZCLA,30.140799754016847,0.9999999999999996,24,0,data_driven_batch_percentile_thresholds
1327,2025-12-11 16:44:32,2025-12-11 16:45:31,MEZCLA,False,MEZCLA,29.710237150727437,0.9999999999999996,24,0,data_driven_batch_percentile_thresholds
1328,2025-12-11 16:45:32,2025-12-11 16:46:31,MEZCLA,False,MEZCLA,31.2141528381927,0.9999999999999996,24,0,data_driven_batch_percentile_thresholds
1329,2025-12-11 16:46:32,2025-12-11 16:47:31,MEZCLA,False,MEZCLA,30.921228941488888,0.9999999999999996,24,0,data_driven_batch_percentile_thresholds
1330,2025-12-11 16:47:32,2025-12-11 16:48:31,MEZCLA,False,MEZCLA,31.739251552568614,0.9999999999999996,24,0,data_driven_batch_percentile_thresholds
1331,2025-12-11 16:48:32,2025-12-11 16:49:31,MEZCLA,False,MEZCLA,31.06316939101974,0.9999999999999996,24,0,data_driven_batch_percentile_thresholds
1332,2025-12-11 16:49:32,2025-12-11 16:50:31,MEZCLA,False,MEZCLA,31.457328627826776,0.9999999999999996,24,0,data_driven_batch_percentile_thresholds
1333,2025-12-11 16:50:32,2025-12-11 16:51:31,MEZCLA,False,MEZCLA,31.331744097314317,0.9999999999999996,24,0,data_driven_batch_percentile_thresholds
1334,2025-12-11 16:51:32,2025-12-11 16:52:31,MEZCLA,False,MEZCLA,30.49520048420023,0.9999999999999996,24,0,data_driven_batch_percentile_thresholds
1335,2025-12-11 16:52:32,2025-12-11 16:53:31,MEZCLA,False,MEZCLA,30.38632100858744,0.9999999999999996,24,0,data_driven_batch_percentile_thresholds
1336,2025-12-11 16:53:32,2025-12-11 16:54:31,MEZCLA,False,MEZCLA,29.33978712174381,0.9999999999999996,24,0,data_driven_batch_percentile_thresholds
1337,2025-12-11 16:54:32,2025-12-11 16:55:31,MEZCLA,False,MEZCLA,31.182634383717247,0.9999999999999996,24,0,data_driven_batch_percentile_thresholds
1338,2025-12-11 16:55:32,2025-12-11 16:56:31,MEZCLA,False,MEZCLA,31.061112647606645,0.9999999999999996,24,0,data_driven_batch_percentile_thresholds
1339,2025-12-11 16:56:32,2025-12-11 16:57:31,MEZCLA,False,MEZCLA,30.67527994771038,0.9999999999999996,24,0,data_driven_batch_percentile_thresholds
1340,2025-12-11 16:57:32,2025-12-11 16:58:31,MEZCLA,False,MEZCLA,31.04547914729297,0.9999999999999996,24,0,data_driven_batch_percentile_thresholds
1341,2025-12-11 16:58:32,2025-12-11 16:59:31,MEZCLA,False,MEZCLA,30.16486728430202,0.9999999999999996,24,0,data_driven_batch_percentile_thresholds
1342,2025-12-11 16:59:32,2025-12-11 17:00:31,MEZCLA,False,MEZCLA,31.767919860736043,0.9999999999999996,24,0,data_driven_batch_percentile_thresholds
1343,2025-12-11 17:00:32,2025-12-11 17:01:31,MEZCLA,False,MEZCLA,32.247796228104434,0.9999999999999996,24,0,data_driven_batch_percentile_thresholds
1344,2025-12-11 17:01:32,2025-12-11 17:02:31,MEZCLA,False,MEZCLA,32.598168502751335,0.9999999999999996,24,0,data_driven_batch_percentile_thresholds
1345,2025-12-11 17:02:32,2025-12-11 17:03:31,MEZCLA,False,MEZCLA,30.36885142472331,0.9999999999999996,24,0,data_driven_batch_percentile_thresholds
1346,2025-12-11 17:03:32,2025-12-11 17:04:31,MEZCLA,False,MEZCLA,31.626236512445782,0.9999999999999996,24,0,data_driven_batch_percentile_thresholds
1347,2025-12-11 17:04:32,2025-12-11 17:05:31,MEZCLA,False,MEZCLA,30.881206155108845,0.9999999999999996,24,0,data_driven_batch_percentile_thresholds
1348,2025-12-11 17:05:32,2025-12-11 17:06:31,MEZCLA,False,MEZCLA,32.25251114908011,0.9999999999999996,24,0,data_driven_batch_percentile_thresholds
1349,2025-12-11 17:06:32,2025-12-11 17:07:31,MEZCLA,False,MEZCLA,31.290063071039476,0.9999999999999996,24,0,data_driven_batch_percentile_thresholds
1350,2025-12-11 17:07:32,2025-12-11 17:08:31,MEZCLA,False,MEZCLA,31.45174626751012,0.9999999999999996,24,0,data_driven_batch_percentile_thresholds
1351,2025-12-11 17:08:32,2025-12-11 17:09:31,MEZCLA,False,MEZCLA,29.898346416491982,0.9999999999999996,24,0,data_driven_batch_percentile_thresholds
1352,2025-12-11 17:09:32,2025-12-11 17:10:31,MEZCLA,False,MEZCLA,33.235248395263866,0.9999999999999996,24,0,data_driven_batch_percentile_thresholds
1353,2025-12-11 17:10:32,2025-12-11 17:11:31,MEZCLA,False,MEZCLA,31.76371365386015,0.9999999999999996,24,0,data_driven_batch_percentile_thresholds
1354,2025-12-11 17:11:32,2025-12-11 17:12:31,MEZCLA,False,MEZCLA,30.570272161964787,0.9999999999999996,24,0,data_driven_batch_percentile_thresholds
1355,2025-12-11 17:12:32,2025-12-11 17:13:31,MEZCLA,False,MEZCLA,30.9993695611646,0.9999999999999996,24,0,data_driven_batch_percentile_thresholds
1356,2025-12-11 17:13:32,2025-12-11 17:14:31,MEZCLA,False,MEZCLA,30.774414150020466,0.9999999999999996,24,0,data_driven_batch_percentile_thresholds
1357,2025-12-11 17:14:32,2025-12-11 17:15:31,MEZCLA,False,MEZCLA,31.962671377225305,0.9999999999999996,24,0,data_driven_batch_percentile_thresholds
1358,2025-12-11 17:15:32,2025-12-11 17:16:31,MEZCLA,False,MEZCLA,30.680724678955425,0.9999999999999996,24,0,data_driven_batch_percentile_thresholds
1359,2025-12-11 17:16:32,2025-12-11 17:17:31,MEZCLA,False,MEZCLA,30.2232123908025,0.9999999999999996,24,0,data_driven_batch_percentile_thresholds
1360,2025-12-11 17:17:32,2025-12-11 17:18:31,MEZCLA,False,MEZCLA,31.064898694551147,0.9999999999999996,24,0,data_driven_batch_percentile_thresholds
1361,2025-12-11 17:18:32,2025-12-11 17:19:31,MEZCLA,False,MEZCLA,29.808937341468788,0.9999999999999996,24,0,data_driven_batch_percentile_thresholds
1362,2025-12-11 17:19:32,2025-12-11 17:20:31,MEZCLA,False,MEZCLA,31.7900186482818,0.9999999999999996,24,0,data_driven_batch_percentile_thresholds
1363,2025-12-11 17:20:32,2025-12-11 17:21:31,MEZCLA,False,MEZCLA,30.871204598074733,0.9999999999999996,24,0,data_driven_batch_percentile_thresholds
1364,2025-12-11 17:21:32,2025-12-11 17:22:31,MEZCLA,False,MEZCLA,31.23547394066501,0.9999999999999996,24,0,data_driven_batch_percentile_thresholds
1365,2025-12-11 17:22:32,2025-12-11 17:23:31,MEZCLA,False,MEZCLA,31.409252820596294,0.9999999999999996,24,0,data_driven_batch_percentile_thresholds
1366,2025-12-11 17:23:32,2025-12-11 17:24:31,MEZCLA,False,MEZCLA,31.47832735182224,0.9999999999999996,24,0,data_driven_batch_percentile_thresholds
1367,2025-12-11 17:24:32,2025-12-11 17:25:31,MEZCLA,False,MEZCLA,29.97883831570636,0.9999999999999996,24,0,data_driven_batch_percentile_thresholds
1368,2025-12-11 17:25:32,2025-12-11 17:26:31,MEZCLA,False,MEZCLA,30.69306589684552,0.9999999999999996,24,0,data_driven_batch_percentile_thresholds
1369,2025-12-11 17:26:32,2025-12-11 17:27:31,MEZCLA,False,MEZCLA,31.88262878790136,0.9999999999999996,24,0,data_driven_batch_percentile_thresholds
1370,2025-12-11 17:27:32,2025-12-11 17:28:31,MEZCLA,False,MEZCLA,42.69789486974079,0.9999999999999996,24,0,data_driven_batch_percentile_thresholds
1371,2025-12-11 17:28:32,2025-12-11 17:29:31,MEZCLA,False,MEZCLA,42.90538749655305,0.9999999999999996,24,0,data_driven_batch_percentile_thresholds
1372,2025-12-11 17:29:32,2025-12-11 17:30:31,MEZCLA,False,MEZCLA,39.174686135268665,0.9999999999999996,24,0,data_driven_batch_percentile_thresholds
1373,2025-12-11 17:30:32,2025-12-11 17:31:31,MEZCLA,False,MEZCLA,34.77366200663954,0.9999999999999996,24,0,data_driven_batch_percentile_thresholds
1374,2025-12-11 17:31:32,2025-12-11 17:32:31,MEZCLA,False,MEZCLA,28.739258465841825,0.9999999999999996,24,0,data_driven_batch_percentile_thresholds
1375,2025-12-11 17:32:32,2025-12-11 17:33:31,MEZCLA,False,MEZCLA,27.96799786089135,0.9999999999999996,24,0,data_driven_batch_percentile_thresholds
1376,2025-12-11 17:33:32,2025-12-11 17:34:31,MEZCLA,False,MEZCLA,30.888308187508105,0.9999999999999996,24,0,data_driven_batch_percentile_thresholds
1377,2025-12-11 17:34:32,2025-12-11 17:35:31,MEZCLA,False,MEZCLA,32.27030928150645,0.9999999999999996,24,0,data_driven_batch_percentile_thresholds
1378,2025-12-11 17:35:32,2025-12-11 17:36:31,MEZCLA,False,MEZCLA,31.937880357163,0.9999999999999996,24,0,data_driven_batch_percentile_thresholds
1379,2025-12-11 17:36:32,2025-12-11 17:37:31,MEZCLA,False,MEZCLA,30.66850951223832,0.9999999999999996,24,0,data_driven_batch_percentile_thresholds
1380,2025-12-11 17:37:32,2025-12-11 17:38:31,MEZCLA,False,MEZCLA,29.40548708547731,0.9999999999999996,24,0,data_driven_batch_percentile_thresholds
1381,2025-12-11 17:38:32,2025-12-11 17:39:31,MEZCLA,False,MEZCLA,30.969030901132616,0.9999999999999996,24,0,data_driven_batch_percentile_thresholds
1382,2025-12-11 17:39:32,2025-12-11 17:40:31,MEZCLA,False,MEZCLA,27.75177410501243,0.9999999999999996,24,0,data_driven_batch_percentile_thresholds
1383,2025-12-11 17:40:32,2025-12-11 17:41:31,MEZCLA,False,MEZCLA,32.18762860024357,0.9999999999999996,24,0,data_driven_batch_percentile_thresholds
1384,2025-12-11 17:41:32,2025-12-11 17:42:31,MEZCLA,False,MEZCLA,30.38348825126366,0.9999999999999996,24,0,data_driven_batch_percentile_thresholds
1385,2025-12-11 17:42:32,2025-12-11 17:43:31,MEZCLA,False,MEZCLA,34.07710786270599,0.9999999999999996,24,0,data_driven_batch_percentile_thresholds
1386,2025-12-11 17:43:32,2025-12-11 17:44:31,MEZCLA,False,MEZCLA,36.81046976676178,0.9999999999999996,24,0,data_driven_batch_percentile_thresholds
1387,2025-12-11 17:44:32,2025-12-11 17:45:31,MEZCLA,False,MEZCLA,33.626399647291656,0.9999999999999996,24,0,data_driven_batch_percentile_thresholds
1388,2025-12-11 17:45:32,2025-12-11 17:46:31,MEZCLA,False,MEZCLA,33.95695543664497,0.9999999999999996,24,0,data_driven_batch_percentile_thresholds
1389,2025-12-11 17:46:32,2025-12-11 17:47:31,MEZCLA,False,MEZCLA,30.667903299822672,0.9999999999999996,24,0,data_driven_batch_percentile_thresholds
1390,2025-12-11 17:47:32,2025-12-11 17:48:31,MEZCLA,False,MEZCLA,31.842383429556254,0.9999999999999996,24,0,data_driven_batch_percentile_thresholds
1391,2025-12-11 17:48:32,2025-12-11 17:49:31,MEZCLA,False,MEZCLA,32.69522234949183,0.9999999999999996,24,0,data_driven_batch_percentile_thresholds
1392,2025-12-11 17:49:32,2025-12-11 17:50:31,MEZCLA,False,MEZCLA,31.12308659464125,0.9999999999999996,24,0,data_driven_batch_percentile_thresholds
1393,2025-12-11 17:50:32,2025-12-11 17:51:31,MEZCLA,False,MEZCLA,32.08933127353116,0.9999999999999996,24,0,data_driven_batch_percentile_thresholds
1394,2025-12-11 17:51:32,2025-12-11 17:52:31,MEZCLA,False,MEZCLA,28.96629103220525,0.9999999999999996,24,0,data_driven_batch_percentile_thresholds
1395,2025-12-11 17:52:32,2025-12-11 17:53:31,MEZCLA,False,MEZCLA,30.492713638932894,0.9999999999999996,24,0,data_driven_batch_percentile_thresholds
1396,2025-12-11 17:53:32,2025-12-11 17:54:31,MEZCLA,False,MEZCLA,33.50155794560267,0.9999999999999996,24,0,data_driven_batch_percentile_thresholds
1397,2025-12-11 17:54:32,2025-12-11 17:55:31,MEZCLA,False,MEZCLA,32.637920768159695,0.9999999999999996,24,0,data_driven_batch_percentile_thresholds
1398,2025-12-11 17:55:32,2025-12-11 17:56:31,MEZCLA,True,MEZCLA,30.874280602377983,0.9999999999999996,24,0,data_driven_batch_percentile_thresholds
1399,2025-12-11 17:56:32,2025-12-11 17:57:31,RUBIALES,True,RUBIALES,28.87030195201537,0.9999999999999996,24,0,data_driven_batch_percentile_thresholds
1400,2025-12-11 17:57:32,2025-12-11 17:58:31,RUBIALES,True,RUBIALES,34.65521312540879,0.9999999999999996,24,0,data_driven_batch_percentile_thresholds
1401,2025-12-11 17:58:32,2025-12-11 17:59:31,RUBIALES,False,RUBIALES,33.53238513404943,0.9999999999999996,24,0,data_driven_batch_percentile_thresholds
1402,2025-12-11 17:59:32,2025-12-11 18:00:31,RUBIALES,False,RUBIALES,29.178622483613665,0.9999999999999996,24,0,data_driven_batch_percentile_thresholds
1403,2025-12-11 18:00:32,2025-12-11 18:01:31,RUBIALES,False,RUBIALES,31.994966577984343,0.9999999999999996,24,0,data_driven_batch_percentile_thresholds
1404,2025-12-11 18:01:32,2025-12-11 18:02:31,RUBIALES,False,RUBIALES,36.22092074568752,0.9999999999999996,24,0,data_driven_batch_percentile_thresholds
1405,2025-12-11 18:02:32,2025-12-11 18:03:31,RUBIALES,False,RUBIALES,33.133868394220094,0.9999999999999996,24,0,data_driven_batch_percentile_thresholds
1406,2025-12-11 18:03:32,2025-12-11 18:04:31,RUBIALES,False,RUBIALES,34.883841835129964,0.9999999999999996,24,0,data_driven_batch_percentile_thresholds
1407,2025-12-11 18:04:32,2025-12-11 18:05:31,RUBIALES,False,RUBIALES,31.380676923384737,0.9999999999999996,24,0,data_driven_batch_percentile_thresholds
1408,2025-12-11 18:05:32,2025-12-11 18:06:31,RUBIALES,False,RUBIALES,33.43507793439451,0.9999999999999996,24,0,data_driven_batch_percentile_thresholds
1409,2025-12-11 18:06:32,2025-12-11 18:07:31,RUBIALES,False,RUBIALES,33.43403893862615,0.9999999999999996,24,0,data_driven_batch_percentile_thresholds
1410,2025-12-11 18:07:32,2025-12-11 18:08:31,RUBIALES,False,RUBIALES,30.91330642748186,0.9999999999999996,24,0,data_driven_batch_percentile_thresholds
1411,2025-12-11 18:08:32,2025-12-11 18:09:31,RUBIALES,False,RUBIALES,32.13361025477841,0.9999999999999996,24,0,data_driven_batch_percentile_thresholds
1412,2025-12-11 18:09:32,2025-12-11 18:10:31,RUBIALES,False,RUBIALES,29.02438495382937,0.9999999999999996,24,0,data_driven_batch_percentile_thresholds
1413,2025-12-11 18:10:32,2025-12-11 18:11:31,RUBIALES,False,RUBIALES,38.24151438701702,0.9999999999999996,24,0,data_driven_batch_percentile_thresholds
1414,2025-12-11 18:11:32,2025-12-11 18:12:31,RUBIALES,False,RUBIALES,40.45316093264773,0.9999999999999996,24,0,data_driven_batch_percentile_thresholds
1415,2025-12-11 18:12:32,2025-12-11 18:13:31,RUBIALES,False,RUBIALES,33.13595187160584,0.9999999999999996,24,0,data_driven_batch_percentile_thresholds
1416,2025-12-11 18:13:32,2025-12-11 18:14:31,RUBIALES,False,RUBIALES,43.07166364469002,0.9999999999999996,24,0,data_driven_batch_percentile_thresholds
1417,2025-12-11 18:14:32,2025-12-11 18:15:31,RUBIALES,False,RUBIALES,35.76484209606154,0.9999999999999996,24,0,data_driven_batch_percentile_thresholds
1418,2025-12-11 18:15:32,2025-12-11 18:16:31,RUBIALES,False,RUBIALES,34.822093883682555,0.9999999999999996,24,0,data_driven_batch_percentile_thresholds
1419,2025-12-11 18:16:32,2025-12-11 18:17:31,RUBIALES,False,RUBIALES,35.04703360702141,0.9999999999999996,24,0,data_driven_batch_percentile_thresholds
1420,2025-12-11 18:17:32,2025-12-11 18:18:31,RUBIALES,False,RUBIALES,34.59571901179893,0.9999999999999996,24,0,data_driven_batch_percentile_thresholds
1421,2025-12-11 18:18:32,2025-12-11 18:19:31,RUBIALES,False,RUBIALES,32.16185049637616,0.9999999999999996,24,0,data_driven_batch_percentile_thresholds
1422,2025-12-11 18:19:32,2025-12-11 18:20:31,RUBIALES,False,RUBIALES,28.45959862894007,0.9999999999999996,24,0,data_driven_batch_percentile_thresholds
1423,2025-12-11 18:20:32,2025-12-11 18:21:31,RUBIALES,False,RUBIALES,33.10659939368061,0.9999999999999996,24,0,data_driven_batch_percentile_thresholds
1424,2025-12-11 18:21:32,2025-12-11 18:22:31,RUBIALES,False,RUBIALES,29.785357584629462,0.9999999999999996,24,0,data_driven_batch_percentile_thresholds
1425,2025-12-11 18:22:32,2025-12-11 18:23:31,RUBIALES,False,RUBIALES,30.89203426913168,0.9999999999999996,24,0,data_driven_batch_percentile_thresholds
1426,2025-12-11 18:23:32,2025-12-11 18:24:31,RUBIALES,False,RUBIALES,26.664765230945164,0.9999999999999996,24,0,data_driven_batch_percentile_thresholds
1427,2025-12-11 18:24:32,2025-12-11 18:25:31,RUBIALES,False,RUBIALES,31.4530516824722,0.9999999999999996,24,0,data_driven_batch_percentile_thresholds
1428,2025-12-11 18:25:32,2025-12-11 18:26:31,RUBIALES,False,RUBIALES,33.66651495003132,0.9999999999999996,24,0,data_driven_batch_percentile_thresholds
1429,2025-12-11 18:26:32,2025-12-11 18:27:31,RUBIALES,False,RUBIALES,33.96110236026664,0.9999999999999996,24,0,data_driven_batch_percentile_thresholds
1430,2025-12-11 18:27:32,2025-12-11 18:28:31,RUBIALES,False,RUBIALES,29.27817018800084,0.9999999999999996,24,0,data_driven_batch_percentile_thresholds
1431,2025-12-11 18:28:32,2025-12-11 18:29:31,RUBIALES,False,RUBIALES,26.13002093221625,0.9999999999999996,24,0,data_driven_batch_percentile_thresholds
1432,2025-12-11 18:29:32,2025-12-11 18:30:31,RUBIALES,False,RUBIALES,32.00571655028404,0.9999999999999996,24,0,data_driven_batch_percentile_thresholds
1433,2025-12-11 18:30:32,2025-12-11 18:31:31,RUBIALES,False,RUBIALES,28.708030288239,0.9999999999999996,24,0,data_driven_batch_percentile_thresholds
1434,2025-12-11 18:31:32,2025-12-11 18:32:31,RUBIALES,False,RUBIALES,32.23670757210412,0.9999999999999996,24,0,data_driven_batch_percentile_thresholds
1435,2025-12-11 18:32:32,2025-12-11 18:33:31,RUBIALES,False,RUBIALES,48.98016519236816,0.9999999999999996,24,0,data_driven_batch_percentile_thresholds
1436,2025-12-11 18:33:32,2025-12-11 18:34:31,RUBIALES,False,RUBIALES,46.33743772584295,0.9999999999999996,24,0,data_driven_batch_percentile_thresholds
1437,2025-12-11 18:34:32,2025-12-11 18:35:31,RUBIALES,False,RUBIALES,46.43833135562608,0.9999999999999996,24,0,data_driven_batch_percentile_thresholds
1438,2025-12-11 18:35:32,2025-12-11 18:36:31,RUBIALES,False,RUBIALES,37.37703298581473,0.9999999999999996,24,0,data_driven_batch_percentile_thresholds
1439,2025-12-11 18:36:32,2025-12-11 18:37:31,RUBIALES,False,RUBIALES,28.591330870729184,0.9999999999999996,24,0,data_driven_batch_percentile_thresholds
1440,2025-12-11 18:37:32,2025-12-11 18:38:31,RUBIALES,False,RUBIALES,31.08039920205936,0.9999999999999996,24,0,data_driven_batch_percentile_thresholds
1441,2025-12-11 18:38:32,2025-12-11 18:39:31,RUBIALES,False,RUBIALES,30.574572461724525,0.9999999999999996,24,0,data_driven_batch_percentile_thresholds
1442,2025-12-11 18:39:32,2025-12-11 18:40:31,RUBIALES,False,RUBIALES,29.172736031402472,0.9999999999999996,24,0,data_driven_batch_percentile_thresholds
1443,2025-12-11 18:40:32,2025-12-11 18:41:31,RUBIALES,False,RUBIALES,31.470345295830423,0.9999999999999996,24,0,data_driven_batch_percentile_thresholds
1444,2025-12-11 18:41:32,2025-12-11 18:42:31,RUBIALES,False,RUBIALES,31.043737225769764,0.9999999999999996,24,0,data_driven_batch_percentile_thresholds
1445,2025-12-11 18:42:32,2025-12-11 18:43:31,RUBIALES,False,RUBIALES,34.24468046366106,0.9999999999999996,24,0,data_driven_batch_percentile_thresholds
1446,2025-12-11 18:43:32,2025-12-11 18:44:31,RUBIALES,False,RUBIALES,30.538711863525805,0.9999999999999996,24,0,data_driven_batch_percentile_thresholds
1447,2025-12-11 18:44:32,2025-12-11 18:45:31,RUBIALES,False,RUBIALES,30.9482968291667,0.9999999999999996,24,0,data_driven_batch_percentile_thresholds
1448,2025-12-11 18:45:32,2025-12-11 18:46:31,RUBIALES,False,RUBIALES,44.210276234463706,0.9999999999999996,24,0,data_driven_batch_percentile_thresholds
1449,2025-12-11 18:46:32,2025-12-11 18:47:31,RUBIALES,False,RUBIALES,39.96342367593128,0.9999999999999996,24,0,data_driven_batch_percentile_thresholds
1450,2025-12-11 18:47:32,2025-12-11 18:48:31,RUBIALES,False,RUBIALES,34.40799973111109,0.9999999999999996,24,0,data_driven_batch_percentile_thresholds
1451,2025-12-11 18:48:32,2025-12-11 18:49:31,RUBIALES,False,RUBIALES,32.6231936827312,0.9999999999999996,24,0,data_driven_batch_percentile_thresholds
1452,2025-12-11 18:49:32,2025-12-11 18:50:31,RUBIALES,False,RUBIALES,30.730329086160044,0.9999999999999996,24,0,data_driven_batch_percentile_thresholds
1453,2025-12-11 18:50:32,2025-12-11 18:51:31,RUBIALES,False,RUBIALES,28.07269514863112,0.9999999999999996,24,0,data_driven_batch_percentile_thresholds
1454,2025-12-11 18:51:32,2025-12-11 18:52:31,RUBIALES,False,RUBIALES,29.29186339215677,0.9999999999999996,24,0,data_driven_batch_percentile_thresholds
1455,2025-12-11 18:52:32,2025-12-11 18:53:31,RUBIALES,False,RUBIALES,28.6533568223862,0.9999999999999996,24,0,data_driven_batch_percentile_thresholds
1456,2025-12-11 18:53:32,2025-12-11 18:54:31,RUBIALES,False,RUBIALES,35.005313831382914,0.9999999999999996,24,0,data_driven_batch_percentile_thresholds
1457,2025-12-11 18:54:32,2025-12-11 18:55:31,RUBIALES,False,RUBIALES,29.031673455699394,0.9999999999999996,24,0,data_driven_batch_percentile_thresholds
1458,2025-12-11 18:55:32,2025-12-11 18:56:31,RUBIALES,False,RUBIALES,32.36905204730062,0.9999999999999996,24,0,data_driven_batch_percentile_thresholds
1459,2025-12-11 18:56:32,2025-12-11 18:57:31,RUBIALES,False,RUBIALES,31.73142868358911,0.9999999999999996,24,0,data_driven_batch_percentile_thresholds
1460,2025-12-11 18:57:32,2025-12-11 18:58:31,RUBIALES,False,RUBIALES,30.37995228328359,0.9999999999999996,24,0,data_driven_batch_percentile_thresholds
1461,2025-12-11 18:58:32,2025-12-11 18:59:31,RUBIALES,False,RUBIALES,29.65574761904201,0.9999999999999996,24,0,data_driven_batch_percentile_thresholds
1462,2025-12-11 18:59:32,2025-12-11 19:00:31,RUBIALES,False,RUBIALES,32.75686788904132,0.9999999999999996,24,0,data_driven_batch_percentile_thresholds
1463,2025-12-11 19:00:32,2025-12-11 19:01:31,RUBIALES,False,RUBIALES,29.67670763493144,0.9999999999999996,24,0,data_driven_batch_percentile_thresholds
1464,2025-12-11 19:01:32,2025-12-11 19:02:31,RUBIALES,False,RUBIALES,27.74924291297123,0.9999999999999996,24,0,data_driven_batch_percentile_thresholds
1465,2025-12-11 19:02:32,2025-12-11 19:03:31,RUBIALES,False,RUBIALES,27.308391753754258,0.9999999999999996,24,0,data_driven_batch_percentile_thresholds
1466,2025-12-11 19:03:32,2025-12-11 19:04:31,RUBIALES,False,RUBIALES,29.461149200906284,0.9999999999999996,24,0,data_driven_batch_percentile_thresholds
1467,2025-12-11 19:04:32,2025-12-11 19:05:31,RUBIALES,False,RUBIALES,31.395657750399423,0.9999999999999996,24,0,data_driven_batch_percentile_thresholds
1468,2025-12-11 19:05:32,2025-12-11 19:06:12,RUBIALES,False,RUBIALES,27.31850076540609,0.9999999999999996,24,0,data_driven_batch_percentile_thresholds
