window_id,window_start,window_end,Batch,has_near_transition,condition_index,condition_index_available_weight,n_variables_used,n_variables_unmatched,assessment_method
0,2025-12-10 18:37:32,2025-12-10 18:38:31,RUBIALES,False,22.04690984631084,0.9999999999999996,24,0,data_driven_global_percentile_thresholds
1,2025-12-10 18:38:32,2025-12-10 18:39:31,RUBIALES,False,25.970893930608597,0.9999999999999996,24,0,data_driven_global_percentile_thresholds
2,2025-12-10 18:39:32,2025-12-10 18:40:31,RUBIALES,False,21.885731712441697,0.9999999999999996,24,0,data_driven_global_percentile_thresholds
3,2025-12-10 18:40:32,2025-12-10 18:41:31,RUBIALES,False,23.28593429702258,0.9999999999999996,24,0,data_driven_global_percentile_thresholds
4,2025-12-10 18:41:32,2025-12-10 18:42:31,RUBIALES,False,22.38204348602604,0.9999999999999996,24,0,data_driven_global_percentile_thresholds
5,2025-12-10 18:42:32,2025-12-10 18:43:31,RUBIALES,False,25.16717507878365,0.9999999999999996,24,0,data_driven_global_percentile_thresholds
6,2025-12-10 18:43:32,2025-12-10 18:44:31,RUBIALES,False,24.065424914011704,0.9999999999999996,24,0,data_driven_global_percentile_thresholds
7,2025-12-10 18:44:32,2025-12-10 18:45:31,RUBIALES,False,22.111088684923335,0.9999999999999996,24,0,data_driven_global_percentile_thresholds
8,2025-12-10 18:45:32,2025-12-10 18:46:31,RUBIALES,False,21.13007631936117,0.9999999999999996,24,0,data_driven_global_percentile_thresholds
9,2025-12-10 18:46:32,2025-12-10 18:47:31,RUBIALES,True,20.77367087792883,0.9999999999999996,24,0,data_driven_global_percentile_thresholds
10,2025-12-10 18:47:32,2025-12-10 18:48:31,CASTILLA,True,21.07281267165692,0.9999999999999996,24,0,data_driven_global_percentile_thresholds
11,2025-12-10 18:48:32,2025-12-10 18:49:31,CASTILLA,True,20.78535690589949,0.9999999999999996,24,0,data_driven_global_percentile_thresholds
12,2025-12-10 18:49:32,2025-12-10 18:50:31,CASTILLA,False,23.50237950373564,0.9999999999999996,24,0,data_driven_global_percentile_thresholds
13,2025-12-10 18:50:32,2025-12-10 18:51:31,CASTILLA,False,22.6457359473294,0.9999999999999996,24,0,data_driven_global_percentile_thresholds
14,2025-12-10 18:51:32,2025-12-10 18:52:31,CASTILLA,False,24.956295040552,0.9999999999999996,24,0,data_driven_global_percentile_thresholds
15,2025-12-10 18:52:32,2025-12-10 18:53:31,CASTILLA,False,22.42850864088264,0.9999999999999996,24,0,data_driven_global_percentile_thresholds
16,2025-12-10 18:53:32,2025-12-10 18:54:31,CASTILLA,False,21.952325794935973,0.9999999999999996,24,0,data_driven_global_percentile_thresholds
17,2025-12-10 18:54:32,2025-12-10 18:55:31,CASTILLA,False,20.182224977019665,0.9999999999999996,24,0,data_driven_global_percentile_thresholds
18,2025-12-10 18:55:32,2025-12-10 18:56:31,CASTILLA,False,20.98560475226695,0.9999999999999996,24,0,data_driven_global_percentile_thresholds
19,2025-12-10 18:56:32,2025-12-10 18:57:31,CASTILLA,False,23.164912822253022,0.9999999999999996,24,0,data_driven_global_percentile_thresholds
20,2025-12-10 18:57:32,2025-12-10 18:58:31,CASTILLA,False,19.53913682850968,0.9999999999999996,24,0,data_driven_global_percentile_thresholds
21,2025-12-10 18:58:32,2025-12-10 18:59:31,CASTILLA,False,18.89548907213157,0.9999999999999996,24,0,data_driven_global_percentile_thresholds
22,2025-12-10 18:59:32,2025-12-10 19:00:31,CASTILLA,False,18.921675933328792,0.9999999999999996,24,0,data_driven_global_percentile_thresholds
23,2025-12-10 19:00:32,2025-12-10 19:01:31,CASTILLA,False,20.748465706290656,0.9999999999999996,24,0,data_driven_global_percentile_thresholds
24,2025-12-10 19:01:32,2025-12-10 19:02:31,CASTILLA,False,21.677166961570805,0.9999999999999996,24,0,data_driven_global_percentile_thresholds
25,2025-12-10 19:02:32,2025-12-10 19:03:31,CASTILLA,False,17.585990987934064,0.9999999999999996,24,0,data_driven_global_percentile_thresholds
26,2025-12-10 19:03:32,2025-12-10 19:04:31,CASTILLA,False,17.756110807439207,0.9999999999999996,24,0,data_driven_global_percentile_thresholds
27,2025-12-10 19:04:32,2025-12-10 19:05:31,CASTILLA,False,19.73218105021308,0.9999999999999996,24,0,data_driven_global_percentile_thresholds
28,2025-12-10 19:05:32,2025-12-10 19:06:31,CASTILLA,False,18.07613833038629,0.9999999999999996,24,0,data_driven_global_percentile_thresholds
29,2025-12-10 19:06:32,2025-12-10 19:07:31,CASTILLA,False,17.903893800647218,0.9999999999999996,24,0,data_driven_global_percentile_thresholds
30,2025-12-10 19:07:32,2025-12-10 19:08:31,CASTILLA,False,21.924015190256316,0.9999999999999996,24,0,data_driven_global_percentile_thresholds
31,2025-12-10 19:08:32,2025-12-10 19:09:31,CASTILLA,False,17.299982471009283,0.9999999999999996,24,0,data_driven_global_percentile_thresholds
32,2025-12-10 19:09:32,2025-12-10 19:10:31,CASTILLA,False,18.78677568462284,0.9999999999999996,24,0,data_driven_global_percentile_thresholds
33,2025-12-10 19:10:32,2025-12-10 19:11:31,CASTILLA,False,15.664390228918505,0.9999999999999996,24,0,data_driven_global_percentile_thresholds
34,2025-12-10 19:11:32,2025-12-10 19:12:31,CASTILLA,False,17.082321560242523,0.9999999999999996,24,0,data_driven_global_percentile_thresholds
35,2025-12-10 19:12:32,2025-12-10 19:13:31,CASTILLA,False,16.526331769193916,0.9999999999999996,24,0,data_driven_global_percentile_thresholds
36,2025-12-10 19:13:32,2025-12-10 19:14:31,CASTILLA,False,18.90537702411112,0.9999999999999996,24,0,data_driven_global_percentile_thresholds
37,2025-12-10 19:14:32,2025-12-10 19:15:31,CASTILLA,False,17.077387898640914,0.9999999999999996,24,0,data_driven_global_percentile_thresholds
38,2025-12-10 19:15:32,2025-12-10 19:16:31,CASTILLA,False,17.24949668269252,0.9999999999999996,24,0,data_driven_global_percentile_thresholds
39,2025-12-10 19:16:32,2025-12-10 19:17:31,CASTILLA,False,20.181710035269678,0.9999999999999996,24,0,data_driven_global_percentile_thresholds
40,2025-12-10 19:17:32,2025-12-10 19:18:31,CASTILLA,False,16.029276326185094,0.9999999999999996,24,0,data_driven_global_percentile_thresholds
41,2025-12-10 19:18:32,2025-12-10 19:19:31,CASTILLA,False,16.761778658427627,0.9999999999999996,24,0,data_driven_global_percentile_thresholds
42,2025-12-10 19:19:32,2025-12-10 19:20:31,CASTILLA,False,17.26285442530918,0.9999999999999996,24,0,data_driven_global_percentile_thresholds
43,2025-12-10 19:20:32,2025-12-10 19:21:31,CASTILLA,False,20.85094355696021,0.9999999999999996,24,0,data_driven_global_percentile_thresholds
44,2025-12-10 19:21:32,2025-12-10 19:22:31,CASTILLA,False,17.9891888387697,0.9999999999999996,24,0,data_driven_global_percentile_thresholds
45,2025-12-10 19:22:32,2025-12-10 19:23:31,CASTILLA,False,19.933242261087067,0.9999999999999996,24,0,data_driven_global_percentile_thresholds
46,2025-12-10 19:23:32,2025-12-10 19:24:31,CASTILLA,False,20.791451319360792,0.9999999999999996,24,0,data_driven_global_percentile_thresholds
47,2025-12-10 19:24:32,2025-12-10 19:25:31,CASTILLA,False,14.71979849502129,0.9999999999999996,24,0,data_driven_global_percentile_thresholds
48,2025-12-10 19:25:32,2025-12-10 19:26:31,CASTILLA,False,14.230151466651389,0.9999999999999996,24,0,data_driven_global_percentile_thresholds
49,2025-12-10 19:26:32,2025-12-10 19:27:31,CASTILLA,False,13.9509333061068,0.9999999999999996,24,0,data_driven_global_percentile_thresholds
50,2025-12-10 19:27:32,2025-12-10 19:28:31,CASTILLA,False,15.393098448535326,0.9999999999999996,24,0,data_driven_global_percentile_thresholds
51,2025-12-10 19:28:32,2025-12-10 19:29:31,CASTILLA,False,14.041630924201954,0.9999999999999996,24,0,data_driven_global_percentile_thresholds
52,2025-12-10 19:29:32,2025-12-10 19:30:31,CASTILLA,False,15.413491297843796,0.9999999999999996,24,0,data_driven_global_percentile_thresholds
53,2025-12-10 19:30:32,2025-12-10 19:31:31,CASTILLA,False,14.25992585268841,0.9999999999999996,24,0,data_driven_global_percentile_thresholds
54,2025-12-10 19:31:32,2025-12-10 19:32:31,CASTILLA,False,11.79242511551522,0.9999999999999996,24,0,data_driven_global_percentile_thresholds
55,2025-12-10 19:32:32,2025-12-10 19:33:31,CASTILLA,False,13.067506431830752,0.9999999999999996,24,0,data_driven_global_percentile_thresholds
56,2025-12-10 19:33:32,2025-12-10 19:34:31,CASTILLA,False,18.5576529784809,0.9999999999999996,24,0,data_driven_global_percentile_thresholds
57,2025-12-10 19:34:32,2025-12-10 19:35:31,CASTILLA,False,15.627088110556564,0.9999999999999996,24,0,data_driven_global_percentile_thresholds
58,2025-12-10 19:35:32,2025-12-10 19:36:31,CASTILLA,False,12.31864551523288,0.9999999999999996,24,0,data_driven_global_percentile_thresholds
59,2025-12-10 19:36:32,2025-12-10 19:37:31,CASTILLA,False,13.29355110846015,0.9999999999999996,24,0,data_driven_global_percentile_thresholds
60,2025-12-10 19:37:32,2025-12-10 19:38:31,CASTILLA,False,11.92292660275543,0.9999999999999996,24,0,data_driven_global_percentile_thresholds
61,2025-12-10 19:38:32,2025-12-10 19:39:31,CASTILLA,False,16.581228052874962,0.9999999999999996,24,0,data_driven_global_percentile_thresholds
62,2025-12-10 19:39:32,2025-12-10 19:40:31,CASTILLA,False,14.46771663051406,0.9999999999999996,24,0,data_driven_global_percentile_thresholds
63,2025-12-10 19:40:32,2025-12-10 19:41:31,CASTILLA,False,12.438866769162116,0.9999999999999996,24,0,data_driven_global_percentile_thresholds
64,2025-12-10 19:41:32,2025-12-10 19:42:31,CASTILLA,False,13.147789580821463,0.9999999999999996,24,0,data_driven_global_percentile_thresholds
65,2025-12-10 19:42:32,2025-12-10 19:43:31,CASTILLA,False,11.879557540782669,0.9999999999999996,24,0,data_driven_global_percentile_thresholds
66,2025-12-10 19:43:32,2025-12-10 19:44:31,CASTILLA,False,15.083641720168004,0.9999999999999996,24,0,data_driven_global_percentile_thresholds
67,2025-12-10 19:44:32,2025-12-10 19:45:31,CASTILLA,False,14.65032905833852,0.9999999999999996,24,0,data_driven_global_percentile_thresholds
68,2025-12-10 19:45:32,2025-12-10 19:46:31,CASTILLA,False,14.283236293742542,0.9999999999999996,24,0,data_driven_global_percentile_thresholds
69,2025-12-10 19:46:32,2025-12-10 19:47:31,CASTILLA,False,14.997227954291034,0.9999999999999996,24,0,data_driven_global_percentile_thresholds
70,2025-12-10 19:47:32,2025-12-10 19:48:31,CASTILLA,False,12.714853516815689,0.9999999999999996,24,0,data_driven_global_percentile_thresholds
71,2025-12-10 19:48:32,2025-12-10 19:49:31,CASTILLA,False,13.03552902481004,0.9999999999999996,24,0,data_driven_global_percentile_thresholds
72,2025-12-10 19:49:32,2025-12-10 19:50:31,CASTILLA,False,13.7396534555145,0.9999999999999996,24,0,data_driven_global_percentile_thresholds
73,2025-12-10 19:50:32,2025-12-10 19:51:31,CASTILLA,False,12.250830670990783,0.9999999999999996,24,0,data_driven_global_percentile_thresholds
74,2025-12-10 19:51:32,2025-12-10 19:52:31,CASTILLA,False,11.711069847510569,0.9999999999999996,24,0,data_driven_global_percentile_thresholds
75,2025-12-10 19:52:32,2025-12-10 19:53:31,CASTILLA,False,11.909156057982692,0.9999999999999996,24,0,data_driven_global_percentile_thresholds
76,2025-12-10 19:53:32,2025-12-10 19:54:31,CASTILLA,False,14.185791524116524,0.9999999999999996,24,0,data_driven_global_percentile_thresholds
77,2025-12-10 19:54:32,2025-12-10 19:55:31,CASTILLA,False,12.467626819812027,0.9999999999999996,24,0,data_driven_global_percentile_thresholds
78,2025-12-10 19:55:32,2025-12-10 19:56:31,CASTILLA,False,12.734750999568734,0.9999999999999996,24,0,data_driven_global_percentile_thresholds
79,2025-12-10 19:56:32,2025-12-10 19:57:31,CASTILLA,False,13.48505902493971,0.9999999999999996,24,0,data_driven_global_percentile_thresholds
80,2025-12-10 19:57:32,2025-12-10 19:58:31,CASTILLA,False,12.5133509579215,0.9999999999999996,24,0,data_driven_global_percentile_thresholds
81,2025-12-10 19:58:32,2025-12-10 19:59:31,CASTILLA,False,15.042434542613316,0.9999999999999996,24,0,data_driven_global_percentile_thresholds
82,2025-12-10 19:59:32,2025-12-10 20:00:31,CASTILLA,False,15.543512350738204,0.9999999999999996,24,0,data_driven_global_percentile_thresholds
83,2025-12-10 20:00:32,2025-12-10 20:01:31,CASTILLA,False,15.44169087737811,0.9999999999999996,24,0,data_driven_global_percentile_thresholds
84,2025-12-10 20:01:32,2025-12-10 20:02:31,CASTILLA,False,9.604668906087497,0.9999999999999996,24,0,data_driven_global_percentile_thresholds
85,2025-12-10 20:02:32,2025-12-10 20:03:31,CASTILLA,False,8.054320135173546,0.9999999999999996,24,0,data_driven_global_percentile_thresholds
86,2025-12-10 20:03:32,2025-12-10 20:04:31,CASTILLA,False,10.680578465844889,0.9999999999999996,24,0,data_driven_global_percentile_thresholds
87,2025-12-10 20:04:32,2025-12-10 20:05:31,CASTILLA,False,9.728415943777277,0.9999999999999996,24,0,data_driven_global_percentile_thresholds
88,2025-12-10 20:05:32,2025-12-10 20:06:31,CASTILLA,False,11.637704092803975,0.9999999999999996,24,0,data_driven_global_percentile_thresholds
89,2025-12-10 20:06:32,2025-12-10 20:07:31,CASTILLA,False,9.891329026996532,0.9999999999999996,24,0,data_driven_global_percentile_thresholds
90,2025-12-10 20:07:32,2025-12-10 20:08:31,CASTILLA,False,9.2840955577853,0.9999999999999996,24,0,data_driven_global_percentile_thresholds
91,2025-12-10 20:08:32,2025-12-10 20:09:31,CASTILLA,False,8.442908959236958,0.9999999999999996,24,0,data_driven_global_percentile_thresholds
92,2025-12-10 20:09:32,2025-12-10 20:10:31,CASTILLA,False,8.883028611031511,0.9999999999999996,24,0,data_driven_global_percentile_thresholds
93,2025-12-10 20:10:32,2025-12-10 20:11:31,CASTILLA,False,8.965942759035915,0.9999999999999996,24,0,data_driven_global_percentile_thresholds
94,2025-12-10 20:11:32,2025-12-10 20:12:31,CASTILLA,False,8.853349147332857,0.9999999999999996,24,0,data_driven_global_percentile_thresholds
95,2025-12-10 20:12:32,2025-12-10 20:13:31,CASTILLA,False,7.90006127267377,0.9999999999999996,24,0,data_driven_global_percentile_thresholds
96,2025-12-10 20:13:32,2025-12-10 20:14:31,CASTILLA,False,8.731904544620619,0.9999999999999996,24,0,data_driven_global_percentile_thresholds
97,2025-12-10 20:14:32,2025-12-10 20:15:31,CASTILLA,False,11.562905070825815,0.9999999999999996,24,0,data_driven_global_percentile_thresholds
98,2025-12-10 20:15:32,2025-12-10 20:16:31,CASTILLA,False,11.89651736424619,0.9999999999999996,24,0,data_driven_global_percentile_thresholds
99,2025-12-10 20:16:32,2025-12-10 20:17:31,CASTILLA,False,12.671348257895932,0.9999999999999996,24,0,data_driven_global_percentile_thresholds
100,2025-12-10 20:17:32,2025-12-10 20:18:31,CASTILLA,False,11.913872379321669,0.9999999999999996,24,0,data_driven_global_percentile_thresholds
101,2025-12-10 20:18:32,2025-12-10 20:19:31,CASTILLA,False,12.45981414746758,0.9999999999999996,24,0,data_driven_global_percentile_thresholds
102,2025-12-10 20:19:32,2025-12-10 20:20:31,CASTILLA,False,12.77304034006284,0.9999999999999996,24,0,data_driven_global_percentile_thresholds
103,2025-12-10 20:20:32,2025-12-10 20:21:31,CASTILLA,False,13.008708799924436,0.9999999999999996,24,0,data_driven_global_percentile_thresholds
104,2025-12-10 20:21:32,2025-12-10 20:22:31,CASTILLA,False,11.263151038778195,0.9999999999999996,24,0,data_driven_global_percentile_thresholds
105,2025-12-10 20:22:32,2025-12-10 20:23:31,CASTILLA,False,10.756144792188174,0.9999999999999996,24,0,data_driven_global_percentile_thresholds
106,2025-12-10 20:23:32,2025-12-10 20:24:31,CASTILLA,False,12.551053176189829,0.9999999999999996,24,0,data_driven_global_percentile_thresholds
107,2025-12-10 20:24:32,2025-12-10 20:25:31,CASTILLA,False,9.272261206372342,0.9999999999999996,24,0,data_driven_global_percentile_thresholds
108,2025-12-10 20:25:32,2025-12-10 20:26:31,CASTILLA,False,9.16872028017287,0.9999999999999996,24,0,data_driven_global_percentile_thresholds
109,2025-12-10 20:26:32,2025-12-10 20:27:31,CASTILLA,False,10.5773283891856,0.9999999999999996,24,0,data_driven_global_percentile_thresholds
110,2025-12-10 20:27:32,2025-12-10 20:28:31,CASTILLA,False,9.890462452807729,0.9999999999999996,24,0,data_driven_global_percentile_thresholds
111,2025-12-10 20:28:32,2025-12-10 20:29:31,CASTILLA,False,7.855854232465265,0.9999999999999996,24,0,data_driven_global_percentile_thresholds
112,2025-12-10 20:29:32,2025-12-10 20:30:31,CASTILLA,False,7.257156721546843,0.9999999999999996,24,0,data_driven_global_percentile_thresholds
113,2025-12-10 20:30:32,2025-12-10 20:31:31,CASTILLA,False,8.239304537567445,0.9999999999999996,24,0,data_driven_global_percentile_thresholds
114,2025-12-10 20:31:32,2025-12-10 20:32:31,CASTILLA,False,8.088243170103977,0.9999999999999996,24,0,data_driven_global_percentile_thresholds
115,2025-12-10 20:32:32,2025-12-10 20:33:31,CASTILLA,False,6.306968506221232,0.9999999999999996,24,0,data_driven_global_percentile_thresholds
116,2025-12-10 20:33:32,2025-12-10 20:34:31,CASTILLA,False,7.80119987842868,0.9999999999999996,24,0,data_driven_global_percentile_thresholds
117,2025-12-10 20:34:32,2025-12-10 20:35:31,CASTILLA,False,9.069289117858029,0.9999999999999996,24,0,data_driven_global_percentile_thresholds
118,2025-12-10 20:35:32,2025-12-10 20:36:31,CASTILLA,False,10.388561031894668,0.9999999999999996,24,0,data_driven_global_percentile_thresholds
119,2025-12-10 20:36:32,2025-12-10 20:37:31,CASTILLA,False,6.374979499999224,0.9999999999999996,24,0,data_driven_global_percentile_thresholds
120,2025-12-10 20:37:32,2025-12-10 20:38:31,CASTILLA,False,10.885463414440016,0.9999999999999996,24,0,data_driven_global_percentile_thresholds
121,2025-12-10 20:38:32,2025-12-10 20:39:31,CASTILLA,False,8.097463051019073,0.9999999999999996,24,0,data_driven_global_percentile_thresholds
122,2025-12-10 20:39:32,2025-12-10 20:40:31,CASTILLA,False,10.995911955656206,0.9999999999999996,24,0,data_driven_global_percentile_thresholds
123,2025-12-10 20:40:32,2025-12-10 20:41:31,CASTILLA,False,9.483204577246385,0.9999999999999996,24,0,data_driven_global_percentile_thresholds
124,2025-12-10 20:41:32,2025-12-10 20:42:31,CASTILLA,False,10.720704940998802,0.9999999999999996,24,0,data_driven_global_percentile_thresholds
125,2025-12-10 20:42:32,2025-12-10 20:43:31,CASTILLA,False,8.821618426634146,0.9999999999999996,24,0,data_driven_global_percentile_thresholds
126,2025-12-10 20:43:32,2025-12-10 20:44:31,CASTILLA,False,9.881091219497597,0.9999999999999996,24,0,data_driven_global_percentile_thresholds
127,2025-12-10 20:44:32,2025-12-10 20:45:31,CASTILLA,False,8.553007478856975,0.9999999999999996,24,0,data_driven_global_percentile_thresholds
128,2025-12-10 20:45:32,2025-12-10 20:46:31,CASTILLA,False,9.621075629232964,0.9999999999999996,24,0,data_driven_global_percentile_thresholds
129,2025-12-10 20:46:32,2025-12-10 20:47:31,CASTILLA,False,7.836984464694695,0.9999999999999996,24,0,data_driven_global_percentile_thresholds
130,2025-12-10 20:47:32,2025-12-10 20:48:31,CASTILLA,False,10.562429276237738,0.9999999999999996,24,0,data_driven_global_percentile_thresholds
131,2025-12-10 20:48:32,2025-12-10 20:49:31,CASTILLA,False,11.503733247621238,0.9999999999999996,24,0,data_driven_global_percentile_thresholds
132,2025-12-10 20:49:32,2025-12-10 20:50:31,CASTILLA,False,12.162505235496145,0.9999999999999996,24,0,data_driven_global_percentile_thresholds
133,2025-12-10 20:50:32,2025-12-10 20:51:31,CASTILLA,False,10.514439525658126,0.9999999999999996,24,0,data_driven_global_percentile_thresholds
134,2025-12-10 20:51:32,2025-12-10 20:52:31,CASTILLA,False,13.05060319869203,0.9999999999999996,24,0,data_driven_global_percentile_thresholds
135,2025-12-10 20:52:32,2025-12-10 20:53:31,CASTILLA,False,14.693442619544006,0.9999999999999996,24,0,data_driven_global_percentile_thresholds
136,2025-12-10 20:53:32,2025-12-10 20:54:31,CASTILLA,False,12.403371722564287,0.9999999999999996,24,0,data_driven_global_percentile_thresholds
137,2025-12-10 20:54:32,2025-12-10 20:55:31,CASTILLA,False,11.5918695636203,0.9999999999999996,24,0,data_driven_global_percentile_thresholds
138,2025-12-10 20:55:32,2025-12-10 20:56:31,CASTILLA,False,9.338429188100688,0.9999999999999996,24,0,data_driven_global_percentile_thresholds
139,2025-12-10 20:56:32,2025-12-10 20:57:31,CASTILLA,False,10.858298023713992,0.9999999999999996,24,0,data_driven_global_percentile_thresholds
140,2025-12-10 20:57:32,2025-12-10 20:58:31,CASTILLA,False,9.892091300472536,0.9999999999999996,24,0,data_driven_global_percentile_thresholds
141,2025-12-10 20:58:32,2025-12-10 20:59:31,CASTILLA,False,9.00427994393383,0.9999999999999996,24,0,data_driven_global_percentile_thresholds
142,2025-12-10 20:59:32,2025-12-10 21:00:31,CASTILLA,False,8.182374174073257,0.9999999999999996,24,0,data_driven_global_percentile_thresholds
143,2025-12-10 21:00:32,2025-12-10 21:01:31,CASTILLA,False,10.269775925339298,0.9999999999999996,24,0,data_driven_global_percentile_thresholds
144,2025-12-10 21:01:32,2025-12-10 21:02:31,CASTILLA,False,11.716885557993464,0.9999999999999996,24,0,data_driven_global_percentile_thresholds
145,2025-12-10 21:02:32,2025-12-10 21:03:31,CASTILLA,False,10.988588678685286,0.9999999999999996,24,0,data_driven_global_percentile_thresholds
146,2025-12-10 21:03:32,2025-12-10 21:04:31,CASTILLA,False,11.701789459457904,0.9999999999999996,24,0,data_driven_global_percentile_thresholds
147,2025-12-10 21:04:32,2025-12-10 21:05:31,CASTILLA,False,11.635333777073932,0.9999999999999996,24,0,data_driven_global_percentile_thresholds
148,2025-12-10 21:05:32,2025-12-10 21:06:31,CASTILLA,False,9.848740336287229,0.9999999999999996,24,0,data_driven_global_percentile_thresholds
149,2025-12-10 21:06:32,2025-12-10 21:07:31,CASTILLA,False,9.827663679143322,0.9999999999999996,24,0,data_driven_global_percentile_thresholds
150,2025-12-10 21:07:32,2025-12-10 21:08:31,CASTILLA,False,14.489610766396428,0.9999999999999996,24,0,data_driven_global_percentile_thresholds
151,2025-12-10 21:08:32,2025-12-10 21:09:31,CASTILLA,False,15.245974542876963,0.9999999999999996,24,0,data_driven_global_percentile_thresholds
152,2025-12-10 21:09:32,2025-12-10 21:10:31,CASTILLA,False,16.74459694311746,0.9999999999999996,24,0,data_driven_global_percentile_thresholds
153,2025-12-10 21:10:32,2025-12-10 21:11:31,CASTILLA,False,12.988845771571794,0.9999999999999996,24,0,data_driven_global_percentile_thresholds
154,2025-12-10 21:11:32,2025-12-10 21:12:31,CASTILLA,False,12.64749183112434,0.9999999999999996,24,0,data_driven_global_percentile_thresholds
155,2025-12-10 21:12:32,2025-12-10 21:13:31,CASTILLA,False,14.192078141177726,0.9999999999999996,24,0,data_driven_global_percentile_thresholds
156,2025-12-10 21:13:32,2025-12-10 21:14:31,CASTILLA,False,15.551711786574629,0.9999999999999996,24,0,data_driven_global_percentile_thresholds
157,2025-12-10 21:14:32,2025-12-10 21:15:31,CASTILLA,False,12.37312197651079,0.9999999999999996,24,0,data_driven_global_percentile_thresholds
158,2025-12-10 21:15:32,2025-12-10 21:16:31,CASTILLA,False,16.240001467150872,0.9999999999999996,24,0,data_driven_global_percentile_thresholds
159,2025-12-10 21:16:32,2025-12-10 21:17:31,CASTILLA,False,14.112036223438372,0.9999999999999996,24,0,data_driven_global_percentile_thresholds
160,2025-12-10 21:17:32,2025-12-10 21:18:31,CASTILLA,False,15.343576823262104,0.9999999999999996,24,0,data_driven_global_percentile_thresholds
161,2025-12-10 21:18:32,2025-12-10 21:19:31,CASTILLA,False,15.31389904130936,0.9999999999999996,24,0,data_driven_global_percentile_thresholds
162,2025-12-10 21:19:32,2025-12-10 21:20:31,CASTILLA,False,14.71948449586677,0.9999999999999996,24,0,data_driven_global_percentile_thresholds
163,2025-12-10 21:20:32,2025-12-10 21:21:31,CASTILLA,False,15.849426801363723,0.9999999999999996,24,0,data_driven_global_percentile_thresholds
164,2025-12-10 21:21:32,2025-12-10 21:22:31,CASTILLA,False,14.553148565872434,0.9999999999999996,24,0,data_driven_global_percentile_thresholds
165,2025-12-10 21:22:32,2025-12-10 21:23:31,CASTILLA,False,14.630509667901986,0.9999999999999996,24,0,data_driven_global_percentile_thresholds
166,2025-12-10 21:23:32,2025-12-10 21:24:31,CASTILLA,False,16.236089772618666,0.9999999999999996,24,0,data_driven_global_percentile_thresholds
167,2025-12-10 21:24:32,2025-12-10 21:25:31,CASTILLA,False,14.930999050304864,0.9999999999999996,24,0,data_driven_global_percentile_thresholds
168,2025-12-10 21:25:32,2025-12-10 21:26:31,CASTILLA,False,13.874967006104596,0.9999999999999996,24,0,data_driven_global_percentile_thresholds
169,2025-12-10 21:26:32,2025-12-10 21:27:31,CASTILLA,False,16.06636835825636,0.9999999999999996,24,0,data_driven_global_percentile_thresholds
170,2025-12-10 21:27:32,2025-12-10 21:28:31,CASTILLA,False,13.4701269913553,0.9999999999999996,24,0,data_driven_global_percentile_thresholds
171,2025-12-10 21:28:32,2025-12-10 21:29:31,CASTILLA,False,13.39325208110036,0.9999999999999996,24,0,data_driven_global_percentile_thresholds
172,2025-12-10 21:29:32,2025-12-10 21:30:31,CASTILLA,False,15.052219497428403,0.9999999999999996,24,0,data_driven_global_percentile_thresholds
173,2025-12-10 21:30:32,2025-12-10 21:31:31,CASTILLA,False,14.56102412767424,0.9999999999999996,24,0,data_driven_global_percentile_thresholds
174,2025-12-10 21:31:32,2025-12-10 21:32:31,CASTILLA,False,15.445098674076236,0.9999999999999996,24,0,data_driven_global_percentile_thresholds
175,2025-12-10 21:32:32,2025-12-10 21:33:31,CASTILLA,False,13.4494047461589,0.9999999999999996,24,0,data_driven_global_percentile_thresholds
176,2025-12-10 21:33:32,2025-12-10 21:34:31,CASTILLA,False,15.314147623233708,0.9999999999999996,24,0,data_driven_global_percentile_thresholds
177,2025-12-10 21:34:32,2025-12-10 21:35:31,CASTILLA,False,15.358750265124469,0.9999999999999996,24,0,data_driven_global_percentile_thresholds
178,2025-12-10 21:35:32,2025-12-10 21:36:31,CASTILLA,False,14.762013963862978,0.9999999999999996,24,0,data_driven_global_percentile_thresholds
179,2025-12-10 21:36:32,2025-12-10 21:37:31,CASTILLA,False,15.512305347014347,0.9999999999999996,24,0,data_driven_global_percentile_thresholds
180,2025-12-10 21:37:32,2025-12-10 21:38:31,CASTILLA,False,16.151570380834283,0.9999999999999996,24,0,data_driven_global_percentile_thresholds
181,2025-12-10 21:38:32,2025-12-10 21:39:31,CASTILLA,False,14.614924454078729,0.9999999999999996,24,0,data_driven_global_percentile_thresholds
182,2025-12-10 21:39:32,2025-12-10 21:40:31,CASTILLA,False,15.221520170035117,0.9999999999999996,24,0,data_driven_global_percentile_thresholds
183,2025-12-10 21:40:32,2025-12-10 21:41:31,CASTILLA,False,15.334826349027908,0.9999999999999996,24,0,data_driven_global_percentile_thresholds
184,2025-12-10 21:41:32,2025-12-10 21:42:31,CASTILLA,False,16.644766008907556,0.9999999999999996,24,0,data_driven_global_percentile_thresholds
185,2025-12-10 21:42:32,2025-12-10 21:43:31,CASTILLA,False,13.948309247141625,0.9999999999999996,24,0,data_driven_global_percentile_thresholds
186,2025-12-10 21:43:32,2025-12-10 21:44:31,CASTILLA,False,13.481912426670515,0.9999999999999996,24,0,data_driven_global_percentile_thresholds
187,2025-12-10 21:44:32,2025-12-10 21:45:31,CASTILLA,False,15.917406409939908,0.9999999999999996,24,0,data_driven_global_percentile_thresholds
188,2025-12-10 21:45:32,2025-12-10 21:46:31,CASTILLA,False,12.982018369867722,0.9999999999999996,24,0,data_driven_global_percentile_thresholds
189,2025-12-10 21:46:32,2025-12-10 21:47:31,CASTILLA,False,12.94360531159134,0.9999999999999996,24,0,data_driven_global_percentile_thresholds
190,2025-12-10 21:47:32,2025-12-10 21:48:31,CASTILLA,False,13.399836807666178,0.9999999999999996,24,0,data_driven_global_percentile_thresholds
191,2025-12-10 21:48:32,2025-12-10 21:49:31,CASTILLA,False,15.017308924348772,0.9999999999999996,24,0,data_driven_global_percentile_thresholds
192,2025-12-10 21:49:32,2025-12-10 21:50:31,CASTILLA,False,14.02816873542378,0.9999999999999996,24,0,data_driven_global_percentile_thresholds
193,2025-12-10 21:50:32,2025-12-10 21:51:31,CASTILLA,False,14.485416616140707,0.9999999999999996,24,0,data_driven_global_percentile_thresholds
194,2025-12-10 21:51:32,2025-12-10 21:52:31,CASTILLA,False,19.004076779484475,0.9999999999999996,24,0,data_driven_global_percentile_thresholds
195,2025-12-10 21:52:32,2025-12-10 21:53:31,CASTILLA,False,17.760304097615787,0.9999999999999996,24,0,data_driven_global_percentile_thresholds
196,2025-12-10 21:53:32,2025-12-10 21:54:31,CASTILLA,False,14.70412494416884,0.9999999999999996,24,0,data_driven_global_percentile_thresholds
197,2025-12-10 21:54:32,2025-12-10 21:55:31,CASTILLA,False,19.667707068719675,0.9999999999999996,24,0,data_driven_global_percentile_thresholds
198,2025-12-10 21:55:32,2025-12-10 21:56:31,CASTILLA,False,18.643984495494895,0.9999999999999996,24,0,data_driven_global_percentile_thresholds
199,2025-12-10 21:56:32,2025-12-10 21:57:31,CASTILLA,False,17.696513094081624,0.9999999999999996,24,0,data_driven_global_percentile_thresholds
200,2025-12-10 21:57:32,2025-12-10 21:58:31,CASTILLA,False,17.965129501557524,0.9999999999999996,24,0,data_driven_global_percentile_thresholds
201,2025-12-10 21:58:32,2025-12-10 21:59:31,CASTILLA,False,17.707742087586613,0.9999999999999996,24,0,data_driven_global_percentile_thresholds
202,2025-12-10 21:59:32,2025-12-10 22:00:31,CASTILLA,False,20.942697579636835,0.9999999999999996,24,0,data_driven_global_percentile_thresholds
203,2025-12-10 22:00:32,2025-12-10 22:01:31,CASTILLA,False,20.55516335221016,0.9999999999999996,24,0,data_driven_global_percentile_thresholds
204,2025-12-10 22:01:32,2025-12-10 22:02:31,CASTILLA,False,19.030816034744912,0.9999999999999996,24,0,data_driven_global_percentile_thresholds
205,2025-12-10 22:02:32,2025-12-10 22:03:31,CASTILLA,False,18.948113517334328,0.9999999999999996,24,0,data_driven_global_percentile_thresholds
206,2025-12-10 22:03:32,2025-12-10 22:04:31,CASTILLA,False,20.902171255161758,0.9999999999999996,24,0,data_driven_global_percentile_thresholds
207,2025-12-10 22:04:32,2025-12-10 22:05:31,CASTILLA,False,21.48593125716345,0.9999999999999996,24,0,data_driven_global_percentile_thresholds
208,2025-12-10 22:05:32,2025-12-10 22:06:31,CASTILLA,False,19.02197469877728,0.9999999999999996,24,0,data_driven_global_percentile_thresholds
209,2025-12-10 22:06:32,2025-12-10 22:07:31,CASTILLA,False,20.05377693743464,0.9999999999999996,24,0,data_driven_global_percentile_thresholds
210,2025-12-10 22:07:32,2025-12-10 22:08:31,CASTILLA,False,18.43242894622821,0.9999999999999996,24,0,data_driven_global_percentile_thresholds
211,2025-12-10 22:08:32,2025-12-10 22:09:31,CASTILLA,False,20.78640242402815,0.9999999999999996,24,0,data_driven_global_percentile_thresholds
212,2025-12-10 22:09:32,2025-12-10 22:10:31,CASTILLA,False,19.321390151960266,0.9999999999999996,24,0,data_driven_global_percentile_thresholds
213,2025-12-10 22:10:32,2025-12-10 22:11:31,CASTILLA,False,21.14274743355684,0.9999999999999996,24,0,data_driven_global_percentile_thresholds
214,2025-12-10 22:11:32,2025-12-10 22:12:31,CASTILLA,False,21.24605879217572,0.9999999999999996,24,0,data_driven_global_percentile_thresholds
215,2025-12-10 22:12:32,2025-12-10 22:13:31,CASTILLA,False,24.09561109702181,0.9999999999999996,24,0,data_driven_global_percentile_thresholds
216,2025-12-10 22:13:32,2025-12-10 22:14:31,CASTILLA,False,22.9311198257153,0.9999999999999996,24,0,data_driven_global_percentile_thresholds
217,2025-12-10 22:14:32,2025-12-10 22:15:31,CASTILLA,False,20.24666544297096,0.9999999999999996,24,0,data_driven_global_percentile_thresholds
218,2025-12-10 22:15:32,2025-12-10 22:16:31,CASTILLA,False,21.10322158837145,0.9999999999999996,24,0,data_driven_global_percentile_thresholds
219,2025-12-10 22:16:32,2025-12-10 22:17:31,CASTILLA,False,19.48079236713197,0.9999999999999996,24,0,data_driven_global_percentile_thresholds
220,2025-12-10 22:17:32,2025-12-10 22:18:31,CASTILLA,False,22.25956705694439,0.9999999999999996,24,0,data_driven_global_percentile_thresholds
221,2025-12-10 22:18:32,2025-12-10 22:19:31,CASTILLA,False,20.3488652428272,0.9999999999999996,24,0,data_driven_global_percentile_thresholds
222,2025-12-10 22:19:32,2025-12-10 22:20:31,CASTILLA,False,20.655635395650062,0.9999999999999996,24,0,data_driven_global_percentile_thresholds
223,2025-12-10 22:20:32,2025-12-10 22:21:31,CASTILLA,False,22.502964005897898,0.9999999999999996,24,0,data_driven_global_percentile_thresholds
224,2025-12-10 22:21:32,2025-12-10 22:22:31,CASTILLA,False,21.24227468421317,0.9999999999999996,24,0,data_driven_global_percentile_thresholds
225,2025-12-10 22:22:32,2025-12-10 22:23:31,CASTILLA,False,20.426194602283022,0.9999999999999996,24,0,data_driven_global_percentile_thresholds
226,2025-12-10 22:23:32,2025-12-10 22:24:31,CASTILLA,False,23.508804607479647,0.9999999999999996,24,0,data_driven_global_percentile_thresholds
227,2025-12-10 22:24:32,2025-12-10 22:25:31,CASTILLA,False,21.55663851046363,0.9999999999999996,24,0,data_driven_global_percentile_thresholds
228,2025-12-10 22:25:32,2025-12-10 22:26:31,CASTILLA,False,22.33763961501731,0.9999999999999996,24,0,data_driven_global_percentile_thresholds
229,2025-12-10 22:26:32,2025-12-10 22:27:31,CASTILLA,False,21.19783091412565,0.9999999999999996,24,0,data_driven_global_percentile_thresholds
230,2025-12-10 22:27:32,2025-12-10 22:28:31,CASTILLA,False,25.86238330799658,0.9999999999999996,24,0,data_driven_global_percentile_thresholds
231,2025-12-10 22:28:32,2025-12-10 22:29:31,CASTILLA,False,21.12089976259194,0.9999999999999996,24,0,data_driven_global_percentile_thresholds
232,2025-12-10 22:29:32,2025-12-10 22:30:31,CASTILLA,False,21.25556177661695,0.9999999999999996,24,0,data_driven_global_percentile_thresholds
233,2025-12-10 22:30:32,2025-12-10 22:31:31,CASTILLA,False,22.011177732779775,0.9999999999999996,24,0,data_driven_global_percentile_thresholds
234,2025-12-10 22:31:32,2025-12-10 22:32:31,CASTILLA,False,21.17095777285162,0.9999999999999996,24,0,data_driven_global_percentile_thresholds
235,2025-12-10 22:32:32,2025-12-10 22:33:31,CASTILLA,False,21.258020397646632,0.9999999999999996,24,0,data_driven_global_percentile_thresholds
236,2025-12-10 22:33:32,2025-12-10 22:34:31,CASTILLA,False,19.618204880034856,0.9999999999999996,24,0,data_driven_global_percentile_thresholds
237,2025-12-10 22:34:32,2025-12-10 22:35:31,CASTILLA,False,20.459562273194145,0.9999999999999996,24,0,data_driven_global_percentile_thresholds
238,2025-12-10 22:35:32,2025-12-10 22:36:31,CASTILLA,False,21.441236415553437,0.9999999999999996,24,0,data_driven_global_percentile_thresholds
239,2025-12-10 22:36:32,2025-12-10 22:37:31,CASTILLA,False,22.327277380924407,0.9999999999999996,24,0,data_driven_global_percentile_thresholds
240,2025-12-10 22:37:32,2025-12-10 22:38:31,CASTILLA,False,22.264474417627707,0.9999999999999996,24,0,data_driven_global_percentile_thresholds
241,2025-12-10 22:38:32,2025-12-10 22:39:31,CASTILLA,False,22.395666014168256,0.9999999999999996,24,0,data_driven_global_percentile_thresholds
242,2025-12-10 22:39:32,2025-12-10 22:40:31,CASTILLA,False,22.46600730507664,0.9999999999999996,24,0,data_driven_global_percentile_thresholds
243,2025-12-10 22:40:32,2025-12-10 22:41:31,CASTILLA,False,22.147498341665383,0.9999999999999996,24,0,data_driven_global_percentile_thresholds
244,2025-12-10 22:41:32,2025-12-10 22:42:31,CASTILLA,False,20.74607332666444,0.9999999999999996,24,0,data_driven_global_percentile_thresholds
245,2025-12-10 22:42:32,2025-12-10 22:43:31,CASTILLA,False,21.49105185507123,0.9999999999999996,24,0,data_driven_global_percentile_thresholds
246,2025-12-10 22:43:32,2025-12-10 22:44:31,CASTILLA,False,20.63603558408536,0.9999999999999996,24,0,data_driven_global_percentile_thresholds
247,2025-12-10 22:44:32,2025-12-10 22:45:31,CASTILLA,False,23.016457892146214,0.9999999999999996,24,0,data_driven_global_percentile_thresholds
248,2025-12-10 22:45:32,2025-12-10 22:46:31,CASTILLA,False,20.11495226508237,0.9999999999999996,24,0,data_driven_global_percentile_thresholds
249,2025-12-10 22:46:32,2025-12-10 22:47:31,CASTILLA,False,20.297960178281546,0.9999999999999996,24,0,data_driven_global_percentile_thresholds
250,2025-12-10 22:47:32,2025-12-10 22:48:31,CASTILLA,False,22.907363313818465,0.9999999999999996,24,0,data_driven_global_percentile_thresholds
251,2025-12-10 22:48:32,2025-12-10 22:49:31,CASTILLA,False,19.27497514257721,0.9999999999999996,24,0,data_driven_global_percentile_thresholds
252,2025-12-10 22:49:32,2025-12-10 22:50:31,CASTILLA,False,18.91215877087924,0.9999999999999996,24,0,data_driven_global_percentile_thresholds
253,2025-12-10 22:50:32,2025-12-10 22:51:31,CASTILLA,False,16.968489015104286,0.9999999999999996,24,0,data_driven_global_percentile_thresholds
254,2025-12-10 22:51:32,2025-12-10 22:52:31,CASTILLA,False,22.654147189838618,0.9999999999999996,24,0,data_driven_global_percentile_thresholds
255,2025-12-10 22:52:32,2025-12-10 22:53:31,CASTILLA,False,23.223799860136204,0.9999999999999996,24,0,data_driven_global_percentile_thresholds
256,2025-12-10 22:53:32,2025-12-10 22:54:31,CASTILLA,False,17.474196087632876,0.9999999999999996,24,0,data_driven_global_percentile_thresholds
257,2025-12-10 22:54:32,2025-12-10 22:55:31,CASTILLA,False,17.685797105878635,0.9999999999999996,24,0,data_driven_global_percentile_thresholds
258,2025-12-10 22:55:32,2025-12-10 22:56:31,CASTILLA,False,17.974582135440475,0.9999999999999996,24,0,data_driven_global_percentile_thresholds
259,2025-12-10 22:56:32,2025-12-10 22:57:31,CASTILLA,False,13.320230604762529,0.9999999999999996,24,0,data_driven_global_percentile_thresholds
260,2025-12-10 22:57:32,2025-12-10 22:58:31,CASTILLA,False,17.614305542359425,0.9999999999999996,24,0,data_driven_global_percentile_thresholds
261,2025-12-10 22:58:32,2025-12-10 22:59:31,CASTILLA,False,21.00356712469125,0.9999999999999996,24,0,data_driven_global_percentile_thresholds
262,2025-12-10 22:59:32,2025-12-10 23:00:31,CASTILLA,False,17.42524948514339,0.9999999999999996,24,0,data_driven_global_percentile_thresholds
263,2025-12-10 23:00:32,2025-12-10 23:01:31,CASTILLA,False,17.43743541624916,0.9999999999999996,24,0,data_driven_global_percentile_thresholds
264,2025-12-10 23:01:32,2025-12-10 23:02:31,CASTILLA,False,18.896880532086172,0.9999999999999996,24,0,data_driven_global_percentile_thresholds
265,2025-12-10 23:02:32,2025-12-10 23:03:31,CASTILLA,False,11.829066971271214,0.9999999999999996,24,0,data_driven_global_percentile_thresholds
266,2025-12-10 23:03:32,2025-12-10 23:04:31,CASTILLA,False,9.09781701633581,0.9999999999999996,24,0,data_driven_global_percentile_thresholds
267,2025-12-10 23:04:32,2025-12-10 23:05:31,CASTILLA,False,17.62105432440439,0.9999999999999996,24,0,data_driven_global_percentile_thresholds
268,2025-12-10 23:05:32,2025-12-10 23:06:31,CASTILLA,False,17.84342591373779,0.9999999999999996,24,0,data_driven_global_percentile_thresholds
269,2025-12-10 23:06:32,2025-12-10 23:07:31,CASTILLA,False,13.96955599013904,0.9999999999999996,24,0,data_driven_global_percentile_thresholds
270,2025-12-10 23:07:32,2025-12-10 23:08:31,CASTILLA,False,17.045697495629465,0.9999999999999996,24,0,data_driven_global_percentile_thresholds
271,2025-12-10 23:08:32,2025-12-10 23:09:31,CASTILLA,False,16.759908118972703,0.9999999999999996,24,0,data_driven_global_percentile_thresholds
272,2025-12-10 23:09:32,2025-12-10 23:10:31,CASTILLA,False,13.67943660945998,0.9999999999999996,24,0,data_driven_global_percentile_thresholds
273,2025-12-10 23:10:32,2025-12-10 23:11:31,CASTILLA,False,15.88105264227404,0.9999999999999996,24,0,data_driven_global_percentile_thresholds
274,2025-12-10 23:11:32,2025-12-10 23:12:31,CASTILLA,False,12.551142199425763,0.9999999999999996,24,0,data_driven_global_percentile_thresholds
275,2025-12-10 23:12:32,2025-12-10 23:13:31,CASTILLA,False,17.453386851334894,0.9999999999999996,24,0,data_driven_global_percentile_thresholds
276,2025-12-10 23:13:32,2025-12-10 23:14:31,CASTILLA,False,10.674203528802078,0.9999999999999996,24,0,data_driven_global_percentile_thresholds
277,2025-12-10 23:14:32,2025-12-10 23:15:31,CASTILLA,False,17.413799324237182,0.9999999999999996,24,0,data_driven_global_percentile_thresholds
278,2025-12-10 23:15:32,2025-12-10 23:16:31,CASTILLA,False,18.06760831425776,0.9999999999999996,24,0,data_driven_global_percentile_thresholds
279,2025-12-10 23:16:32,2025-12-10 23:17:31,CASTILLA,False,19.071600202064133,0.9999999999999996,24,0,data_driven_global_percentile_thresholds
280,2025-12-10 23:17:32,2025-12-10 23:18:31,CASTILLA,False,8.103369455405845,0.9999999999999996,24,0,data_driven_global_percentile_thresholds
281,2025-12-10 23:18:32,2025-12-10 23:19:31,CASTILLA,False,8.750309084441321,0.9999999999999996,24,0,data_driven_global_percentile_thresholds
282,2025-12-10 23:19:32,2025-12-10 23:20:31,CASTILLA,False,15.732698508205743,0.9999999999999996,24,0,data_driven_global_percentile_thresholds
283,2025-12-10 23:20:32,2025-12-10 23:21:31,CASTILLA,False,12.101548011880784,0.9999999999999996,24,0,data_driven_global_percentile_thresholds
284,2025-12-10 23:21:32,2025-12-10 23:22:31,CASTILLA,False,20.206218850027557,0.9999999999999996,24,0,data_driven_global_percentile_thresholds
285,2025-12-10 23:22:32,2025-12-10 23:23:31,CASTILLA,False,9.17961502601608,0.9999999999999996,24,0,data_driven_global_percentile_thresholds
286,2025-12-10 23:23:32,2025-12-10 23:24:31,CASTILLA,False,14.335780149732935,0.9999999999999996,24,0,data_driven_global_percentile_thresholds
287,2025-12-10 23:24:32,2025-12-10 23:25:31,CASTILLA,False,9.559444673743116,0.9999999999999996,24,0,data_driven_global_percentile_thresholds
288,2025-12-10 23:25:32,2025-12-10 23:26:31,CASTILLA,False,7.616114226316443,0.9999999999999996,24,0,data_driven_global_percentile_thresholds
289,2025-12-10 23:26:32,2025-12-10 23:27:31,CASTILLA,False,13.942709869796444,0.9999999999999996,24,0,data_driven_global_percentile_thresholds
290,2025-12-10 23:27:32,2025-12-10 23:28:31,CASTILLA,False,11.646164258509652,0.9999999999999996,24,0,data_driven_global_percentile_thresholds
291,2025-12-10 23:28:32,2025-12-10 23:29:31,CASTILLA,False,10.894059178213904,0.9999999999999996,24,0,data_driven_global_percentile_thresholds
292,2025-12-10 23:29:32,2025-12-10 23:30:31,CASTILLA,False,15.369347079017285,0.9999999999999996,24,0,data_driven_global_percentile_thresholds
293,2025-12-10 23:30:32,2025-12-10 23:31:31,CASTILLA,False,10.481434556826253,0.9999999999999996,24,0,data_driven_global_percentile_thresholds
294,2025-12-10 23:31:32,2025-12-10 23:32:31,CASTILLA,False,18.87424200916624,0.9999999999999996,24,0,data_driven_global_percentile_thresholds
295,2025-12-10 23:32:32,2025-12-10 23:33:31,CASTILLA,False,8.941554278527487,0.9999999999999996,24,0,data_driven_global_percentile_thresholds
296,2025-12-10 23:33:32,2025-12-10 23:34:31,CASTILLA,False,9.353736925964649,0.9999999999999996,24,0,data_driven_global_percentile_thresholds
297,2025-12-10 23:34:32,2025-12-10 23:35:31,CASTILLA,False,7.201703499686242,0.9999999999999996,24,0,data_driven_global_percentile_thresholds
298,2025-12-10 23:35:32,2025-12-10 23:36:31,CASTILLA,False,9.722392386289927,0.9999999999999996,24,0,data_driven_global_percentile_thresholds
299,2025-12-10 23:36:32,2025-12-10 23:37:31,CASTILLA,False,7.829309114098272,0.9999999999999996,24,0,data_driven_global_percentile_thresholds
300,2025-12-10 23:37:32,2025-12-10 23:38:31,CASTILLA,False,9.785045203044298,0.9999999999999996,24,0,data_driven_global_percentile_thresholds
301,2025-12-10 23:38:32,2025-12-10 23:39:31,CASTILLA,False,6.457567304960072,0.9999999999999996,24,0,data_driven_global_percentile_thresholds
302,2025-12-10 23:39:32,2025-12-10 23:40:31,CASTILLA,False,6.198221310358264,0.9999999999999996,24,0,data_driven_global_percentile_thresholds
303,2025-12-10 23:40:32,2025-12-10 23:41:31,CASTILLA,False,7.537022036923726,0.9999999999999996,24,0,data_driven_global_percentile_thresholds
304,2025-12-10 23:41:32,2025-12-10 23:42:31,CASTILLA,False,16.741627761289237,0.9999999999999996,24,0,data_driven_global_percentile_thresholds
305,2025-12-10 23:42:32,2025-12-10 23:43:31,CASTILLA,False,11.801732741984369,0.9999999999999996,24,0,data_driven_global_percentile_thresholds
306,2025-12-10 23:43:32,2025-12-10 23:44:31,CASTILLA,False,10.951465909325837,0.9999999999999996,24,0,data_driven_global_percentile_thresholds
307,2025-12-10 23:44:32,2025-12-10 23:45:31,CASTILLA,False,9.247208188134678,0.9999999999999996,24,0,data_driven_global_percentile_thresholds
308,2025-12-10 23:45:32,2025-12-10 23:46:31,CASTILLA,False,7.554492969578328,0.9999999999999996,24,0,data_driven_global_percentile_thresholds
309,2025-12-10 23:46:32,2025-12-10 23:47:31,CASTILLA,False,7.601023607900565,0.9999999999999996,24,0,data_driven_global_percentile_thresholds
310,2025-12-10 23:47:32,2025-12-10 23:48:31,CASTILLA,False,6.020945583228298,0.9999999999999996,24,0,data_driven_global_percentile_thresholds
311,2025-12-10 23:48:32,2025-12-10 23:49:31,CASTILLA,False,6.401977159115526,0.9999999999999996,24,0,data_driven_global_percentile_thresholds
312,2025-12-10 23:49:32,2025-12-10 23:50:31,CASTILLA,False,6.822756704648325,0.9999999999999996,24,0,data_driven_global_percentile_thresholds
313,2025-12-10 23:50:32,2025-12-10 23:51:31,CASTILLA,False,7.993368468393929,0.9999999999999996,24,0,data_driven_global_percentile_thresholds
314,2025-12-10 23:51:32,2025-12-10 23:52:31,CASTILLA,True,3.913069768853421,0.9999999999999996,24,0,data_driven_global_percentile_thresholds
316,2025-12-10 23:53:32,2025-12-10 23:54:31,MEZCLA,True,4.752723854152004,0.9999999999999996,24,0,data_driven_global_percentile_thresholds
317,2025-12-10 23:54:32,2025-12-10 23:55:31,MEZCLA,False,9.434953214369216,0.9999999999999996,24,0,data_driven_global_percentile_thresholds
318,2025-12-10 23:55:32,2025-12-10 23:56:31,MEZCLA,False,5.678095932960722,0.9999999999999996,24,0,data_driven_global_percentile_thresholds
319,2025-12-10 23:56:32,2025-12-10 23:57:31,MEZCLA,False,5.350248098440185,0.9999999999999996,24,0,data_driven_global_percentile_thresholds
320,2025-12-10 23:57:32,2025-12-10 23:58:31,MEZCLA,False,8.166978729001288,0.9999999999999996,24,0,data_driven_global_percentile_thresholds
321,2025-12-10 23:58:32,2025-12-10 23:59:31,MEZCLA,False,8.811904945691861,0.9999999999999996,24,0,data_driven_global_percentile_thresholds
322,2025-12-10 23:59:32,2025-12-11 00:00:31,MEZCLA,False,7.009714938302267,0.9999999999999996,24,0,data_driven_global_percentile_thresholds
323,2025-12-11 00:00:32,2025-12-11 00:01:31,MEZCLA,False,6.68349533680934,0.9999999999999996,24,0,data_driven_global_percentile_thresholds
324,2025-12-11 00:01:32,2025-12-11 00:02:31,MEZCLA,False,5.825170703292123,0.9999999999999996,24,0,data_driven_global_percentile_thresholds
325,2025-12-11 00:02:32,2025-12-11 00:03:31,MEZCLA,False,7.230723798989318,0.9999999999999996,24,0,data_driven_global_percentile_thresholds
326,2025-12-11 00:03:32,2025-12-11 00:04:31,MEZCLA,False,7.692571338332155,0.9999999999999996,24,0,data_driven_global_percentile_thresholds
327,2025-12-11 00:04:32,2025-12-11 00:05:31,MEZCLA,False,6.407927923820659,0.9999999999999996,24,0,data_driven_global_percentile_thresholds
328,2025-12-11 00:05:32,2025-12-11 00:06:31,MEZCLA,False,7.866634199039535,0.9999999999999996,24,0,data_driven_global_percentile_thresholds
329,2025-12-11 00:06:32,2025-12-11 00:07:31,MEZCLA,False,8.372544634518452,0.9999999999999996,24,0,data_driven_global_percentile_thresholds
330,2025-12-11 00:07:32,2025-12-11 00:08:31,MEZCLA,False,5.768646995799792,0.9999999999999996,24,0,data_driven_global_percentile_thresholds
331,2025-12-11 00:08:32,2025-12-11 00:09:31,MEZCLA,False,4.683244520902905,0.9999999999999996,24,0,data_driven_global_percentile_thresholds
332,2025-12-11 00:09:32,2025-12-11 00:10:31,MEZCLA,False,3.135766189005724,0.9999999999999996,24,0,data_driven_global_percentile_thresholds
333,2025-12-11 00:10:32,2025-12-11 00:11:31,MEZCLA,False,4.891481401201471,0.9999999999999996,24,0,data_driven_global_percentile_thresholds
334,2025-12-11 00:11:32,2025-12-11 00:12:31,MEZCLA,False,5.498243284738982,0.9999999999999996,24,0,data_driven_global_percentile_thresholds
335,2025-12-11 00:12:32,2025-12-11 00:13:31,MEZCLA,False,3.3580278030034862,0.9999999999999996,24,0,data_driven_global_percentile_thresholds
336,2025-12-11 00:13:32,2025-12-11 00:14:31,MEZCLA,False,1.9804199660576487,0.9999999999999996,24,0,data_driven_global_percentile_thresholds
337,2025-12-11 00:14:32,2025-12-11 00:15:31,MEZCLA,False,6.161621848894785,0.9999999999999996,24,0,data_driven_global_percentile_thresholds
338,2025-12-11 00:15:32,2025-12-11 00:16:31,MEZCLA,False,4.622040246140318,0.9999999999999996,24,0,data_driven_global_percentile_thresholds
339,2025-12-11 00:16:32,2025-12-11 00:17:31,MEZCLA,False,6.494424286691223,0.9999999999999996,24,0,data_driven_global_percentile_thresholds
340,2025-12-11 00:17:32,2025-12-11 00:18:31,MEZCLA,False,4.870321566015702,0.9999999999999996,24,0,data_driven_global_percentile_thresholds
341,2025-12-11 00:18:32,2025-12-11 00:19:31,MEZCLA,False,7.561600888884787,0.9999999999999996,24,0,data_driven_global_percentile_thresholds
342,2025-12-11 00:19:32,2025-12-11 00:20:31,MEZCLA,False,6.683287472832761,0.9999999999999996,24,0,data_driven_global_percentile_thresholds
343,2025-12-11 00:20:32,2025-12-11 00:21:31,MEZCLA,False,20.37492301853163,0.9999999999999996,24,0,data_driven_global_percentile_thresholds
344,2025-12-11 00:21:32,2025-12-11 00:22:31,MEZCLA,False,15.491787823986884,0.9999999999999996,24,0,data_driven_global_percentile_thresholds
345,2025-12-11 00:22:32,2025-12-11 00:23:31,MEZCLA,False,13.009611636038551,0.9999999999999996,24,0,data_driven_global_percentile_thresholds
346,2025-12-11 00:23:32,2025-12-11 00:24:31,MEZCLA,False,6.800741752783795,0.9999999999999996,24,0,data_driven_global_percentile_thresholds
347,2025-12-11 00:24:32,2025-12-11 00:25:31,MEZCLA,False,16.723222717277928,0.9999999999999996,24,0,data_driven_global_percentile_thresholds
348,2025-12-11 00:25:32,2025-12-11 00:26:31,MEZCLA,False,14.647500146625813,0.9999999999999996,24,0,data_driven_global_percentile_thresholds
349,2025-12-11 00:26:32,2025-12-11 00:27:31,MEZCLA,False,15.023394660493048,0.9999999999999996,24,0,data_driven_global_percentile_thresholds
350,2025-12-11 00:27:32,2025-12-11 00:28:31,MEZCLA,False,17.377972902857195,0.9999999999999996,24,0,data_driven_global_percentile_thresholds
351,2025-12-11 00:28:32,2025-12-11 00:29:31,MEZCLA,False,14.979767591161012,0.9999999999999996,24,0,data_driven_global_percentile_thresholds
352,2025-12-11 00:29:32,2025-12-11 00:30:31,MEZCLA,False,17.89241406179113,0.9999999999999996,24,0,data_driven_global_percentile_thresholds
353,2025-12-11 00:30:32,2025-12-11 00:31:31,MEZCLA,False,17.481464734583195,0.9999999999999996,24,0,data_driven_global_percentile_thresholds
354,2025-12-11 00:31:32,2025-12-11 00:32:31,MEZCLA,False,15.857378693423264,0.9999999999999996,24,0,data_driven_global_percentile_thresholds
355,2025-12-11 00:32:32,2025-12-11 00:33:31,MEZCLA,False,16.05563525633386,0.9999999999999996,24,0,data_driven_global_percentile_thresholds
356,2025-12-11 00:33:32,2025-12-11 00:34:31,MEZCLA,False,22.714998487178093,0.9999999999999996,24,0,data_driven_global_percentile_thresholds
357,2025-12-11 00:34:32,2025-12-11 00:35:31,MEZCLA,False,15.950528646962784,0.9999999999999996,24,0,data_driven_global_percentile_thresholds
358,2025-12-11 00:35:32,2025-12-11 00:36:31,MEZCLA,False,18.406779781060784,0.9999999999999996,24,0,data_driven_global_percentile_thresholds
359,2025-12-11 00:36:32,2025-12-11 00:37:31,MEZCLA,False,21.88845982866091,0.9999999999999996,24,0,data_driven_global_percentile_thresholds
360,2025-12-11 00:37:32,2025-12-11 00:38:31,MEZCLA,False,21.182243407383822,0.9999999999999996,24,0,data_driven_global_percentile_thresholds
361,2025-12-11 00:38:32,2025-12-11 00:39:31,MEZCLA,False,18.117059881348982,0.9999999999999996,24,0,data_driven_global_percentile_thresholds
362,2025-12-11 00:39:32,2025-12-11 00:40:31,MEZCLA,False,21.4875706257198,0.9999999999999996,24,0,data_driven_global_percentile_thresholds
363,2025-12-11 00:40:32,2025-12-11 00:41:31,MEZCLA,False,18.679361583714535,0.9999999999999996,24,0,data_driven_global_percentile_thresholds
364,2025-12-11 00:41:32,2025-12-11 00:42:31,MEZCLA,False,21.956417342293,0.9999999999999996,24,0,data_driven_global_percentile_thresholds
365,2025-12-11 00:42:32,2025-12-11 00:43:31,MEZCLA,False,21.24458516513544,0.9999999999999996,24,0,data_driven_global_percentile_thresholds
366,2025-12-11 00:43:32,2025-12-11 00:44:31,MEZCLA,False,21.8251984858092,0.9999999999999996,24,0,data_driven_global_percentile_thresholds
367,2025-12-11 00:44:32,2025-12-11 00:45:31,MEZCLA,False,21.12857484234965,0.9999999999999996,24,0,data_driven_global_percentile_thresholds
368,2025-12-11 00:45:32,2025-12-11 00:46:31,MEZCLA,False,17.251137551895518,0.9999999999999996,24,0,data_driven_global_percentile_thresholds
369,2025-12-11 00:46:32,2025-12-11 00:47:31,MEZCLA,False,21.45703561448401,0.9999999999999996,24,0,data_driven_global_percentile_thresholds
370,2025-12-11 00:47:32,2025-12-11 00:48:31,MEZCLA,False,21.737772796608112,0.9999999999999996,24,0,data_driven_global_percentile_thresholds
371,2025-12-11 00:48:32,2025-12-11 00:49:31,MEZCLA,False,21.24531575264915,0.9999999999999996,24,0,data_driven_global_percentile_thresholds
372,2025-12-11 00:49:32,2025-12-11 00:50:31,MEZCLA,False,22.959446334918457,0.9999999999999996,24,0,data_driven_global_percentile_thresholds
373,2025-12-11 00:50:32,2025-12-11 00:51:31,MEZCLA,False,23.805963750846644,0.9999999999999996,24,0,data_driven_global_percentile_thresholds
374,2025-12-11 00:51:32,2025-12-11 00:52:31,MEZCLA,False,20.183309664316376,0.9999999999999996,24,0,data_driven_global_percentile_thresholds
375,2025-12-11 00:52:32,2025-12-11 00:53:31,MEZCLA,False,18.27226695259252,0.9999999999999996,24,0,data_driven_global_percentile_thresholds
376,2025-12-11 00:53:32,2025-12-11 00:54:31,MEZCLA,False,23.992180379165447,0.9999999999999996,24,0,data_driven_global_percentile_thresholds
377,2025-12-11 00:54:32,2025-12-11 00:55:31,MEZCLA,False,24.649991112984694,0.9999999999999996,24,0,data_driven_global_percentile_thresholds
378,2025-12-11 00:55:32,2025-12-11 00:56:31,MEZCLA,False,21.207197967338928,0.9999999999999996,24,0,data_driven_global_percentile_thresholds
379,2025-12-11 00:56:32,2025-12-11 00:57:31,MEZCLA,False,20.483211766388877,0.9999999999999996,24,0,data_driven_global_percentile_thresholds
380,2025-12-11 00:57:32,2025-12-11 00:58:31,MEZCLA,False,20.497982810741377,0.9999999999999996,24,0,data_driven_global_percentile_thresholds
381,2025-12-11 00:58:32,2025-12-11 00:59:31,MEZCLA,False,6.152876329477469,0.9999999999999996,24,0,data_driven_global_percentile_thresholds
382,2025-12-11 00:59:32,2025-12-11 01:00:31,MEZCLA,False,12.874945465558616,0.9999999999999996,24,0,data_driven_global_percentile_thresholds
383,2025-12-11 01:00:32,2025-12-11 01:01:31,MEZCLA,False,16.202752766934356,0.9999999999999996,24,0,data_driven_global_percentile_thresholds
384,2025-12-11 01:01:32,2025-12-11 01:02:31,MEZCLA,False,18.12204446412266,0.9999999999999996,24,0,data_driven_global_percentile_thresholds
385,2025-12-11 01:02:32,2025-12-11 01:03:31,MEZCLA,False,20.562773226233052,0.9999999999999996,24,0,data_driven_global_percentile_thresholds
386,2025-12-11 01:03:32,2025-12-11 01:04:31,MEZCLA,False,21.012622399565664,0.9999999999999996,24,0,data_driven_global_percentile_thresholds
387,2025-12-11 01:04:32,2025-12-11 01:05:31,MEZCLA,False,23.51822984942995,0.9999999999999996,24,0,data_driven_global_percentile_thresholds
388,2025-12-11 01:05:32,2025-12-11 01:06:31,MEZCLA,False,24.202121785023625,0.9999999999999996,24,0,data_driven_global_percentile_thresholds
389,2025-12-11 01:06:32,2025-12-11 01:07:31,MEZCLA,False,23.885595111565443,0.9999999999999996,24,0,data_driven_global_percentile_thresholds
390,2025-12-11 01:07:32,2025-12-11 01:08:31,MEZCLA,False,21.677153817291288,0.9999999999999996,24,0,data_driven_global_percentile_thresholds
391,2025-12-11 01:08:32,2025-12-11 01:09:31,MEZCLA,False,19.958694348290468,0.9999999999999996,24,0,data_driven_global_percentile_thresholds
392,2025-12-11 01:09:32,2025-12-11 01:10:31,MEZCLA,False,19.104686674339604,0.9999999999999996,24,0,data_driven_global_percentile_thresholds
393,2025-12-11 01:10:32,2025-12-11 01:11:31,MEZCLA,False,21.14706699688319,0.9999999999999996,24,0,data_driven_global_percentile_thresholds
394,2025-12-11 01:11:32,2025-12-11 01:12:31,MEZCLA,False,19.370283937135294,0.9999999999999996,24,0,data_driven_global_percentile_thresholds
395,2025-12-11 01:12:32,2025-12-11 01:13:31,MEZCLA,False,18.81190266543245,0.9999999999999996,24,0,data_driven_global_percentile_thresholds
396,2025-12-11 01:13:32,2025-12-11 01:14:31,MEZCLA,False,19.01381127445886,0.9999999999999996,24,0,data_driven_global_percentile_thresholds
397,2025-12-11 01:14:32,2025-12-11 01:15:31,MEZCLA,False,20.951700044174117,0.9999999999999996,24,0,data_driven_global_percentile_thresholds
398,2025-12-11 01:15:32,2025-12-11 01:16:31,MEZCLA,False,19.021441335284614,0.9999999999999996,24,0,data_driven_global_percentile_thresholds
399,2025-12-11 01:16:32,2025-12-11 01:17:31,MEZCLA,False,22.417186682653,0.9999999999999996,24,0,data_driven_global_percentile_thresholds
400,2025-12-11 01:17:32,2025-12-11 01:18:31,MEZCLA,False,20.21726205689349,0.9999999999999996,24,0,data_driven_global_percentile_thresholds
401,2025-12-11 01:18:32,2025-12-11 01:19:31,MEZCLA,False,19.36524302489341,0.9999999999999996,24,0,data_driven_global_percentile_thresholds
402,2025-12-11 01:19:32,2025-12-11 01:20:31,MEZCLA,False,21.147810021405206,0.9999999999999996,24,0,data_driven_global_percentile_thresholds
403,2025-12-11 01:20:32,2025-12-11 01:21:31,MEZCLA,False,19.54463665667899,0.9999999999999996,24,0,data_driven_global_percentile_thresholds
404,2025-12-11 01:21:32,2025-12-11 01:22:31,MEZCLA,False,23.12609352111385,0.9999999999999996,24,0,data_driven_global_percentile_thresholds
405,2025-12-11 01:22:32,2025-12-11 01:23:31,MEZCLA,False,35.275918132131466,0.9999999999999996,24,0,data_driven_global_percentile_thresholds
406,2025-12-11 01:23:32,2025-12-11 01:24:31,MEZCLA,False,30.42768306438078,0.9999999999999996,24,0,data_driven_global_percentile_thresholds
407,2025-12-11 01:24:32,2025-12-11 01:25:31,MEZCLA,False,35.70078222629743,0.9999999999999996,24,0,data_driven_global_percentile_thresholds
408,2025-12-11 01:25:32,2025-12-11 01:26:31,MEZCLA,False,37.02281366414358,0.9999999999999996,24,0,data_driven_global_percentile_thresholds
409,2025-12-11 01:26:32,2025-12-11 01:27:31,MEZCLA,False,35.11985178624078,0.9999999999999996,24,0,data_driven_global_percentile_thresholds
410,2025-12-11 01:27:32,2025-12-11 01:28:31,MEZCLA,False,36.40655335365573,0.9999999999999996,24,0,data_driven_global_percentile_thresholds
411,2025-12-11 01:28:32,2025-12-11 01:29:31,MEZCLA,False,34.94759469403866,0.9999999999999996,24,0,data_driven_global_percentile_thresholds
412,2025-12-11 01:29:32,2025-12-11 01:30:31,MEZCLA,False,32.792984512686054,0.9999999999999996,24,0,data_driven_global_percentile_thresholds
413,2025-12-11 01:30:32,2025-12-11 01:31:31,MEZCLA,False,35.63216239511371,0.9999999999999996,24,0,data_driven_global_percentile_thresholds
414,2025-12-11 01:31:32,2025-12-11 01:32:31,MEZCLA,False,32.979054058124724,0.9999999999999996,24,0,data_driven_global_percentile_thresholds
415,2025-12-11 01:32:32,2025-12-11 01:33:31,MEZCLA,False,36.85056429836172,0.9999999999999996,24,0,data_driven_global_percentile_thresholds
416,2025-12-11 01:33:32,2025-12-11 01:34:31,MEZCLA,False,33.844397497864584,0.9999999999999996,24,0,data_driven_global_percentile_thresholds
417,2025-12-11 01:34:32,2025-12-11 01:35:31,MEZCLA,False,34.912212977145735,0.9999999999999996,24,0,data_driven_global_percentile_thresholds
418,2025-12-11 01:35:32,2025-12-11 01:36:31,MEZCLA,False,33.242849013623385,0.9999999999999996,24,0,data_driven_global_percentile_thresholds
419,2025-12-11 01:36:32,2025-12-11 01:37:31,MEZCLA,False,37.522602405174815,0.9999999999999996,24,0,data_driven_global_percentile_thresholds
420,2025-12-11 01:37:32,2025-12-11 01:38:31,MEZCLA,False,35.73641607349683,0.9999999999999996,24,0,data_driven_global_percentile_thresholds
421,2025-12-11 01:38:32,2025-12-11 01:39:31,MEZCLA,False,37.14039106166925,0.9999999999999996,24,0,data_driven_global_percentile_thresholds
422,2025-12-11 01:39:32,2025-12-11 01:40:31,MEZCLA,False,35.62664859334963,0.9999999999999996,24,0,data_driven_global_percentile_thresholds
423,2025-12-11 01:40:32,2025-12-11 01:41:31,MEZCLA,False,35.133442043613194,0.9999999999999996,24,0,data_driven_global_percentile_thresholds
424,2025-12-11 01:41:32,2025-12-11 01:42:31,MEZCLA,False,38.25756517638086,0.9999999999999996,24,0,data_driven_global_percentile_thresholds
425,2025-12-11 01:42:32,2025-12-11 01:43:31,MEZCLA,False,34.982247466625054,0.9999999999999996,24,0,data_driven_global_percentile_thresholds
426,2025-12-11 01:43:32,2025-12-11 01:44:31,MEZCLA,False,33.2129876944357,0.9999999999999996,24,0,data_driven_global_percentile_thresholds
427,2025-12-11 01:44:32,2025-12-11 01:45:31,MEZCLA,False,37.21847338782956,0.9999999999999996,24,0,data_driven_global_percentile_thresholds
428,2025-12-11 01:45:32,2025-12-11 01:46:31,MEZCLA,False,32.108714286875106,0.9999999999999996,24,0,data_driven_global_percentile_thresholds
429,2025-12-11 01:46:32,2025-12-11 01:47:31,MEZCLA,False,33.18911433996404,0.9999999999999996,24,0,data_driven_global_percentile_thresholds
430,2025-12-11 01:47:32,2025-12-11 01:48:31,MEZCLA,False,36.72746049089511,0.9999999999999996,24,0,data_driven_global_percentile_thresholds
431,2025-12-11 01:48:32,2025-12-11 01:49:31,MEZCLA,False,35.48083973632474,0.9999999999999996,24,0,data_driven_global_percentile_thresholds
432,2025-12-11 01:49:32,2025-12-11 01:50:31,MEZCLA,False,37.99578322585286,0.9999999999999996,24,0,data_driven_global_percentile_thresholds
433,2025-12-11 01:50:32,2025-12-11 01:51:31,MEZCLA,False,35.625559638830374,0.9999999999999996,24,0,data_driven_global_percentile_thresholds
434,2025-12-11 01:51:32,2025-12-11 01:52:31,MEZCLA,False,35.715876137824395,0.9999999999999996,24,0,data_driven_global_percentile_thresholds
435,2025-12-11 01:52:32,2025-12-11 01:53:31,MEZCLA,False,34.37425098425753,0.9999999999999996,24,0,data_driven_global_percentile_thresholds
436,2025-12-11 01:53:32,2025-12-11 01:54:31,MEZCLA,False,32.470800491218604,0.9999999999999996,24,0,data_driven_global_percentile_thresholds
437,2025-12-11 01:54:32,2025-12-11 01:55:31,MEZCLA,False,33.616316672654335,0.9999999999999996,24,0,data_driven_global_percentile_thresholds
438,2025-12-11 01:55:32,2025-12-11 01:56:31,MEZCLA,False,31.254368985865653,0.9999999999999996,24,0,data_driven_global_percentile_thresholds
439,2025-12-11 01:56:32,2025-12-11 01:57:31,MEZCLA,False,29.727493439281773,0.9999999999999996,24,0,data_driven_global_percentile_thresholds
440,2025-12-11 01:57:32,2025-12-11 01:58:31,MEZCLA,False,34.07320453802366,0.9999999999999996,24,0,data_driven_global_percentile_thresholds
441,2025-12-11 01:58:32,2025-12-11 01:59:31,MEZCLA,False,35.39606947652243,0.9999999999999996,24,0,data_driven_global_percentile_thresholds
442,2025-12-11 01:59:32,2025-12-11 02:00:31,MEZCLA,False,32.6588675004143,0.9999999999999996,24,0,data_driven_global_percentile_thresholds
443,2025-12-11 02:00:32,2025-12-11 02:01:31,MEZCLA,False,32.165600444949135,0.9999999999999996,24,0,data_driven_global_percentile_thresholds
444,2025-12-11 02:01:32,2025-12-11 02:02:31,MEZCLA,False,35.281880787277295,0.9999999999999996,24,0,data_driven_global_percentile_thresholds
445,2025-12-11 02:02:32,2025-12-11 02:03:31,MEZCLA,False,32.956605182030685,0.9999999999999996,24,0,data_driven_global_percentile_thresholds
446,2025-12-11 02:03:32,2025-12-11 02:04:31,MEZCLA,False,32.93851406289194,0.9999999999999996,24,0,data_driven_global_percentile_thresholds
447,2025-12-11 02:04:32,2025-12-11 02:05:31,MEZCLA,False,35.293101873792125,0.9999999999999996,24,0,data_driven_global_percentile_thresholds
448,2025-12-11 02:05:32,2025-12-11 02:06:31,MEZCLA,False,32.15865126766425,0.9999999999999996,24,0,data_driven_global_percentile_thresholds
449,2025-12-11 02:06:32,2025-12-11 02:07:31,MEZCLA,False,33.437778359966885,0.9999999999999996,24,0,data_driven_global_percentile_thresholds
450,2025-12-11 02:07:32,2025-12-11 02:08:31,MEZCLA,False,35.030541320063854,0.9999999999999996,24,0,data_driven_global_percentile_thresholds
451,2025-12-11 02:08:32,2025-12-11 02:09:31,MEZCLA,False,38.20726910574524,0.9999999999999996,24,0,data_driven_global_percentile_thresholds
452,2025-12-11 02:09:32,2025-12-11 02:10:31,MEZCLA,False,34.98247497005686,0.9999999999999996,24,0,data_driven_global_percentile_thresholds
453,2025-12-11 02:10:32,2025-12-11 02:11:31,MEZCLA,False,33.213601574154886,0.9999999999999996,24,0,data_driven_global_percentile_thresholds
454,2025-12-11 02:11:32,2025-12-11 02:12:31,MEZCLA,False,32.90594794261751,0.9999999999999996,24,0,data_driven_global_percentile_thresholds
455,2025-12-11 02:12:32,2025-12-11 02:13:31,MEZCLA,False,33.745865059993456,0.9999999999999996,24,0,data_driven_global_percentile_thresholds
456,2025-12-11 02:13:32,2025-12-11 02:14:31,MEZCLA,False,34.26646414443867,0.9999999999999996,24,0,data_driven_global_percentile_thresholds
457,2025-12-11 02:14:32,2025-12-11 02:15:31,MEZCLA,False,34.4150286958248,0.9999999999999996,24,0,data_driven_global_percentile_thresholds
458,2025-12-11 02:15:32,2025-12-11 02:16:31,MEZCLA,False,33.322737843925665,0.9999999999999996,24,0,data_driven_global_percentile_thresholds
459,2025-12-11 02:16:32,2025-12-11 02:17:31,MEZCLA,False,34.731299094037816,0.9999999999999996,24,0,data_driven_global_percentile_thresholds
460,2025-12-11 02:17:32,2025-12-11 02:18:31,MEZCLA,False,37.92536207233143,0.9999999999999996,24,0,data_driven_global_percentile_thresholds
461,2025-12-11 02:18:32,2025-12-11 02:19:31,MEZCLA,False,38.62001304546714,0.9999999999999996,24,0,data_driven_global_percentile_thresholds
462,2025-12-11 02:19:32,2025-12-11 02:20:31,MEZCLA,False,40.521268267869935,0.9999999999999996,24,0,data_driven_global_percentile_thresholds
463,2025-12-11 02:20:32,2025-12-11 02:21:31,MEZCLA,False,41.47164678383464,0.9999999999999996,24,0,data_driven_global_percentile_thresholds
464,2025-12-11 02:21:32,2025-12-11 02:22:31,MEZCLA,False,36.49987861825889,0.9999999999999996,24,0,data_driven_global_percentile_thresholds
465,2025-12-11 02:22:32,2025-12-11 02:23:31,MEZCLA,False,33.12671564799829,0.9999999999999996,24,0,data_driven_global_percentile_thresholds
466,2025-12-11 02:23:32,2025-12-11 02:24:31,MEZCLA,False,34.32748469203265,0.9999999999999996,24,0,data_driven_global_percentile_thresholds
467,2025-12-11 02:24:32,2025-12-11 02:25:31,MEZCLA,False,35.34090281592748,0.9999999999999996,24,0,data_driven_global_percentile_thresholds
468,2025-12-11 02:25:32,2025-12-11 02:26:31,MEZCLA,False,39.1857434700168,0.9999999999999996,24,0,data_driven_global_percentile_thresholds
469,2025-12-11 02:26:32,2025-12-11 02:27:31,MEZCLA,False,39.03546791438632,0.9999999999999996,24,0,data_driven_global_percentile_thresholds
470,2025-12-11 02:27:32,2025-12-11 02:28:31,MEZCLA,False,36.98258893281561,0.9999999999999996,24,0,data_driven_global_percentile_thresholds
471,2025-12-11 02:28:32,2025-12-11 02:29:31,MEZCLA,False,36.38310293974837,0.9999999999999996,24,0,data_driven_global_percentile_thresholds
472,2025-12-11 02:29:32,2025-12-11 02:30:31,MEZCLA,False,39.11499732519239,0.9999999999999996,24,0,data_driven_global_percentile_thresholds
473,2025-12-11 02:30:32,2025-12-11 02:31:31,MEZCLA,False,41.39045827618124,0.9999999999999996,24,0,data_driven_global_percentile_thresholds
474,2025-12-11 02:31:32,2025-12-11 02:32:31,MEZCLA,False,43.57384500239691,0.9999999999999996,24,0,data_driven_global_percentile_thresholds
475,2025-12-11 02:32:32,2025-12-11 02:33:31,MEZCLA,False,41.10833091163047,0.9999999999999996,24,0,data_driven_global_percentile_thresholds
476,2025-12-11 02:33:32,2025-12-11 02:34:31,MEZCLA,False,44.07217201279008,0.9999999999999996,24,0,data_driven_global_percentile_thresholds
477,2025-12-11 02:34:32,2025-12-11 02:35:31,MEZCLA,False,39.58938375089711,0.9999999999999996,24,0,data_driven_global_percentile_thresholds
478,2025-12-11 02:35:32,2025-12-11 02:36:31,MEZCLA,False,37.523204722287474,0.9999999999999996,24,0,data_driven_global_percentile_thresholds
479,2025-12-11 02:36:32,2025-12-11 02:37:31,MEZCLA,False,39.09812278896074,0.9999999999999996,24,0,data_driven_global_percentile_thresholds
480,2025-12-11 02:37:32,2025-12-11 02:38:31,MEZCLA,False,35.70746424286789,0.9999999999999996,24,0,data_driven_global_percentile_thresholds
481,2025-12-11 02:38:32,2025-12-11 02:39:31,MEZCLA,False,34.08092213297222,0.9999999999999996,24,0,data_driven_global_percentile_thresholds
482,2025-12-11 02:39:32,2025-12-11 02:40:31,MEZCLA,False,35.078882715565975,0.9999999999999996,24,0,data_driven_global_percentile_thresholds
483,2025-12-11 02:40:32,2025-12-11 02:41:31,MEZCLA,False,30.594708224548707,0.9999999999999996,24,0,data_driven_global_percentile_thresholds
484,2025-12-11 02:41:32,2025-12-11 02:42:31,MEZCLA,False,32.32725394318679,0.9999999999999996,24,0,data_driven_global_percentile_thresholds
485,2025-12-11 02:42:32,2025-12-11 02:43:31,MEZCLA,False,34.6942933572171,0.9999999999999996,24,0,data_driven_global_percentile_thresholds
486,2025-12-11 02:43:32,2025-12-11 02:44:31,MEZCLA,False,37.15106567088239,0.9999999999999996,24,0,data_driven_global_percentile_thresholds
487,2025-12-11 02:44:32,2025-12-11 02:45:31,MEZCLA,False,42.58465786794786,0.9999999999999996,24,0,data_driven_global_percentile_thresholds
488,2025-12-11 02:45:32,2025-12-11 02:46:31,MEZCLA,False,39.20642576715883,0.9999999999999996,24,0,data_driven_global_percentile_thresholds
489,2025-12-11 02:46:32,2025-12-11 02:47:31,MEZCLA,False,34.16940035693812,0.9999999999999996,24,0,data_driven_global_percentile_thresholds
490,2025-12-11 02:47:32,2025-12-11 02:48:31,MEZCLA,False,33.790950418069045,0.9999999999999996,24,0,data_driven_global_percentile_thresholds
491,2025-12-11 02:48:32,2025-12-11 02:49:31,MEZCLA,False,35.96550379224066,0.9999999999999996,24,0,data_driven_global_percentile_thresholds
492,2025-12-11 02:49:32,2025-12-11 02:50:31,MEZCLA,False,36.45755654287175,0.9999999999999996,24,0,data_driven_global_percentile_thresholds
493,2025-12-11 02:50:32,2025-12-11 02:51:31,MEZCLA,False,32.719316033925345,0.9999999999999996,24,0,data_driven_global_percentile_thresholds
494,2025-12-11 02:51:32,2025-12-11 02:52:31,MEZCLA,False,32.29663544120653,0.9999999999999996,24,0,data_driven_global_percentile_thresholds
495,2025-12-11 02:52:32,2025-12-11 02:53:31,MEZCLA,False,33.155603439049486,0.9999999999999996,24,0,data_driven_global_percentile_thresholds
496,2025-12-11 02:53:32,2025-12-11 02:54:31,MEZCLA,False,34.66454259252168,0.9999999999999996,24,0,data_driven_global_percentile_thresholds
497,2025-12-11 02:54:32,2025-12-11 02:55:31,MEZCLA,False,32.57824178327924,0.9999999999999996,24,0,data_driven_global_percentile_thresholds
498,2025-12-11 02:55:32,2025-12-11 02:56:31,MEZCLA,False,32.86645301634599,0.9999999999999996,24,0,data_driven_global_percentile_thresholds
499,2025-12-11 02:56:32,2025-12-11 02:57:31,MEZCLA,False,35.457908536507,0.9999999999999996,24,0,data_driven_global_percentile_thresholds
500,2025-12-11 02:57:32,2025-12-11 02:58:31,MEZCLA,False,37.49885740333927,0.9999999999999996,24,0,data_driven_global_percentile_thresholds
501,2025-12-11 02:58:32,2025-12-11 02:59:31,MEZCLA,False,37.097239724100646,0.9999999999999996,24,0,data_driven_global_percentile_thresholds
502,2025-12-11 02:59:32,2025-12-11 03:00:31,MEZCLA,False,35.20794923287136,0.9999999999999996,24,0,data_driven_global_percentile_thresholds
503,2025-12-11 03:00:32,2025-12-11 03:01:31,MEZCLA,False,35.22886682367554,0.9999999999999996,24,0,data_driven_global_percentile_thresholds
504,2025-12-11 03:01:32,2025-12-11 03:02:31,MEZCLA,False,38.08702132598552,0.9999999999999996,24,0,data_driven_global_percentile_thresholds
505,2025-12-11 03:02:32,2025-12-11 03:03:31,MEZCLA,False,34.63612160892589,0.9999999999999996,24,0,data_driven_global_percentile_thresholds
506,2025-12-11 03:03:32,2025-12-11 03:04:31,MEZCLA,False,38.34096997837134,0.9999999999999996,24,0,data_driven_global_percentile_thresholds
507,2025-12-11 03:04:32,2025-12-11 03:05:31,MEZCLA,False,35.06660042117665,0.9999999999999996,24,0,data_driven_global_percentile_thresholds
508,2025-12-11 03:05:32,2025-12-11 03:06:31,MEZCLA,False,35.38837219698325,0.9999999999999996,24,0,data_driven_global_percentile_thresholds
509,2025-12-11 03:06:32,2025-12-11 03:07:31,MEZCLA,False,37.49030490706499,0.9999999999999996,24,0,data_driven_global_percentile_thresholds
510,2025-12-11 03:07:32,2025-12-11 03:08:31,MEZCLA,False,36.22204573497365,0.9999999999999996,24,0,data_driven_global_percentile_thresholds
511,2025-12-11 03:08:32,2025-12-11 03:09:31,MEZCLA,False,41.14807574463913,0.9999999999999996,24,0,data_driven_global_percentile_thresholds
512,2025-12-11 03:09:32,2025-12-11 03:10:31,MEZCLA,False,40.424734210118736,0.9999999999999996,24,0,data_driven_global_percentile_thresholds
513,2025-12-11 03:10:32,2025-12-11 03:11:31,MEZCLA,False,38.86758691455192,0.9999999999999996,24,0,data_driven_global_percentile_thresholds
514,2025-12-11 03:11:32,2025-12-11 03:12:31,MEZCLA,False,39.23580448104433,0.9999999999999996,24,0,data_driven_global_percentile_thresholds
515,2025-12-11 03:12:32,2025-12-11 03:13:31,MEZCLA,False,34.84479208976945,0.9999999999999996,24,0,data_driven_global_percentile_thresholds
516,2025-12-11 03:13:32,2025-12-11 03:14:31,MEZCLA,False,41.20745214604315,0.9999999999999996,24,0,data_driven_global_percentile_thresholds
517,2025-12-11 03:14:32,2025-12-11 03:15:31,MEZCLA,False,40.319093594246354,0.9999999999999996,24,0,data_driven_global_percentile_thresholds
518,2025-12-11 03:15:32,2025-12-11 03:16:31,MEZCLA,False,39.53097047525712,0.9999999999999996,24,0,data_driven_global_percentile_thresholds
519,2025-12-11 03:16:32,2025-12-11 03:17:31,MEZCLA,False,38.798339529135056,0.9999999999999996,24,0,data_driven_global_percentile_thresholds
520,2025-12-11 03:17:32,2025-12-11 03:18:31,MEZCLA,False,38.91260761851339,0.9999999999999996,24,0,data_driven_global_percentile_thresholds
521,2025-12-11 03:18:32,2025-12-11 03:19:31,MEZCLA,False,33.76010288169566,0.9999999999999996,24,0,data_driven_global_percentile_thresholds
522,2025-12-11 03:19:32,2025-12-11 03:20:31,MEZCLA,False,32.19306190423919,0.9999999999999996,24,0,data_driven_global_percentile_thresholds
523,2025-12-11 03:20:32,2025-12-11 03:21:31,MEZCLA,False,36.094600862542656,0.9999999999999996,24,0,data_driven_global_percentile_thresholds
524,2025-12-11 03:21:32,2025-12-11 03:22:31,MEZCLA,False,40.61327370472032,0.9999999999999996,24,0,data_driven_global_percentile_thresholds
525,2025-12-11 03:22:32,2025-12-11 03:23:31,MEZCLA,False,38.05077741697356,0.9999999999999996,24,0,data_driven_global_percentile_thresholds
526,2025-12-11 03:23:32,2025-12-11 03:24:31,MEZCLA,False,36.4537097530628,0.9999999999999996,24,0,data_driven_global_percentile_thresholds
527,2025-12-11 03:24:32,2025-12-11 03:25:31,MEZCLA,False,33.41388390092108,0.9999999999999996,24,0,data_driven_global_percentile_thresholds
528,2025-12-11 03:25:32,2025-12-11 03:26:31,MEZCLA,False,31.593243988756534,0.9999999999999996,24,0,data_driven_global_percentile_thresholds
529,2025-12-11 03:26:32,2025-12-11 03:27:31,MEZCLA,False,36.044620064787225,0.9999999999999996,24,0,data_driven_global_percentile_thresholds
530,2025-12-11 03:27:32,2025-12-11 03:28:31,MEZCLA,False,36.16740667025287,0.9999999999999996,24,0,data_driven_global_percentile_thresholds
531,2025-12-11 03:28:32,2025-12-11 03:29:31,MEZCLA,False,36.52531926668797,0.9999999999999996,24,0,data_driven_global_percentile_thresholds
532,2025-12-11 03:29:32,2025-12-11 03:30:31,MEZCLA,False,37.63894633920168,0.9999999999999996,24,0,data_driven_global_percentile_thresholds
533,2025-12-11 03:30:32,2025-12-11 03:31:31,MEZCLA,False,36.025656534336115,0.9999999999999996,24,0,data_driven_global_percentile_thresholds
534,2025-12-11 03:31:32,2025-12-11 03:32:31,MEZCLA,False,36.76934101853522,0.9999999999999996,24,0,data_driven_global_percentile_thresholds
535,2025-12-11 03:32:32,2025-12-11 03:33:31,MEZCLA,False,35.926854734112446,0.9999999999999996,24,0,data_driven_global_percentile_thresholds
536,2025-12-11 03:33:32,2025-12-11 03:34:31,MEZCLA,False,35.534446938356574,0.9999999999999996,24,0,data_driven_global_percentile_thresholds
537,2025-12-11 03:34:32,2025-12-11 03:35:31,MEZCLA,False,35.532366886835035,0.9999999999999996,24,0,data_driven_global_percentile_thresholds
538,2025-12-11 03:35:32,2025-12-11 03:36:31,MEZCLA,False,39.83552985426041,0.9999999999999996,24,0,data_driven_global_percentile_thresholds
539,2025-12-11 03:36:32,2025-12-11 03:37:31,MEZCLA,False,36.84675836016402,0.9999999999999996,24,0,data_driven_global_percentile_thresholds
540,2025-12-11 03:37:32,2025-12-11 03:38:31,MEZCLA,False,37.72513779467069,0.9999999999999996,24,0,data_driven_global_percentile_thresholds
541,2025-12-11 03:38:32,2025-12-11 03:39:31,MEZCLA,False,37.93507608953859,0.9999999999999996,24,0,data_driven_global_percentile_thresholds
542,2025-12-11 03:39:32,2025-12-11 03:40:31,MEZCLA,False,36.60522392440173,0.9999999999999996,24,0,data_driven_global_percentile_thresholds
543,2025-12-11 03:40:32,2025-12-11 03:41:31,MEZCLA,False,34.00354490277557,0.9999999999999996,24,0,data_driven_global_percentile_thresholds
544,2025-12-11 03:41:32,2025-12-11 03:42:31,MEZCLA,False,36.838058096789815,0.9999999999999996,24,0,data_driven_global_percentile_thresholds
545,2025-12-11 03:42:32,2025-12-11 03:43:31,MEZCLA,False,39.07319393265153,0.9999999999999996,24,0,data_driven_global_percentile_thresholds
546,2025-12-11 03:43:32,2025-12-11 03:44:31,MEZCLA,False,37.50786477204163,0.9999999999999996,24,0,data_driven_global_percentile_thresholds
547,2025-12-11 03:44:32,2025-12-11 03:45:31,MEZCLA,False,41.65822717950216,0.9999999999999996,24,0,data_driven_global_percentile_thresholds
548,2025-12-11 03:45:32,2025-12-11 03:46:31,MEZCLA,False,40.206995943170014,0.9999999999999996,24,0,data_driven_global_percentile_thresholds
549,2025-12-11 03:46:32,2025-12-11 03:47:31,MEZCLA,False,42.52068410514654,0.9999999999999996,24,0,data_driven_global_percentile_thresholds
550,2025-12-11 03:47:32,2025-12-11 03:48:31,MEZCLA,False,36.44895739652016,0.9999999999999996,24,0,data_driven_global_percentile_thresholds
551,2025-12-11 03:48:32,2025-12-11 03:49:31,MEZCLA,False,36.96450062030232,0.9999999999999996,24,0,data_driven_global_percentile_thresholds
552,2025-12-11 03:49:32,2025-12-11 03:50:31,MEZCLA,False,41.28258906762732,0.9999999999999996,24,0,data_driven_global_percentile_thresholds
553,2025-12-11 03:50:32,2025-12-11 03:51:31,MEZCLA,False,35.696168646608626,0.9999999999999996,24,0,data_driven_global_percentile_thresholds
554,2025-12-11 03:51:32,2025-12-11 03:52:31,MEZCLA,False,39.12060265610048,0.9999999999999996,24,0,data_driven_global_percentile_thresholds
555,2025-12-11 03:52:32,2025-12-11 03:53:31,MEZCLA,False,38.32830591777578,0.9999999999999996,24,0,data_driven_global_percentile_thresholds
556,2025-12-11 03:53:32,2025-12-11 03:54:31,MEZCLA,False,36.88035781445273,0.9999999999999996,24,0,data_driven_global_percentile_thresholds
557,2025-12-11 03:54:32,2025-12-11 03:55:31,MEZCLA,False,37.174406488175386,0.9999999999999996,24,0,data_driven_global_percentile_thresholds
558,2025-12-11 03:55:32,2025-12-11 03:56:31,MEZCLA,False,38.437343359413774,0.9999999999999996,24,0,data_driven_global_percentile_thresholds
559,2025-12-11 03:56:32,2025-12-11 03:57:31,MEZCLA,False,37.67296559311027,0.9999999999999996,24,0,data_driven_global_percentile_thresholds
560,2025-12-11 03:57:32,2025-12-11 03:58:31,MEZCLA,False,39.05821138180673,0.9999999999999996,24,0,data_driven_global_percentile_thresholds
561,2025-12-11 03:58:32,2025-12-11 03:59:31,MEZCLA,False,40.66649530717932,0.9999999999999996,24,0,data_driven_global_percentile_thresholds
562,2025-12-11 03:59:32,2025-12-11 04:00:31,MEZCLA,False,43.72224255830909,0.9999999999999996,24,0,data_driven_global_percentile_thresholds
563,2025-12-11 04:00:32,2025-12-11 04:01:31,MEZCLA,False,35.963442338562295,0.9999999999999996,24,0,data_driven_global_percentile_thresholds
564,2025-12-11 04:01:32,2025-12-11 04:02:31,MEZCLA,False,40.57051712862815,0.9999999999999996,24,0,data_driven_global_percentile_thresholds
565,2025-12-11 04:02:32,2025-12-11 04:03:31,MEZCLA,False,42.56213824917483,0.9999999999999996,24,0,data_driven_global_percentile_thresholds
566,2025-12-11 04:03:32,2025-12-11 04:04:31,MEZCLA,False,43.64572732699176,0.9999999999999996,24,0,data_driven_global_percentile_thresholds
567,2025-12-11 04:04:32,2025-12-11 04:05:31,MEZCLA,False,38.9263719551829,0.9999999999999996,24,0,data_driven_global_percentile_thresholds
568,2025-12-11 04:05:32,2025-12-11 04:06:31,MEZCLA,False,40.7092320904109,0.9999999999999996,24,0,data_driven_global_percentile_thresholds
569,2025-12-11 04:06:32,2025-12-11 04:07:31,MEZCLA,False,42.35586479385641,0.9999999999999996,24,0,data_driven_global_percentile_thresholds
570,2025-12-11 04:07:32,2025-12-11 04:08:31,MEZCLA,False,38.535631480161776,0.9999999999999996,24,0,data_driven_global_percentile_thresholds
571,2025-12-11 04:08:32,2025-12-11 04:09:31,MEZCLA,False,42.575693136021854,0.9999999999999996,24,0,data_driven_global_percentile_thresholds
572,2025-12-11 04:09:32,2025-12-11 04:10:31,MEZCLA,False,45.0580452364622,0.9999999999999996,24,0,data_driven_global_percentile_thresholds
573,2025-12-11 04:10:32,2025-12-11 04:11:31,MEZCLA,False,45.83213629640155,0.9999999999999996,24,0,data_driven_global_percentile_thresholds
574,2025-12-11 04:11:32,2025-12-11 04:12:31,MEZCLA,False,40.75920698997385,0.9999999999999996,24,0,data_driven_global_percentile_thresholds
575,2025-12-11 04:12:32,2025-12-11 04:13:31,MEZCLA,False,38.88383455013509,0.9999999999999996,24,0,data_driven_global_percentile_thresholds
576,2025-12-11 04:13:32,2025-12-11 04:14:31,MEZCLA,False,40.5864416851753,0.9999999999999996,24,0,data_driven_global_percentile_thresholds
577,2025-12-11 04:14:32,2025-12-11 04:15:31,MEZCLA,False,46.08845379010631,0.9999999999999996,24,0,data_driven_global_percentile_thresholds
578,2025-12-11 04:15:32,2025-12-11 04:16:31,MEZCLA,False,40.69545241705477,0.9999999999999996,24,0,data_driven_global_percentile_thresholds
579,2025-12-11 04:16:32,2025-12-11 04:17:31,MEZCLA,False,36.04018449137944,0.9999999999999996,24,0,data_driven_global_percentile_thresholds
580,2025-12-11 04:17:32,2025-12-11 04:18:31,MEZCLA,False,37.6015039271069,0.9999999999999996,24,0,data_driven_global_percentile_thresholds
581,2025-12-11 04:18:32,2025-12-11 04:19:31,MEZCLA,False,37.0092727013508,0.9999999999999996,24,0,data_driven_global_percentile_thresholds
582,2025-12-11 04:19:32,2025-12-11 04:20:31,MEZCLA,False,41.63338716203821,0.9999999999999996,24,0,data_driven_global_percentile_thresholds
583,2025-12-11 04:20:32,2025-12-11 04:21:31,MEZCLA,True,41.61473075669498,0.9999999999999996,24,0,data_driven_global_percentile_thresholds
585,2025-12-11 04:22:32,2025-12-11 04:23:31,RUBIALES,True,42.47471682030829,0.9999999999999996,24,0,data_driven_global_percentile_thresholds
586,2025-12-11 04:23:32,2025-12-11 04:24:31,RUBIALES,False,45.18820893996119,0.9999999999999996,24,0,data_driven_global_percentile_thresholds
587,2025-12-11 04:24:32,2025-12-11 04:25:31,RUBIALES,False,43.21465738051004,0.9999999999999996,24,0,data_driven_global_percentile_thresholds
588,2025-12-11 04:25:32,2025-12-11 04:26:31,RUBIALES,False,41.01432382013858,0.9999999999999996,24,0,data_driven_global_percentile_thresholds
589,2025-12-11 04:26:32,2025-12-11 04:27:31,RUBIALES,False,44.09052793411659,0.9999999999999996,24,0,data_driven_global_percentile_thresholds
590,2025-12-11 04:27:32,2025-12-11 04:28:31,RUBIALES,False,42.12347006607273,0.9999999999999996,24,0,data_driven_global_percentile_thresholds
591,2025-12-11 04:28:32,2025-12-11 04:29:31,RUBIALES,False,39.74721379274879,0.9999999999999996,24,0,data_driven_global_percentile_thresholds
592,2025-12-11 04:29:32,2025-12-11 04:30:31,RUBIALES,False,37.35624252963222,0.9999999999999996,24,0,data_driven_global_percentile_thresholds
593,2025-12-11 04:30:32,2025-12-11 04:31:31,RUBIALES,False,38.0169708303507,0.9999999999999996,24,0,data_driven_global_percentile_thresholds
594,2025-12-11 04:31:32,2025-12-11 04:32:31,RUBIALES,False,42.95272366364526,0.9999999999999996,24,0,data_driven_global_percentile_thresholds
595,2025-12-11 04:32:32,2025-12-11 04:33:31,RUBIALES,False,41.6587308912033,0.9999999999999996,24,0,data_driven_global_percentile_thresholds
596,2025-12-11 04:33:32,2025-12-11 04:34:31,RUBIALES,False,41.73869693802496,0.9999999999999996,24,0,data_driven_global_percentile_thresholds
597,2025-12-11 04:34:32,2025-12-11 04:35:31,RUBIALES,False,39.60798005687588,0.9999999999999996,24,0,data_driven_global_percentile_thresholds
598,2025-12-11 04:35:32,2025-12-11 04:36:31,RUBIALES,False,37.82107616098895,0.9999999999999996,24,0,data_driven_global_percentile_thresholds
599,2025-12-11 04:36:32,2025-12-11 04:37:31,RUBIALES,False,37.0376905081388,0.9999999999999996,24,0,data_driven_global_percentile_thresholds
600,2025-12-11 04:37:32,2025-12-11 04:38:31,RUBIALES,False,37.72182140285714,0.9999999999999996,24,0,data_driven_global_percentile_thresholds
601,2025-12-11 04:38:32,2025-12-11 04:39:31,RUBIALES,False,37.256281597608,0.9999999999999996,24,0,data_driven_global_percentile_thresholds
602,2025-12-11 04:39:32,2025-12-11 04:40:31,RUBIALES,False,35.96372345373299,0.9999999999999996,24,0,data_driven_global_percentile_thresholds
603,2025-12-11 04:40:32,2025-12-11 04:41:31,RUBIALES,False,37.31156022454791,0.9999999999999996,24,0,data_driven_global_percentile_thresholds
604,2025-12-11 04:41:32,2025-12-11 04:42:31,RUBIALES,False,34.74793952236111,0.9999999999999996,24,0,data_driven_global_percentile_thresholds
605,2025-12-11 04:42:32,2025-12-11 04:43:31,RUBIALES,False,34.58635136946346,0.9999999999999996,24,0,data_driven_global_percentile_thresholds
606,2025-12-11 04:43:32,2025-12-11 04:44:31,RUBIALES,False,38.53075141071555,0.9999999999999996,24,0,data_driven_global_percentile_thresholds
607,2025-12-11 04:44:32,2025-12-11 04:45:31,RUBIALES,False,36.18972344208764,0.9999999999999996,24,0,data_driven_global_percentile_thresholds
608,2025-12-11 04:45:32,2025-12-11 04:46:31,RUBIALES,False,38.401573934228345,0.9999999999999996,24,0,data_driven_global_percentile_thresholds
609,2025-12-11 04:46:32,2025-12-11 04:47:31,RUBIALES,False,40.74276020406528,0.9999999999999996,24,0,data_driven_global_percentile_thresholds
610,2025-12-11 04:47:32,2025-12-11 04:48:31,RUBIALES,False,42.068831562930384,0.9999999999999996,24,0,data_driven_global_percentile_thresholds
611,2025-12-11 04:48:32,2025-12-11 04:49:31,RUBIALES,False,37.64448810952713,0.9999999999999996,24,0,data_driven_global_percentile_thresholds
612,2025-12-11 04:49:32,2025-12-11 04:50:31,RUBIALES,False,37.381196259508826,0.9999999999999996,24,0,data_driven_global_percentile_thresholds
613,2025-12-11 04:50:32,2025-12-11 04:51:31,RUBIALES,False,35.21950555289922,0.9999999999999996,24,0,data_driven_global_percentile_thresholds
614,2025-12-11 04:51:32,2025-12-11 04:52:31,RUBIALES,False,36.31064383940642,0.9999999999999996,24,0,data_driven_global_percentile_thresholds
615,2025-12-11 04:52:32,2025-12-11 04:53:31,RUBIALES,False,36.886627034422496,0.9999999999999996,24,0,data_driven_global_percentile_thresholds
616,2025-12-11 04:53:32,2025-12-11 04:54:31,RUBIALES,False,32.998935256093034,0.9999999999999996,24,0,data_driven_global_percentile_thresholds
617,2025-12-11 04:54:32,2025-12-11 04:55:31,RUBIALES,False,32.276787511985155,0.9999999999999996,24,0,data_driven_global_percentile_thresholds
618,2025-12-11 04:55:32,2025-12-11 04:56:31,RUBIALES,False,33.83767740158957,0.9999999999999996,24,0,data_driven_global_percentile_thresholds
619,2025-12-11 04:56:32,2025-12-11 04:57:31,RUBIALES,False,32.779454886906315,0.9999999999999996,24,0,data_driven_global_percentile_thresholds
620,2025-12-11 04:57:32,2025-12-11 04:58:31,RUBIALES,False,32.54785184715638,0.9999999999999996,24,0,data_driven_global_percentile_thresholds
621,2025-12-11 04:58:32,2025-12-11 04:59:31,RUBIALES,False,30.99207339346557,0.9999999999999996,24,0,data_driven_global_percentile_thresholds
622,2025-12-11 04:59:32,2025-12-11 05:00:31,RUBIALES,False,29.77260318464544,0.9999999999999996,24,0,data_driven_global_percentile_thresholds
623,2025-12-11 05:00:32,2025-12-11 05:01:31,RUBIALES,False,30.090404993466827,0.9999999999999996,24,0,data_driven_global_percentile_thresholds
624,2025-12-11 05:01:32,2025-12-11 05:02:31,RUBIALES,False,28.192937299382265,0.9999999999999996,24,0,data_driven_global_percentile_thresholds
625,2025-12-11 05:02:32,2025-12-11 05:03:31,RUBIALES,False,22.754730967577448,0.9999999999999996,24,0,data_driven_global_percentile_thresholds
626,2025-12-11 05:03:32,2025-12-11 05:04:31,RUBIALES,False,24.56740134043588,0.9999999999999996,24,0,data_driven_global_percentile_thresholds
627,2025-12-11 05:04:32,2025-12-11 05:05:31,RUBIALES,False,21.309012239526844,0.9999999999999996,24,0,data_driven_global_percentile_thresholds
628,2025-12-11 05:05:32,2025-12-11 05:06:31,RUBIALES,False,19.137049348287672,0.9999999999999996,24,0,data_driven_global_percentile_thresholds
629,2025-12-11 05:06:32,2025-12-11 05:07:31,RUBIALES,False,22.56136138494957,0.9999999999999996,24,0,data_driven_global_percentile_thresholds
630,2025-12-11 05:07:32,2025-12-11 05:08:31,RUBIALES,False,22.738158285261083,0.9999999999999996,24,0,data_driven_global_percentile_thresholds
631,2025-12-11 05:08:32,2025-12-11 05:09:31,RUBIALES,False,26.48476680986085,0.9999999999999996,24,0,data_driven_global_percentile_thresholds
632,2025-12-11 05:09:32,2025-12-11 05:10:31,RUBIALES,False,23.96750077443386,0.9999999999999996,24,0,data_driven_global_percentile_thresholds
633,2025-12-11 05:10:32,2025-12-11 05:11:31,RUBIALES,False,23.03245122752337,0.9999999999999996,24,0,data_driven_global_percentile_thresholds
634,2025-12-11 05:11:32,2025-12-11 05:12:31,RUBIALES,False,22.95718978876748,0.9999999999999996,24,0,data_driven_global_percentile_thresholds
635,2025-12-11 05:12:32,2025-12-11 05:13:31,RUBIALES,False,22.173020696027965,0.9999999999999996,24,0,data_driven_global_percentile_thresholds
636,2025-12-11 05:13:32,2025-12-11 05:14:31,RUBIALES,False,21.78251548282841,0.9999999999999996,24,0,data_driven_global_percentile_thresholds
637,2025-12-11 05:14:32,2025-12-11 05:15:31,RUBIALES,False,23.39039741733028,0.9999999999999996,24,0,data_driven_global_percentile_thresholds
638,2025-12-11 05:15:32,2025-12-11 05:16:31,RUBIALES,False,22.88159478622322,0.9999999999999996,24,0,data_driven_global_percentile_thresholds
639,2025-12-11 05:16:32,2025-12-11 05:17:31,RUBIALES,False,21.036486018805984,0.9999999999999996,24,0,data_driven_global_percentile_thresholds
640,2025-12-11 05:17:32,2025-12-11 05:18:31,RUBIALES,False,24.078392495454157,0.9999999999999996,24,0,data_driven_global_percentile_thresholds
641,2025-12-11 05:18:32,2025-12-11 05:19:31,RUBIALES,False,20.754100840833857,0.9999999999999996,24,0,data_driven_global_percentile_thresholds
642,2025-12-11 05:19:32,2025-12-11 05:20:31,RUBIALES,False,21.595992910992923,0.9999999999999996,24,0,data_driven_global_percentile_thresholds
643,2025-12-11 05:20:32,2025-12-11 05:21:31,RUBIALES,False,23.07215410513725,0.9999999999999996,24,0,data_driven_global_percentile_thresholds
644,2025-12-11 05:21:32,2025-12-11 05:22:31,RUBIALES,False,22.246137426092528,0.9999999999999996,24,0,data_driven_global_percentile_thresholds
645,2025-12-11 05:22:32,2025-12-11 05:23:31,RUBIALES,False,24.73816461960337,0.9999999999999996,24,0,data_driven_global_percentile_thresholds
646,2025-12-11 05:23:32,2025-12-11 05:24:31,RUBIALES,False,23.479727166786184,0.9999999999999996,24,0,data_driven_global_percentile_thresholds
647,2025-12-11 05:24:32,2025-12-11 05:25:31,RUBIALES,False,23.0740274796058,0.9999999999999996,24,0,data_driven_global_percentile_thresholds
648,2025-12-11 05:25:32,2025-12-11 05:26:31,RUBIALES,False,20.73790567353311,0.9999999999999996,24,0,data_driven_global_percentile_thresholds
649,2025-12-11 05:26:32,2025-12-11 05:27:31,RUBIALES,False,18.816691857333996,0.9999999999999996,24,0,data_driven_global_percentile_thresholds
650,2025-12-11 05:27:32,2025-12-11 05:28:31,RUBIALES,False,24.752117903411406,0.9999999999999996,24,0,data_driven_global_percentile_thresholds
651,2025-12-11 05:28:32,2025-12-11 05:29:31,RUBIALES,False,22.2475974000554,0.9999999999999996,24,0,data_driven_global_percentile_thresholds
652,2025-12-11 05:29:32,2025-12-11 05:30:31,RUBIALES,False,19.03746913789751,0.9999999999999996,24,0,data_driven_global_percentile_thresholds
653,2025-12-11 05:30:32,2025-12-11 05:31:31,RUBIALES,False,21.72208050166304,0.9999999999999996,24,0,data_driven_global_percentile_thresholds
654,2025-12-11 05:31:32,2025-12-11 05:32:31,RUBIALES,False,22.59374733197348,0.9999999999999996,24,0,data_driven_global_percentile_thresholds
655,2025-12-11 05:32:32,2025-12-11 05:33:31,RUBIALES,False,20.71721114667248,0.9999999999999996,24,0,data_driven_global_percentile_thresholds
656,2025-12-11 05:33:32,2025-12-11 05:34:31,RUBIALES,False,21.42907642484926,0.9999999999999996,24,0,data_driven_global_percentile_thresholds
657,2025-12-11 05:34:32,2025-12-11 05:35:31,RUBIALES,False,21.796615100209745,0.9999999999999996,24,0,data_driven_global_percentile_thresholds
658,2025-12-11 05:35:32,2025-12-11 05:36:31,RUBIALES,False,25.10651732563049,0.9999999999999996,24,0,data_driven_global_percentile_thresholds
659,2025-12-11 05:36:32,2025-12-11 05:37:31,RUBIALES,False,20.154828263669632,0.9999999999999996,24,0,data_driven_global_percentile_thresholds
660,2025-12-11 05:37:32,2025-12-11 05:38:31,RUBIALES,False,24.33900608236007,0.9999999999999996,24,0,data_driven_global_percentile_thresholds
661,2025-12-11 05:38:32,2025-12-11 05:39:31,RUBIALES,False,21.716448303895472,0.9999999999999996,24,0,data_driven_global_percentile_thresholds
662,2025-12-11 05:39:32,2025-12-11 05:40:31,RUBIALES,False,24.89732269353921,0.9999999999999996,24,0,data_driven_global_percentile_thresholds
663,2025-12-11 05:40:32,2025-12-11 05:41:31,RUBIALES,False,23.49054244356028,0.9999999999999996,24,0,data_driven_global_percentile_thresholds
664,2025-12-11 05:41:32,2025-12-11 05:42:31,RUBIALES,False,21.388857769142405,0.9999999999999996,24,0,data_driven_global_percentile_thresholds
665,2025-12-11 05:42:32,2025-12-11 05:43:31,RUBIALES,False,22.764027324769067,0.9999999999999996,24,0,data_driven_global_percentile_thresholds
666,2025-12-11 05:43:32,2025-12-11 05:44:31,RUBIALES,False,25.75751216329969,0.9999999999999996,24,0,data_driven_global_percentile_thresholds
667,2025-12-11 05:44:32,2025-12-11 05:45:31,RUBIALES,False,25.19156879659316,0.9999999999999996,24,0,data_driven_global_percentile_thresholds
668,2025-12-11 05:45:32,2025-12-11 05:46:31,RUBIALES,False,25.23176804188414,0.9999999999999996,24,0,data_driven_global_percentile_thresholds
669,2025-12-11 05:46:32,2025-12-11 05:47:31,RUBIALES,False,24.540472001372816,0.9999999999999996,24,0,data_driven_global_percentile_thresholds
670,2025-12-11 05:47:32,2025-12-11 05:48:31,RUBIALES,False,25.46939861065176,0.9999999999999996,24,0,data_driven_global_percentile_thresholds
671,2025-12-11 05:48:32,2025-12-11 05:49:31,RUBIALES,False,29.15233639019158,0.9999999999999996,24,0,data_driven_global_percentile_thresholds
672,2025-12-11 05:49:32,2025-12-11 05:50:31,RUBIALES,False,22.27309464596884,0.9999999999999996,24,0,data_driven_global_percentile_thresholds
673,2025-12-11 05:50:32,2025-12-11 05:51:31,RUBIALES,False,22.98537857252637,0.9999999999999996,24,0,data_driven_global_percentile_thresholds
674,2025-12-11 05:51:32,2025-12-11 05:52:31,RUBIALES,False,23.885321898345296,0.9999999999999996,24,0,data_driven_global_percentile_thresholds
675,2025-12-11 05:52:32,2025-12-11 05:53:31,RUBIALES,False,23.21492347058172,0.9999999999999996,24,0,data_driven_global_percentile_thresholds
676,2025-12-11 05:53:32,2025-12-11 05:54:31,RUBIALES,False,28.394786291867668,0.9999999999999996,24,0,data_driven_global_percentile_thresholds
677,2025-12-11 05:54:32,2025-12-11 05:55:31,RUBIALES,False,20.985241758643337,0.9999999999999996,24,0,data_driven_global_percentile_thresholds
678,2025-12-11 05:55:32,2025-12-11 05:56:31,RUBIALES,False,23.75995801812102,0.9999999999999996,24,0,data_driven_global_percentile_thresholds
679,2025-12-11 05:56:32,2025-12-11 05:57:31,RUBIALES,False,22.12962220363824,0.9999999999999996,24,0,data_driven_global_percentile_thresholds
680,2025-12-11 05:57:32,2025-12-11 05:58:31,RUBIALES,False,27.229882191556115,0.9999999999999996,24,0,data_driven_global_percentile_thresholds
681,2025-12-11 05:58:32,2025-12-11 05:59:31,RUBIALES,False,23.482236115863348,0.9999999999999996,24,0,data_driven_global_percentile_thresholds
682,2025-12-11 05:59:32,2025-12-11 06:00:31,RUBIALES,False,22.57307359323702,0.9999999999999996,24,0,data_driven_global_percentile_thresholds
683,2025-12-11 06:00:32,2025-12-11 06:01:31,RUBIALES,False,24.97008003689148,0.9999999999999996,24,0,data_driven_global_percentile_thresholds
684,2025-12-11 06:01:32,2025-12-11 06:02:31,RUBIALES,False,38.15694897909114,0.9999999999999996,24,0,data_driven_global_percentile_thresholds
685,2025-12-11 06:02:32,2025-12-11 06:03:31,RUBIALES,False,39.87115948017381,0.9999999999999996,24,0,data_driven_global_percentile_thresholds
686,2025-12-11 06:03:32,2025-12-11 06:04:31,RUBIALES,False,43.480342668833394,0.9999999999999996,24,0,data_driven_global_percentile_thresholds
687,2025-12-11 06:04:32,2025-12-11 06:05:31,RUBIALES,False,33.57998157374863,0.9999999999999996,24,0,data_driven_global_percentile_thresholds
688,2025-12-11 06:05:32,2025-12-11 06:06:31,RUBIALES,False,34.80713756363737,0.9999999999999996,24,0,data_driven_global_percentile_thresholds
689,2025-12-11 06:06:32,2025-12-11 06:07:31,RUBIALES,False,32.48685819215022,0.9999999999999996,24,0,data_driven_global_percentile_thresholds
690,2025-12-11 06:07:32,2025-12-11 06:08:31,RUBIALES,False,28.325456129031696,0.9999999999999996,24,0,data_driven_global_percentile_thresholds
691,2025-12-11 06:08:32,2025-12-11 06:09:31,RUBIALES,False,19.667175463974207,0.9999999999999996,24,0,data_driven_global_percentile_thresholds
692,2025-12-11 06:09:32,2025-12-11 06:10:31,RUBIALES,False,18.68889183430459,0.9999999999999996,24,0,data_driven_global_percentile_thresholds
693,2025-12-11 06:10:32,2025-12-11 06:11:31,RUBIALES,False,22.10782662263764,0.9999999999999996,24,0,data_driven_global_percentile_thresholds
694,2025-12-11 06:11:32,2025-12-11 06:12:31,RUBIALES,False,23.88355969508312,0.9999999999999996,24,0,data_driven_global_percentile_thresholds
695,2025-12-11 06:12:32,2025-12-11 06:13:31,RUBIALES,False,21.866587516285406,0.9999999999999996,24,0,data_driven_global_percentile_thresholds
696,2025-12-11 06:13:32,2025-12-11 06:14:31,RUBIALES,False,18.050287126445888,0.9999999999999996,24,0,data_driven_global_percentile_thresholds
697,2025-12-11 06:14:32,2025-12-11 06:15:31,RUBIALES,False,21.04371558806288,0.9999999999999996,24,0,data_driven_global_percentile_thresholds
698,2025-12-11 06:15:32,2025-12-11 06:16:31,RUBIALES,False,18.631744430480925,0.9999999999999996,24,0,data_driven_global_percentile_thresholds
699,2025-12-11 06:16:32,2025-12-11 06:17:31,RUBIALES,False,19.485638196585835,0.9999999999999996,24,0,data_driven_global_percentile_thresholds
700,2025-12-11 06:17:32,2025-12-11 06:18:31,RUBIALES,False,21.61936484713775,0.9999999999999996,24,0,data_driven_global_percentile_thresholds
701,2025-12-11 06:18:32,2025-12-11 06:19:31,RUBIALES,False,21.089111710168808,0.9999999999999996,24,0,data_driven_global_percentile_thresholds
702,2025-12-11 06:19:32,2025-12-11 06:20:31,RUBIALES,False,16.476071690060298,0.9999999999999996,24,0,data_driven_global_percentile_thresholds
703,2025-12-11 06:20:32,2025-12-11 06:21:31,RUBIALES,False,18.709974354332065,0.9999999999999996,24,0,data_driven_global_percentile_thresholds
704,2025-12-11 06:21:32,2025-12-11 06:22:31,RUBIALES,False,20.469443321483247,0.9999999999999996,24,0,data_driven_global_percentile_thresholds
705,2025-12-11 06:22:32,2025-12-11 06:23:31,RUBIALES,False,19.428488792848807,0.9999999999999996,24,0,data_driven_global_percentile_thresholds
706,2025-12-11 06:23:32,2025-12-11 06:24:31,RUBIALES,False,17.950335640611723,0.9999999999999996,24,0,data_driven_global_percentile_thresholds
707,2025-12-11 06:24:32,2025-12-11 06:25:31,RUBIALES,False,17.167083849730663,0.9999999999999996,24,0,data_driven_global_percentile_thresholds
708,2025-12-11 06:25:32,2025-12-11 06:26:31,RUBIALES,False,17.23282503611703,0.9999999999999996,24,0,data_driven_global_percentile_thresholds
709,2025-12-11 06:26:32,2025-12-11 06:27:31,RUBIALES,False,16.45813972307681,0.9999999999999996,24,0,data_driven_global_percentile_thresholds
710,2025-12-11 06:27:32,2025-12-11 06:28:31,RUBIALES,False,22.23768617407708,0.9999999999999996,24,0,data_driven_global_percentile_thresholds
711,2025-12-11 06:28:32,2025-12-11 06:29:31,RUBIALES,False,19.25710798413616,0.9999999999999996,24,0,data_driven_global_percentile_thresholds
712,2025-12-11 06:29:32,2025-12-11 06:30:31,RUBIALES,False,18.40398853479024,0.9999999999999996,24,0,data_driven_global_percentile_thresholds
713,2025-12-11 06:30:32,2025-12-11 06:31:31,RUBIALES,False,25.122899957317404,0.9999999999999996,24,0,data_driven_global_percentile_thresholds
714,2025-12-11 06:31:32,2025-12-11 06:32:31,RUBIALES,False,21.8682116553262,0.9999999999999996,24,0,data_driven_global_percentile_thresholds
715,2025-12-11 06:32:32,2025-12-11 06:33:31,RUBIALES,False,21.86503875385781,0.9999999999999996,24,0,data_driven_global_percentile_thresholds
716,2025-12-11 06:33:32,2025-12-11 06:34:31,RUBIALES,False,22.72600662243321,0.9999999999999996,24,0,data_driven_global_percentile_thresholds
717,2025-12-11 06:34:32,2025-12-11 06:35:31,RUBIALES,False,23.067048731908653,0.9999999999999996,24,0,data_driven_global_percentile_thresholds
718,2025-12-11 06:35:32,2025-12-11 06:36:31,RUBIALES,False,19.29954829725462,0.9999999999999996,24,0,data_driven_global_percentile_thresholds
719,2025-12-11 06:36:32,2025-12-11 06:37:31,RUBIALES,False,16.252747888297055,0.9999999999999996,24,0,data_driven_global_percentile_thresholds
720,2025-12-11 06:37:32,2025-12-11 06:38:31,RUBIALES,False,20.107476771770557,0.9999999999999996,24,0,data_driven_global_percentile_thresholds
721,2025-12-11 06:38:32,2025-12-11 06:39:31,RUBIALES,False,18.429851313901228,0.9999999999999996,24,0,data_driven_global_percentile_thresholds
722,2025-12-11 06:39:32,2025-12-11 06:40:31,RUBIALES,False,18.170058097311387,0.9999999999999996,24,0,data_driven_global_percentile_thresholds
723,2025-12-11 06:40:32,2025-12-11 06:41:31,RUBIALES,False,16.98009920595144,0.9999999999999996,24,0,data_driven_global_percentile_thresholds
724,2025-12-11 06:41:32,2025-12-11 06:42:31,RUBIALES,False,17.261148695909608,0.9999999999999996,24,0,data_driven_global_percentile_thresholds
725,2025-12-11 06:42:32,2025-12-11 06:43:31,RUBIALES,False,19.235091205825924,0.9999999999999996,24,0,data_driven_global_percentile_thresholds
726,2025-12-11 06:43:32,2025-12-11 06:44:31,RUBIALES,False,19.06622804059149,0.9999999999999996,24,0,data_driven_global_percentile_thresholds
727,2025-12-11 06:44:32,2025-12-11 06:45:31,RUBIALES,False,17.004535885193416,0.9999999999999996,24,0,data_driven_global_percentile_thresholds
728,2025-12-11 06:45:32,2025-12-11 06:46:31,RUBIALES,False,17.154243042786682,0.9999999999999996,24,0,data_driven_global_percentile_thresholds
729,2025-12-11 06:46:32,2025-12-11 06:47:31,RUBIALES,False,15.05413240969475,0.9999999999999996,24,0,data_driven_global_percentile_thresholds
730,2025-12-11 06:47:32,2025-12-11 06:48:31,RUBIALES,False,17.763892681985425,0.9999999999999996,24,0,data_driven_global_percentile_thresholds
731,2025-12-11 06:48:32,2025-12-11 06:49:31,RUBIALES,False,17.00341332523154,0.9999999999999996,24,0,data_driven_global_percentile_thresholds
732,2025-12-11 06:49:32,2025-12-11 06:50:31,RUBIALES,False,15.89582818988265,0.9999999999999996,24,0,data_driven_global_percentile_thresholds
733,2025-12-11 06:50:32,2025-12-11 06:51:31,RUBIALES,False,18.508048690454977,0.9999999999999996,24,0,data_driven_global_percentile_thresholds
734,2025-12-11 06:51:32,2025-12-11 06:52:31,RUBIALES,False,18.28316396316148,0.9999999999999996,24,0,data_driven_global_percentile_thresholds
735,2025-12-11 06:52:32,2025-12-11 06:53:31,RUBIALES,False,17.06635470606625,0.9999999999999996,24,0,data_driven_global_percentile_thresholds
736,2025-12-11 06:53:32,2025-12-11 06:54:31,RUBIALES,False,18.141600966201352,0.9999999999999996,24,0,data_driven_global_percentile_thresholds
737,2025-12-11 06:54:32,2025-12-11 06:55:31,RUBIALES,False,17.0734717895999,0.9999999999999996,24,0,data_driven_global_percentile_thresholds
738,2025-12-11 06:55:32,2025-12-11 06:56:31,RUBIALES,False,22.80867601499215,0.9999999999999996,24,0,data_driven_global_percentile_thresholds
739,2025-12-11 06:56:32,2025-12-11 06:57:31,RUBIALES,False,21.6935518019722,0.9999999999999996,24,0,data_driven_global_percentile_thresholds
740,2025-12-11 06:57:32,2025-12-11 06:58:31,RUBIALES,False,22.004672498459342,0.9999999999999996,24,0,data_driven_global_percentile_thresholds
741,2025-12-11 06:58:32,2025-12-11 06:59:31,RUBIALES,False,24.107306770056883,0.9999999999999996,24,0,data_driven_global_percentile_thresholds
742,2025-12-11 06:59:32,2025-12-11 07:00:31,RUBIALES,False,19.32018085524826,0.9999999999999996,24,0,data_driven_global_percentile_thresholds
743,2025-12-11 07:00:32,2025-12-11 07:01:31,RUBIALES,False,21.069761478816805,0.9999999999999996,24,0,data_driven_global_percentile_thresholds
744,2025-12-11 07:01:32,2025-12-11 07:02:31,RUBIALES,False,22.659524405153856,0.9999999999999996,24,0,data_driven_global_percentile_thresholds
745,2025-12-11 07:02:32,2025-12-11 07:03:31,RUBIALES,False,22.937737866280607,0.9999999999999996,24,0,data_driven_global_percentile_thresholds
746,2025-12-11 07:03:32,2025-12-11 07:04:31,RUBIALES,False,20.06133437849905,0.9999999999999996,24,0,data_driven_global_percentile_thresholds
747,2025-12-11 07:04:32,2025-12-11 07:05:31,RUBIALES,False,20.87634231117977,0.9999999999999996,24,0,data_driven_global_percentile_thresholds
748,2025-12-11 07:05:32,2025-12-11 07:06:31,RUBIALES,False,19.31490798917851,0.9999999999999996,24,0,data_driven_global_percentile_thresholds
749,2025-12-11 07:06:32,2025-12-11 07:07:31,RUBIALES,False,28.046891483254026,0.9999999999999996,24,0,data_driven_global_percentile_thresholds
750,2025-12-11 07:07:32,2025-12-11 07:08:31,RUBIALES,False,23.53693270161728,0.9999999999999996,24,0,data_driven_global_percentile_thresholds
751,2025-12-11 07:08:32,2025-12-11 07:09:31,RUBIALES,False,23.84582022190665,0.9999999999999996,24,0,data_driven_global_percentile_thresholds
752,2025-12-11 07:09:32,2025-12-11 07:10:31,RUBIALES,False,22.93212573956608,0.9999999999999996,24,0,data_driven_global_percentile_thresholds
753,2025-12-11 07:10:32,2025-12-11 07:11:31,RUBIALES,False,23.1233266157354,0.9999999999999996,24,0,data_driven_global_percentile_thresholds
754,2025-12-11 07:11:32,2025-12-11 07:12:31,RUBIALES,False,22.617553495061536,0.9999999999999996,24,0,data_driven_global_percentile_thresholds
755,2025-12-11 07:12:32,2025-12-11 07:13:31,RUBIALES,False,20.481723437728125,0.9999999999999996,24,0,data_driven_global_percentile_thresholds
756,2025-12-11 07:13:32,2025-12-11 07:14:31,RUBIALES,False,24.759668961231437,0.9999999999999996,24,0,data_driven_global_percentile_thresholds
757,2025-12-11 07:14:32,2025-12-11 07:15:31,RUBIALES,False,23.23227008967534,0.9999999999999996,24,0,data_driven_global_percentile_thresholds
758,2025-12-11 07:15:32,2025-12-11 07:16:31,RUBIALES,False,23.43070592800721,0.9999999999999996,24,0,data_driven_global_percentile_thresholds
759,2025-12-11 07:16:32,2025-12-11 07:17:31,RUBIALES,False,22.00707724692705,0.9999999999999996,24,0,data_driven_global_percentile_thresholds
760,2025-12-11 07:17:32,2025-12-11 07:18:31,RUBIALES,False,18.507760631638558,0.9999999999999996,24,0,data_driven_global_percentile_thresholds
761,2025-12-11 07:18:32,2025-12-11 07:19:31,RUBIALES,False,22.02321434324336,0.9999999999999996,24,0,data_driven_global_percentile_thresholds
762,2025-12-11 07:19:32,2025-12-11 07:20:31,RUBIALES,False,20.01139449961604,0.9999999999999996,24,0,data_driven_global_percentile_thresholds
763,2025-12-11 07:20:32,2025-12-11 07:21:31,RUBIALES,False,20.868873101082336,0.9999999999999996,24,0,data_driven_global_percentile_thresholds
764,2025-12-11 07:21:32,2025-12-11 07:22:31,RUBIALES,False,21.71295554815482,0.9999999999999996,24,0,data_driven_global_percentile_thresholds
765,2025-12-11 07:22:32,2025-12-11 07:23:31,RUBIALES,False,28.06522334406669,0.9999999999999996,24,0,data_driven_global_percentile_thresholds
766,2025-12-11 07:23:32,2025-12-11 07:24:31,RUBIALES,False,28.231584376531494,0.9999999999999996,24,0,data_driven_global_percentile_thresholds
767,2025-12-11 07:24:32,2025-12-11 07:25:31,RUBIALES,False,18.889325276144017,0.9999999999999996,24,0,data_driven_global_percentile_thresholds
768,2025-12-11 07:25:32,2025-12-11 07:26:31,RUBIALES,False,20.602833241644905,0.9999999999999996,24,0,data_driven_global_percentile_thresholds
769,2025-12-11 07:26:32,2025-12-11 07:27:31,RUBIALES,False,22.526785440414105,0.9999999999999996,24,0,data_driven_global_percentile_thresholds
770,2025-12-11 07:27:32,2025-12-11 07:28:31,RUBIALES,False,22.671395633065146,0.9999999999999996,24,0,data_driven_global_percentile_thresholds
771,2025-12-11 07:28:32,2025-12-11 07:29:31,RUBIALES,False,18.96170537661788,0.9999999999999996,24,0,data_driven_global_percentile_thresholds
772,2025-12-11 07:29:32,2025-12-11 07:30:31,RUBIALES,False,23.103073084932888,0.9999999999999996,24,0,data_driven_global_percentile_thresholds
773,2025-12-11 07:30:32,2025-12-11 07:31:31,RUBIALES,False,24.215565347781027,0.9999999999999996,24,0,data_driven_global_percentile_thresholds
774,2025-12-11 07:31:32,2025-12-11 07:32:31,RUBIALES,False,22.994222267898067,0.9999999999999996,24,0,data_driven_global_percentile_thresholds
775,2025-12-11 07:32:32,2025-12-11 07:33:31,RUBIALES,False,23.29687290303776,0.9999999999999996,24,0,data_driven_global_percentile_thresholds
776,2025-12-11 07:33:32,2025-12-11 07:34:31,RUBIALES,False,28.036155294882576,0.9999999999999996,24,0,data_driven_global_percentile_thresholds
777,2025-12-11 07:34:32,2025-12-11 07:35:31,RUBIALES,False,22.02316649983797,0.9999999999999996,24,0,data_driven_global_percentile_thresholds
778,2025-12-11 07:35:32,2025-12-11 07:36:31,RUBIALES,False,22.725368354163763,0.9999999999999996,24,0,data_driven_global_percentile_thresholds
779,2025-12-11 07:36:32,2025-12-11 07:37:31,RUBIALES,False,22.94350035619796,0.9999999999999996,24,0,data_driven_global_percentile_thresholds
780,2025-12-11 07:37:32,2025-12-11 07:38:31,RUBIALES,False,21.70271151492075,0.9999999999999996,24,0,data_driven_global_percentile_thresholds
781,2025-12-11 07:38:32,2025-12-11 07:39:31,RUBIALES,False,19.676954595103684,0.9999999999999996,24,0,data_driven_global_percentile_thresholds
782,2025-12-11 07:39:32,2025-12-11 07:40:31,RUBIALES,False,21.609349272781586,0.9999999999999996,24,0,data_driven_global_percentile_thresholds
783,2025-12-11 07:40:32,2025-12-11 07:41:31,RUBIALES,False,19.97478822240617,0.9999999999999996,24,0,data_driven_global_percentile_thresholds
784,2025-12-11 07:41:32,2025-12-11 07:42:31,RUBIALES,False,22.716225509267385,0.9999999999999996,24,0,data_driven_global_percentile_thresholds
785,2025-12-11 07:42:32,2025-12-11 07:43:31,RUBIALES,False,22.038112205617143,0.9999999999999996,24,0,data_driven_global_percentile_thresholds
786,2025-12-11 07:43:32,2025-12-11 07:44:31,RUBIALES,False,25.29888149488498,0.9999999999999996,24,0,data_driven_global_percentile_thresholds
787,2025-12-11 07:44:32,2025-12-11 07:45:31,RUBIALES,False,22.629754402362074,0.9999999999999996,24,0,data_driven_global_percentile_thresholds
788,2025-12-11 07:45:32,2025-12-11 07:46:31,RUBIALES,False,25.415981358637875,0.9999999999999996,24,0,data_driven_global_percentile_thresholds
789,2025-12-11 07:46:32,2025-12-11 07:47:31,RUBIALES,False,21.90217382068984,0.9999999999999996,24,0,data_driven_global_percentile_thresholds
790,2025-12-11 07:47:32,2025-12-11 07:48:31,RUBIALES,False,26.77010891777493,0.9999999999999996,24,0,data_driven_global_percentile_thresholds
791,2025-12-11 07:48:32,2025-12-11 07:49:31,RUBIALES,False,29.12186900712229,0.9999999999999996,24,0,data_driven_global_percentile_thresholds
792,2025-12-11 07:49:32,2025-12-11 07:50:31,RUBIALES,False,25.06011760110133,0.9999999999999996,24,0,data_driven_global_percentile_thresholds
793,2025-12-11 07:50:32,2025-12-11 07:51:31,RUBIALES,False,25.91390715478873,0.9999999999999996,24,0,data_driven_global_percentile_thresholds
794,2025-12-11 07:51:32,2025-12-11 07:52:31,RUBIALES,False,24.18950423166152,0.9999999999999996,24,0,data_driven_global_percentile_thresholds
795,2025-12-11 07:52:32,2025-12-11 07:53:31,RUBIALES,False,23.26405710530016,0.9999999999999996,24,0,data_driven_global_percentile_thresholds
796,2025-12-11 07:53:32,2025-12-11 07:54:31,RUBIALES,False,26.625678750323896,0.9999999999999996,24,0,data_driven_global_percentile_thresholds
797,2025-12-11 07:54:32,2025-12-11 07:55:31,RUBIALES,False,25.340276299817543,0.9999999999999996,24,0,data_driven_global_percentile_thresholds
798,2025-12-11 07:55:32,2025-12-11 07:56:31,RUBIALES,False,26.60288562877154,0.9999999999999996,24,0,data_driven_global_percentile_thresholds
799,2025-12-11 07:56:32,2025-12-11 07:57:31,RUBIALES,False,25.47293394954398,0.9999999999999996,24,0,data_driven_global_percentile_thresholds
800,2025-12-11 07:57:32,2025-12-11 07:58:31,RUBIALES,False,24.46478893905402,0.9999999999999996,24,0,data_driven_global_percentile_thresholds
801,2025-12-11 07:58:32,2025-12-11 07:59:31,RUBIALES,False,25.956132895576957,0.9999999999999996,24,0,data_driven_global_percentile_thresholds
802,2025-12-11 07:59:32,2025-12-11 08:00:31,RUBIALES,False,27.959733454367555,0.9999999999999996,24,0,data_driven_global_percentile_thresholds
803,2025-12-11 08:00:32,2025-12-11 08:01:31,RUBIALES,False,28.55963605692765,0.9999999999999996,24,0,data_driven_global_percentile_thresholds
804,2025-12-11 08:01:32,2025-12-11 08:02:31,RUBIALES,False,29.93232208969564,0.9999999999999996,24,0,data_driven_global_percentile_thresholds
805,2025-12-11 08:02:32,2025-12-11 08:03:31,RUBIALES,False,27.586460000103635,0.9999999999999996,24,0,data_driven_global_percentile_thresholds
806,2025-12-11 08:03:32,2025-12-11 08:04:31,RUBIALES,False,27.39679436268035,0.9999999999999996,24,0,data_driven_global_percentile_thresholds
807,2025-12-11 08:04:32,2025-12-11 08:05:31,RUBIALES,False,23.889763155002857,0.9999999999999996,24,0,data_driven_global_percentile_thresholds
808,2025-12-11 08:05:32,2025-12-11 08:06:31,RUBIALES,False,25.28773620528548,0.9999999999999996,24,0,data_driven_global_percentile_thresholds
809,2025-12-11 08:06:32,2025-12-11 08:07:31,RUBIALES,False,24.21324904848608,0.9999999999999996,24,0,data_driven_global_percentile_thresholds
810,2025-12-11 08:07:32,2025-12-11 08:08:31,RUBIALES,False,22.836433286341144,0.9999999999999996,24,0,data_driven_global_percentile_thresholds
811,2025-12-11 08:08:32,2025-12-11 08:09:31,RUBIALES,False,24.594787655193105,0.9999999999999996,24,0,data_driven_global_percentile_thresholds
812,2025-12-11 08:09:32,2025-12-11 08:10:31,RUBIALES,False,23.88713589074965,0.9999999999999996,24,0,data_driven_global_percentile_thresholds
813,2025-12-11 08:10:32,2025-12-11 08:11:31,RUBIALES,False,24.38131117158441,0.9999999999999996,24,0,data_driven_global_percentile_thresholds
814,2025-12-11 08:11:32,2025-12-11 08:12:31,RUBIALES,False,25.97478691163056,0.9999999999999996,24,0,data_driven_global_percentile_thresholds
815,2025-12-11 08:12:32,2025-12-11 08:13:31,RUBIALES,False,23.744875250256666,0.9999999999999996,24,0,data_driven_global_percentile_thresholds
816,2025-12-11 08:13:32,2025-12-11 08:14:31,RUBIALES,False,25.449911365169584,0.9999999999999996,24,0,data_driven_global_percentile_thresholds
817,2025-12-11 08:14:32,2025-12-11 08:15:31,RUBIALES,False,25.58796159790856,0.9999999999999996,24,0,data_driven_global_percentile_thresholds
818,2025-12-11 08:15:32,2025-12-11 08:16:31,RUBIALES,False,27.981895391815687,0.9999999999999996,24,0,data_driven_global_percentile_thresholds
819,2025-12-11 08:16:32,2025-12-11 08:17:31,RUBIALES,False,25.56474033629812,0.9999999999999996,24,0,data_driven_global_percentile_thresholds
820,2025-12-11 08:17:32,2025-12-11 08:18:31,RUBIALES,False,25.38191291236424,0.9999999999999996,24,0,data_driven_global_percentile_thresholds
821,2025-12-11 08:18:32,2025-12-11 08:19:31,RUBIALES,False,24.12115274375161,0.9999999999999996,24,0,data_driven_global_percentile_thresholds
822,2025-12-11 08:19:32,2025-12-11 08:20:31,RUBIALES,False,23.81430502612204,0.9999999999999996,24,0,data_driven_global_percentile_thresholds
823,2025-12-11 08:20:32,2025-12-11 08:21:31,RUBIALES,False,24.43782508277621,0.9999999999999996,24,0,data_driven_global_percentile_thresholds
824,2025-12-11 08:21:32,2025-12-11 08:22:31,RUBIALES,False,23.291308627867764,0.9999999999999996,24,0,data_driven_global_percentile_thresholds
825,2025-12-11 08:22:32,2025-12-11 08:23:31,RUBIALES,False,23.67737410006781,0.9999999999999996,24,0,data_driven_global_percentile_thresholds
826,2025-12-11 08:23:32,2025-12-11 08:24:31,RUBIALES,False,23.468064060932704,0.9999999999999996,24,0,data_driven_global_percentile_thresholds
827,2025-12-11 08:24:32,2025-12-11 08:25:31,RUBIALES,False,22.599924373837677,0.9999999999999996,24,0,data_driven_global_percentile_thresholds
828,2025-12-11 08:25:32,2025-12-11 08:26:31,RUBIALES,False,24.17219007549528,0.9999999999999996,24,0,data_driven_global_percentile_thresholds
829,2025-12-11 08:26:32,2025-12-11 08:27:31,RUBIALES,False,24.91506160435684,0.9999999999999996,24,0,data_driven_global_percentile_thresholds
830,2025-12-11 08:27:32,2025-12-11 08:28:31,RUBIALES,False,23.676792918790177,0.9999999999999996,24,0,data_driven_global_percentile_thresholds
831,2025-12-11 08:28:32,2025-12-11 08:29:31,RUBIALES,False,24.310240900119098,0.9999999999999996,24,0,data_driven_global_percentile_thresholds
832,2025-12-11 08:29:32,2025-12-11 08:30:31,RUBIALES,False,25.81810021077487,0.9999999999999996,24,0,data_driven_global_percentile_thresholds
833,2025-12-11 08:30:32,2025-12-11 08:31:31,RUBIALES,False,24.697779840772565,0.9999999999999996,24,0,data_driven_global_percentile_thresholds
834,2025-12-11 08:31:32,2025-12-11 08:32:31,RUBIALES,False,25.29545084681637,0.9999999999999996,24,0,data_driven_global_percentile_thresholds
835,2025-12-11 08:32:32,2025-12-11 08:33:31,RUBIALES,False,22.67966361388738,0.9999999999999996,24,0,data_driven_global_percentile_thresholds
836,2025-12-11 08:33:32,2025-12-11 08:34:31,RUBIALES,False,25.150707402874005,0.9999999999999996,24,0,data_driven_global_percentile_thresholds
837,2025-12-11 08:34:32,2025-12-11 08:35:31,RUBIALES,False,23.396856896272983,0.9999999999999996,24,0,data_driven_global_percentile_thresholds
838,2025-12-11 08:35:32,2025-12-11 08:36:31,RUBIALES,False,23.045055572763477,0.9999999999999996,24,0,data_driven_global_percentile_thresholds
839,2025-12-11 08:36:32,2025-12-11 08:37:31,RUBIALES,False,24.24824873460492,0.9999999999999996,24,0,data_driven_global_percentile_thresholds
840,2025-12-11 08:37:32,2025-12-11 08:38:31,RUBIALES,False,23.433053387911023,0.9999999999999996,24,0,data_driven_global_percentile_thresholds
841,2025-12-11 08:38:32,2025-12-11 08:39:31,RUBIALES,False,25.356181937298665,0.9999999999999996,24,0,data_driven_global_percentile_thresholds
842,2025-12-11 08:39:32,2025-12-11 08:40:31,RUBIALES,False,23.49523810610234,0.9999999999999996,24,0,data_driven_global_percentile_thresholds
843,2025-12-11 08:40:32,2025-12-11 08:41:31,RUBIALES,True,23.875486492503363,0.9999999999999996,24,0,data_driven_global_percentile_thresholds
845,2025-12-11 08:42:32,2025-12-11 08:43:31,CASTILLA,True,24.04792147399245,0.9999999999999996,24,0,data_driven_global_percentile_thresholds
846,2025-12-11 08:43:32,2025-12-11 08:44:31,CASTILLA,False,25.571925960821325,0.9999999999999996,24,0,data_driven_global_percentile_thresholds
847,2025-12-11 08:44:32,2025-12-11 08:45:31,CASTILLA,False,25.137953881797863,0.9999999999999996,24,0,data_driven_global_percentile_thresholds
848,2025-12-11 08:45:32,2025-12-11 08:46:31,CASTILLA,False,23.8454774477412,0.9999999999999996,24,0,data_driven_global_percentile_thresholds
849,2025-12-11 08:46:32,2025-12-11 08:47:31,CASTILLA,False,24.362013695818455,0.9999999999999996,24,0,data_driven_global_percentile_thresholds
850,2025-12-11 08:47:32,2025-12-11 08:48:31,CASTILLA,False,21.966958763849878,0.9999999999999996,24,0,data_driven_global_percentile_thresholds
851,2025-12-11 08:48:32,2025-12-11 08:49:31,CASTILLA,False,24.022970048786007,0.9999999999999996,24,0,data_driven_global_percentile_thresholds
852,2025-12-11 08:49:32,2025-12-11 08:50:31,CASTILLA,False,24.94497703070342,0.9999999999999996,24,0,data_driven_global_percentile_thresholds
853,2025-12-11 08:50:32,2025-12-11 08:51:31,CASTILLA,False,25.21658245214037,0.9999999999999996,24,0,data_driven_global_percentile_thresholds
854,2025-12-11 08:51:32,2025-12-11 08:52:31,CASTILLA,False,25.414379620839703,0.9999999999999996,24,0,data_driven_global_percentile_thresholds
855,2025-12-11 08:52:32,2025-12-11 08:53:31,CASTILLA,False,26.22583073226772,0.9999999999999996,24,0,data_driven_global_percentile_thresholds
856,2025-12-11 08:53:32,2025-12-11 08:54:31,CASTILLA,False,26.07608048139493,0.9999999999999996,24,0,data_driven_global_percentile_thresholds
857,2025-12-11 08:54:32,2025-12-11 08:55:31,CASTILLA,False,21.61614845430692,0.9999999999999996,24,0,data_driven_global_percentile_thresholds
858,2025-12-11 08:55:32,2025-12-11 08:56:31,CASTILLA,False,18.895630540889616,0.9999999999999996,24,0,data_driven_global_percentile_thresholds
859,2025-12-11 08:56:32,2025-12-11 08:57:31,CASTILLA,False,22.895306821601057,0.9999999999999996,24,0,data_driven_global_percentile_thresholds
860,2025-12-11 08:57:32,2025-12-11 08:58:31,CASTILLA,False,18.84479310482481,0.9999999999999996,24,0,data_driven_global_percentile_thresholds
861,2025-12-11 08:58:32,2025-12-11 08:59:31,CASTILLA,False,17.515328073722216,0.9999999999999996,24,0,data_driven_global_percentile_thresholds
862,2025-12-11 08:59:32,2025-12-11 09:00:31,CASTILLA,False,22.9677737166602,0.9999999999999996,24,0,data_driven_global_percentile_thresholds
863,2025-12-11 09:00:32,2025-12-11 09:01:31,CASTILLA,False,18.998085004391022,0.9999999999999996,24,0,data_driven_global_percentile_thresholds
864,2025-12-11 09:01:32,2025-12-11 09:02:31,CASTILLA,False,19.042302188296755,0.9999999999999996,24,0,data_driven_global_percentile_thresholds
865,2025-12-11 09:02:32,2025-12-11 09:03:31,CASTILLA,False,16.052619084656094,0.9999999999999996,24,0,data_driven_global_percentile_thresholds
866,2025-12-11 09:03:32,2025-12-11 09:04:31,CASTILLA,False,15.594799585731412,0.9999999999999996,24,0,data_driven_global_percentile_thresholds
867,2025-12-11 09:04:32,2025-12-11 09:05:31,CASTILLA,False,17.42615107631791,0.9999999999999996,24,0,data_driven_global_percentile_thresholds
868,2025-12-11 09:05:32,2025-12-11 09:06:31,CASTILLA,False,16.027631429303153,0.9999999999999996,24,0,data_driven_global_percentile_thresholds
869,2025-12-11 09:06:32,2025-12-11 09:07:31,CASTILLA,False,16.34862479172316,0.9999999999999996,24,0,data_driven_global_percentile_thresholds
870,2025-12-11 09:07:32,2025-12-11 09:08:31,CASTILLA,False,13.936107802919892,0.9999999999999996,24,0,data_driven_global_percentile_thresholds
871,2025-12-11 09:08:32,2025-12-11 09:09:31,CASTILLA,False,16.548450012970754,0.9999999999999996,24,0,data_driven_global_percentile_thresholds
872,2025-12-11 09:09:32,2025-12-11 09:10:31,CASTILLA,False,16.493599889943717,0.9999999999999996,24,0,data_driven_global_percentile_thresholds
873,2025-12-11 09:10:32,2025-12-11 09:11:31,CASTILLA,False,15.381283370910358,0.9999999999999996,24,0,data_driven_global_percentile_thresholds
874,2025-12-11 09:11:32,2025-12-11 09:12:31,CASTILLA,False,16.773792150178572,0.9999999999999996,24,0,data_driven_global_percentile_thresholds
875,2025-12-11 09:12:32,2025-12-11 09:13:31,CASTILLA,False,15.429760190760076,0.9999999999999996,24,0,data_driven_global_percentile_thresholds
876,2025-12-11 09:13:32,2025-12-11 09:14:31,CASTILLA,False,17.09531868500107,0.9999999999999996,24,0,data_driven_global_percentile_thresholds
877,2025-12-11 09:14:32,2025-12-11 09:15:31,CASTILLA,False,15.825819165765918,0.9999999999999996,24,0,data_driven_global_percentile_thresholds
878,2025-12-11 09:15:32,2025-12-11 09:16:31,CASTILLA,False,16.47843420385896,0.9999999999999996,24,0,data_driven_global_percentile_thresholds
879,2025-12-11 09:16:32,2025-12-11 09:17:31,CASTILLA,False,15.984653449785204,0.9999999999999996,24,0,data_driven_global_percentile_thresholds
880,2025-12-11 09:17:32,2025-12-11 09:18:31,CASTILLA,False,15.042904196345043,0.9999999999999996,24,0,data_driven_global_percentile_thresholds
881,2025-12-11 09:18:32,2025-12-11 09:19:31,CASTILLA,False,16.868705649358816,0.9999999999999996,24,0,data_driven_global_percentile_thresholds
882,2025-12-11 09:19:32,2025-12-11 09:20:31,CASTILLA,False,16.831235015836132,0.9999999999999996,24,0,data_driven_global_percentile_thresholds
883,2025-12-11 09:20:32,2025-12-11 09:21:31,CASTILLA,False,17.790323835214622,0.9999999999999996,24,0,data_driven_global_percentile_thresholds
884,2025-12-11 09:21:32,2025-12-11 09:22:31,CASTILLA,False,18.622928406682284,0.9999999999999996,24,0,data_driven_global_percentile_thresholds
885,2025-12-11 09:22:32,2025-12-11 09:23:31,CASTILLA,False,17.55829585534309,0.9999999999999996,24,0,data_driven_global_percentile_thresholds
886,2025-12-11 09:23:32,2025-12-11 09:24:31,CASTILLA,False,19.478544706293437,0.9999999999999996,24,0,data_driven_global_percentile_thresholds
887,2025-12-11 09:24:32,2025-12-11 09:25:31,CASTILLA,False,18.910148969655747,0.9999999999999996,24,0,data_driven_global_percentile_thresholds
888,2025-12-11 09:25:32,2025-12-11 09:26:31,CASTILLA,False,21.413790152948188,0.9999999999999996,24,0,data_driven_global_percentile_thresholds
889,2025-12-11 09:26:32,2025-12-11 09:27:31,CASTILLA,False,21.866263452333307,0.9999999999999996,24,0,data_driven_global_percentile_thresholds
890,2025-12-11 09:27:32,2025-12-11 09:28:31,CASTILLA,False,21.389400169506278,0.9999999999999996,24,0,data_driven_global_percentile_thresholds
891,2025-12-11 09:28:32,2025-12-11 09:29:31,CASTILLA,False,22.277257273002814,0.9999999999999996,24,0,data_driven_global_percentile_thresholds
892,2025-12-11 09:29:32,2025-12-11 09:30:31,CASTILLA,False,20.147166939538,0.9999999999999996,24,0,data_driven_global_percentile_thresholds
893,2025-12-11 09:30:32,2025-12-11 09:31:31,CASTILLA,False,19.057322693640923,0.9999999999999996,24,0,data_driven_global_percentile_thresholds
894,2025-12-11 09:31:32,2025-12-11 09:32:31,CASTILLA,False,19.083790673624925,0.9999999999999996,24,0,data_driven_global_percentile_thresholds
895,2025-12-11 09:32:32,2025-12-11 09:33:31,CASTILLA,False,17.97031173635382,0.9999999999999996,24,0,data_driven_global_percentile_thresholds
896,2025-12-11 09:33:32,2025-12-11 09:34:31,CASTILLA,False,17.564383719678005,0.9999999999999996,24,0,data_driven_global_percentile_thresholds
897,2025-12-11 09:34:32,2025-12-11 09:35:31,CASTILLA,False,17.7128510399256,0.9999999999999996,24,0,data_driven_global_percentile_thresholds
898,2025-12-11 09:35:32,2025-12-11 09:36:31,CASTILLA,False,17.186502607658873,0.9999999999999996,24,0,data_driven_global_percentile_thresholds
899,2025-12-11 09:36:32,2025-12-11 09:37:31,CASTILLA,False,17.476166797108,0.9999999999999996,24,0,data_driven_global_percentile_thresholds
900,2025-12-11 09:37:32,2025-12-11 09:38:31,CASTILLA,False,16.77179798289677,0.9999999999999996,24,0,data_driven_global_percentile_thresholds
901,2025-12-11 09:38:32,2025-12-11 09:39:31,CASTILLA,False,17.671791869709768,0.9999999999999996,24,0,data_driven_global_percentile_thresholds
902,2025-12-11 09:39:32,2025-12-11 09:40:31,CASTILLA,False,17.517414204695584,0.9999999999999996,24,0,data_driven_global_percentile_thresholds
903,2025-12-11 09:40:32,2025-12-11 09:41:31,CASTILLA,False,15.653552998851785,0.9999999999999996,24,0,data_driven_global_percentile_thresholds
904,2025-12-11 09:41:32,2025-12-11 09:42:31,CASTILLA,False,16.823920322703035,0.9999999999999996,24,0,data_driven_global_percentile_thresholds
905,2025-12-11 09:42:32,2025-12-11 09:43:31,CASTILLA,False,16.016834217244334,0.9999999999999996,24,0,data_driven_global_percentile_thresholds
906,2025-12-11 09:43:32,2025-12-11 09:44:31,CASTILLA,False,17.642524161266948,0.9999999999999996,24,0,data_driven_global_percentile_thresholds
907,2025-12-11 09:44:32,2025-12-11 09:45:31,CASTILLA,False,16.41621940105672,0.9999999999999996,24,0,data_driven_global_percentile_thresholds
908,2025-12-11 09:45:32,2025-12-11 09:46:31,CASTILLA,False,15.831069953197366,0.9999999999999996,24,0,data_driven_global_percentile_thresholds
909,2025-12-11 09:46:32,2025-12-11 09:47:31,CASTILLA,False,17.656332641108197,0.9999999999999996,24,0,data_driven_global_percentile_thresholds
910,2025-12-11 09:47:32,2025-12-11 09:48:31,CASTILLA,False,17.788979440619315,0.9999999999999996,24,0,data_driven_global_percentile_thresholds
911,2025-12-11 09:48:32,2025-12-11 09:49:31,CASTILLA,False,20.2421383709665,0.9999999999999996,24,0,data_driven_global_percentile_thresholds
912,2025-12-11 09:49:32,2025-12-11 09:50:31,CASTILLA,False,21.389000557206167,0.9999999999999996,24,0,data_driven_global_percentile_thresholds
913,2025-12-11 09:50:32,2025-12-11 09:51:31,CASTILLA,False,20.401617002570777,0.9999999999999996,24,0,data_driven_global_percentile_thresholds
914,2025-12-11 09:51:32,2025-12-11 09:52:31,CASTILLA,False,17.608693362268667,0.9999999999999996,24,0,data_driven_global_percentile_thresholds
915,2025-12-11 09:52:32,2025-12-11 09:53:31,CASTILLA,False,18.81814310718573,0.9999999999999996,24,0,data_driven_global_percentile_thresholds
916,2025-12-11 09:53:32,2025-12-11 09:54:31,CASTILLA,False,17.878005816092017,0.9999999999999996,24,0,data_driven_global_percentile_thresholds
917,2025-12-11 09:54:32,2025-12-11 09:55:31,CASTILLA,False,20.793307519030115,0.9999999999999996,24,0,data_driven_global_percentile_thresholds
918,2025-12-11 09:55:32,2025-12-11 09:56:31,CASTILLA,False,21.2705256766892,0.9999999999999996,24,0,data_driven_global_percentile_thresholds
919,2025-12-11 09:56:32,2025-12-11 09:57:31,CASTILLA,False,19.69339315743128,0.9999999999999996,24,0,data_driven_global_percentile_thresholds
920,2025-12-11 09:57:32,2025-12-11 09:58:31,CASTILLA,False,18.85977403516913,0.9999999999999996,24,0,data_driven_global_percentile_thresholds
921,2025-12-11 09:58:32,2025-12-11 09:59:31,CASTILLA,False,21.12741725773425,0.9999999999999996,24,0,data_driven_global_percentile_thresholds
922,2025-12-11 09:59:32,2025-12-11 10:00:31,CASTILLA,False,20.39120393541134,0.9999999999999996,24,0,data_driven_global_percentile_thresholds
923,2025-12-11 10:00:32,2025-12-11 10:01:31,CASTILLA,False,21.3839559020107,0.9999999999999996,24,0,data_driven_global_percentile_thresholds
924,2025-12-11 10:01:32,2025-12-11 10:02:31,CASTILLA,False,19.776820151107277,0.9999999999999996,24,0,data_driven_global_percentile_thresholds
925,2025-12-11 10:02:32,2025-12-11 10:03:31,CASTILLA,False,18.53049470652568,0.9999999999999996,24,0,data_driven_global_percentile_thresholds
926,2025-12-11 10:03:32,2025-12-11 10:04:31,CASTILLA,False,19.06906615864659,0.9999999999999996,24,0,data_driven_global_percentile_thresholds
927,2025-12-11 10:04:32,2025-12-11 10:05:31,CASTILLA,False,20.24063260725096,0.9999999999999996,24,0,data_driven_global_percentile_thresholds
928,2025-12-11 10:05:32,2025-12-11 10:06:31,CASTILLA,False,19.3015801826552,0.9999999999999996,24,0,data_driven_global_percentile_thresholds
929,2025-12-11 10:06:32,2025-12-11 10:07:31,CASTILLA,False,20.107974842457494,0.9999999999999996,24,0,data_driven_global_percentile_thresholds
930,2025-12-11 10:07:32,2025-12-11 10:08:31,CASTILLA,False,19.212269448516537,0.9999999999999996,24,0,data_driven_global_percentile_thresholds
931,2025-12-11 10:08:32,2025-12-11 10:09:31,CASTILLA,False,19.498746788850124,0.9999999999999996,24,0,data_driven_global_percentile_thresholds
932,2025-12-11 10:09:32,2025-12-11 10:10:31,CASTILLA,False,20.0079890749538,0.9999999999999996,24,0,data_driven_global_percentile_thresholds
933,2025-12-11 10:10:32,2025-12-11 10:11:31,CASTILLA,False,21.63083010279015,0.9999999999999996,24,0,data_driven_global_percentile_thresholds
934,2025-12-11 10:11:32,2025-12-11 10:12:31,CASTILLA,False,20.189481514254968,0.9999999999999996,24,0,data_driven_global_percentile_thresholds
935,2025-12-11 10:12:32,2025-12-11 10:13:31,CASTILLA,False,20.36810228298526,0.9999999999999996,24,0,data_driven_global_percentile_thresholds
936,2025-12-11 10:13:32,2025-12-11 10:14:31,CASTILLA,False,18.38578745910308,0.9999999999999996,24,0,data_driven_global_percentile_thresholds
937,2025-12-11 10:14:32,2025-12-11 10:15:31,CASTILLA,False,19.35581913898367,0.9999999999999996,24,0,data_driven_global_percentile_thresholds
938,2025-12-11 10:15:32,2025-12-11 10:16:31,CASTILLA,False,17.401623574047683,0.9999999999999996,24,0,data_driven_global_percentile_thresholds
939,2025-12-11 10:16:32,2025-12-11 10:17:31,CASTILLA,False,17.130713234235195,0.9999999999999996,24,0,data_driven_global_percentile_thresholds
940,2025-12-11 10:17:32,2025-12-11 10:18:31,CASTILLA,False,18.893483119610774,0.9999999999999996,24,0,data_driven_global_percentile_thresholds
941,2025-12-11 10:18:32,2025-12-11 10:19:31,CASTILLA,False,21.67710139736867,0.9999999999999996,24,0,data_driven_global_percentile_thresholds
942,2025-12-11 10:19:32,2025-12-11 10:20:31,CASTILLA,False,14.773238118822428,0.9999999999999996,24,0,data_driven_global_percentile_thresholds
943,2025-12-11 10:20:32,2025-12-11 10:21:31,CASTILLA,False,13.623110077423592,0.9999999999999996,24,0,data_driven_global_percentile_thresholds
944,2025-12-11 10:21:32,2025-12-11 10:22:31,CASTILLA,False,15.174798743136876,0.9999999999999996,24,0,data_driven_global_percentile_thresholds
945,2025-12-11 10:22:32,2025-12-11 10:23:31,CASTILLA,False,14.923662242644502,0.9999999999999996,24,0,data_driven_global_percentile_thresholds
946,2025-12-11 10:23:32,2025-12-11 10:24:31,CASTILLA,False,15.132907229326314,0.9999999999999996,24,0,data_driven_global_percentile_thresholds
947,2025-12-11 10:24:32,2025-12-11 10:25:31,CASTILLA,False,15.001475998320515,0.9999999999999996,24,0,data_driven_global_percentile_thresholds
948,2025-12-11 10:25:32,2025-12-11 10:26:31,CASTILLA,False,13.830385501272032,0.9999999999999996,24,0,data_driven_global_percentile_thresholds
949,2025-12-11 10:26:32,2025-12-11 10:27:31,CASTILLA,False,13.79345617540141,0.9999999999999996,24,0,data_driven_global_percentile_thresholds
950,2025-12-11 10:27:32,2025-12-11 10:28:31,CASTILLA,False,15.224191555536033,0.9999999999999996,24,0,data_driven_global_percentile_thresholds
951,2025-12-11 10:28:32,2025-12-11 10:29:31,CASTILLA,False,15.692918237066992,0.9999999999999996,24,0,data_driven_global_percentile_thresholds
952,2025-12-11 10:29:32,2025-12-11 10:30:31,CASTILLA,False,14.592055149735362,0.9999999999999996,24,0,data_driven_global_percentile_thresholds
953,2025-12-11 10:30:32,2025-12-11 10:31:31,CASTILLA,False,15.257943851031884,0.9999999999999996,24,0,data_driven_global_percentile_thresholds
954,2025-12-11 10:31:32,2025-12-11 10:32:31,CASTILLA,False,14.793756464216887,0.9999999999999996,24,0,data_driven_global_percentile_thresholds
955,2025-12-11 10:32:32,2025-12-11 10:33:31,CASTILLA,False,14.575634685790178,0.9999999999999996,24,0,data_driven_global_percentile_thresholds
956,2025-12-11 10:33:32,2025-12-11 10:34:31,CASTILLA,False,15.485599735621912,0.9999999999999996,24,0,data_driven_global_percentile_thresholds
957,2025-12-11 10:34:32,2025-12-11 10:35:31,CASTILLA,False,13.820350136372722,0.9999999999999996,24,0,data_driven_global_percentile_thresholds
958,2025-12-11 10:35:32,2025-12-11 10:36:31,CASTILLA,False,14.6703544013955,0.9999999999999996,24,0,data_driven_global_percentile_thresholds
959,2025-12-11 10:36:32,2025-12-11 10:37:31,CASTILLA,False,15.195710173347951,0.9999999999999996,24,0,data_driven_global_percentile_thresholds
960,2025-12-11 10:37:32,2025-12-11 10:38:31,CASTILLA,False,14.971872753787604,0.9999999999999996,24,0,data_driven_global_percentile_thresholds
961,2025-12-11 10:38:32,2025-12-11 10:39:31,CASTILLA,False,15.04820558817556,0.9999999999999996,24,0,data_driven_global_percentile_thresholds
962,2025-12-11 10:39:32,2025-12-11 10:40:31,CASTILLA,False,14.784079038657271,0.9999999999999996,24,0,data_driven_global_percentile_thresholds
963,2025-12-11 10:40:32,2025-12-11 10:41:31,CASTILLA,False,14.463168908786711,0.9999999999999996,24,0,data_driven_global_percentile_thresholds
964,2025-12-11 10:41:32,2025-12-11 10:42:31,CASTILLA,False,16.52472613992629,0.9999999999999996,24,0,data_driven_global_percentile_thresholds
965,2025-12-11 10:42:32,2025-12-11 10:43:31,CASTILLA,False,15.32691296674465,0.9999999999999996,24,0,data_driven_global_percentile_thresholds
966,2025-12-11 10:43:32,2025-12-11 10:44:31,CASTILLA,False,17.25894073082852,0.9999999999999996,24,0,data_driven_global_percentile_thresholds
967,2025-12-11 10:44:32,2025-12-11 10:45:31,CASTILLA,False,15.443931813852071,0.9999999999999996,24,0,data_driven_global_percentile_thresholds
968,2025-12-11 10:45:32,2025-12-11 10:46:31,CASTILLA,False,17.807034960887332,0.9999999999999996,24,0,data_driven_global_percentile_thresholds
969,2025-12-11 10:46:32,2025-12-11 10:47:31,CASTILLA,False,16.563841239358737,0.9999999999999996,24,0,data_driven_global_percentile_thresholds
970,2025-12-11 10:47:32,2025-12-11 10:48:31,CASTILLA,False,16.719426847652166,0.9999999999999996,24,0,data_driven_global_percentile_thresholds
971,2025-12-11 10:48:32,2025-12-11 10:49:31,CASTILLA,False,16.71234406722578,0.9999999999999996,24,0,data_driven_global_percentile_thresholds
972,2025-12-11 10:49:32,2025-12-11 10:50:31,CASTILLA,False,16.04500031583839,0.9999999999999996,24,0,data_driven_global_percentile_thresholds
973,2025-12-11 10:50:32,2025-12-11 10:51:31,CASTILLA,False,15.80249829191993,0.9999999999999996,24,0,data_driven_global_percentile_thresholds
974,2025-12-11 10:51:32,2025-12-11 10:52:31,CASTILLA,False,16.74734776598062,0.9999999999999996,24,0,data_driven_global_percentile_thresholds
975,2025-12-11 10:52:32,2025-12-11 10:53:31,CASTILLA,False,22.99626191935881,0.9999999999999996,24,0,data_driven_global_percentile_thresholds
976,2025-12-11 10:53:32,2025-12-11 10:54:31,CASTILLA,False,20.410425867802005,0.9999999999999996,24,0,data_driven_global_percentile_thresholds
977,2025-12-11 10:54:32,2025-12-11 10:55:31,CASTILLA,False,18.964340315147744,0.9999999999999996,24,0,data_driven_global_percentile_thresholds
978,2025-12-11 10:55:32,2025-12-11 10:56:31,CASTILLA,False,19.01995919268828,0.9999999999999996,24,0,data_driven_global_percentile_thresholds
979,2025-12-11 10:56:32,2025-12-11 10:57:31,CASTILLA,False,19.586931772260925,0.9999999999999996,24,0,data_driven_global_percentile_thresholds
980,2025-12-11 10:57:32,2025-12-11 10:58:31,CASTILLA,False,19.270019422381544,0.9999999999999996,24,0,data_driven_global_percentile_thresholds
981,2025-12-11 10:58:32,2025-12-11 10:59:31,CASTILLA,False,20.14348892915735,0.9999999999999996,24,0,data_driven_global_percentile_thresholds
982,2025-12-11 10:59:32,2025-12-11 11:00:31,CASTILLA,False,19.103284161988736,0.9999999999999996,24,0,data_driven_global_percentile_thresholds
983,2025-12-11 11:00:32,2025-12-11 11:01:31,CASTILLA,False,20.68403470479859,0.9999999999999996,24,0,data_driven_global_percentile_thresholds
984,2025-12-11 11:01:32,2025-12-11 11:02:31,CASTILLA,False,21.92702075499891,0.9999999999999996,24,0,data_driven_global_percentile_thresholds
985,2025-12-11 11:02:32,2025-12-11 11:03:31,CASTILLA,False,19.22252800353085,0.9999999999999996,24,0,data_driven_global_percentile_thresholds
986,2025-12-11 11:03:32,2025-12-11 11:04:31,CASTILLA,False,20.892625651309565,0.9999999999999996,24,0,data_driven_global_percentile_thresholds
987,2025-12-11 11:04:32,2025-12-11 11:05:31,CASTILLA,False,20.044817864329765,0.9999999999999996,24,0,data_driven_global_percentile_thresholds
988,2025-12-11 11:05:32,2025-12-11 11:06:31,CASTILLA,False,21.17546254732996,0.9999999999999996,24,0,data_driven_global_percentile_thresholds
989,2025-12-11 11:06:32,2025-12-11 11:07:31,CASTILLA,False,20.48126466292732,0.9999999999999996,24,0,data_driven_global_percentile_thresholds
990,2025-12-11 11:07:32,2025-12-11 11:08:31,CASTILLA,False,20.26088448577211,0.9999999999999996,24,0,data_driven_global_percentile_thresholds
991,2025-12-11 11:08:32,2025-12-11 11:09:31,CASTILLA,False,19.16769015087212,0.9999999999999996,24,0,data_driven_global_percentile_thresholds
992,2025-12-11 11:09:32,2025-12-11 11:10:31,CASTILLA,False,21.564808428288394,0.9999999999999996,24,0,data_driven_global_percentile_thresholds
993,2025-12-11 11:10:32,2025-12-11 11:11:31,CASTILLA,False,21.398271330755563,0.9999999999999996,24,0,data_driven_global_percentile_thresholds
994,2025-12-11 11:11:32,2025-12-11 11:12:31,CASTILLA,False,19.62976692538953,0.9999999999999996,24,0,data_driven_global_percentile_thresholds
995,2025-12-11 11:12:32,2025-12-11 11:13:31,CASTILLA,False,20.606335098416316,0.9999999999999996,24,0,data_driven_global_percentile_thresholds
996,2025-12-11 11:13:32,2025-12-11 11:14:31,CASTILLA,False,22.31476890853305,0.9999999999999996,24,0,data_driven_global_percentile_thresholds
997,2025-12-11 11:14:32,2025-12-11 11:15:31,CASTILLA,False,21.607255446238103,0.9999999999999996,24,0,data_driven_global_percentile_thresholds
998,2025-12-11 11:15:32,2025-12-11 11:16:31,CASTILLA,False,22.338006365483366,0.9999999999999996,24,0,data_driven_global_percentile_thresholds
999,2025-12-11 11:16:32,2025-12-11 11:17:31,CASTILLA,False,22.184278346077345,0.9999999999999996,24,0,data_driven_global_percentile_thresholds
1000,2025-12-11 11:17:32,2025-12-11 11:18:31,CASTILLA,False,20.98907147769179,0.9999999999999996,24,0,data_driven_global_percentile_thresholds
1001,2025-12-11 11:18:32,2025-12-11 11:19:31,CASTILLA,False,23.130270011041212,0.9999999999999996,24,0,data_driven_global_percentile_thresholds
1002,2025-12-11 11:19:32,2025-12-11 11:20:31,CASTILLA,False,21.65829910055084,0.9999999999999996,24,0,data_driven_global_percentile_thresholds
1003,2025-12-11 11:20:32,2025-12-11 11:21:31,CASTILLA,False,20.891748256352624,0.9999999999999996,24,0,data_driven_global_percentile_thresholds
1004,2025-12-11 11:21:32,2025-12-11 11:22:31,CASTILLA,False,21.91431911057565,0.9999999999999996,24,0,data_driven_global_percentile_thresholds
1005,2025-12-11 11:22:32,2025-12-11 11:23:31,CASTILLA,False,23.990173589572358,0.9999999999999996,24,0,data_driven_global_percentile_thresholds
1006,2025-12-11 11:23:32,2025-12-11 11:24:31,CASTILLA,False,22.093027142440796,0.9999999999999996,24,0,data_driven_global_percentile_thresholds
1007,2025-12-11 11:24:32,2025-12-11 11:25:31,CASTILLA,False,21.844650109130043,0.9999999999999996,24,0,data_driven_global_percentile_thresholds
1008,2025-12-11 11:25:32,2025-12-11 11:26:31,CASTILLA,False,20.83083169135528,0.9999999999999996,24,0,data_driven_global_percentile_thresholds
1009,2025-12-11 11:26:32,2025-12-11 11:27:31,CASTILLA,False,21.53534214307551,0.9999999999999996,24,0,data_driven_global_percentile_thresholds
1010,2025-12-11 11:27:32,2025-12-11 11:28:31,CASTILLA,False,20.832798425393616,0.9999999999999996,24,0,data_driven_global_percentile_thresholds
1011,2025-12-11 11:28:32,2025-12-11 11:29:31,CASTILLA,False,20.62405222422761,0.9999999999999996,24,0,data_driven_global_percentile_thresholds
1012,2025-12-11 11:29:32,2025-12-11 11:30:31,CASTILLA,False,20.35988315460998,0.9999999999999996,24,0,data_driven_global_percentile_thresholds
1013,2025-12-11 11:30:32,2025-12-11 11:31:31,CASTILLA,False,20.26086333434496,0.9999999999999996,24,0,data_driven_global_percentile_thresholds
1014,2025-12-11 11:31:32,2025-12-11 11:32:31,CASTILLA,False,20.2723837222592,0.9999999999999996,24,0,data_driven_global_percentile_thresholds
1015,2025-12-11 11:32:32,2025-12-11 11:33:31,CASTILLA,False,20.441215073045807,0.9999999999999996,24,0,data_driven_global_percentile_thresholds
1016,2025-12-11 11:33:32,2025-12-11 11:34:31,CASTILLA,False,21.53760242082721,0.9999999999999996,24,0,data_driven_global_percentile_thresholds
1017,2025-12-11 11:34:32,2025-12-11 11:35:31,CASTILLA,False,20.94354671444067,0.9999999999999996,24,0,data_driven_global_percentile_thresholds
1018,2025-12-11 11:35:32,2025-12-11 11:36:31,CASTILLA,False,22.63123935986393,0.9999999999999996,24,0,data_driven_global_percentile_thresholds
1019,2025-12-11 11:36:32,2025-12-11 11:37:31,CASTILLA,False,19.078201390396845,0.9999999999999996,24,0,data_driven_global_percentile_thresholds
1020,2025-12-11 11:37:32,2025-12-11 11:38:31,CASTILLA,False,21.074558131982844,0.9999999999999996,24,0,data_driven_global_percentile_thresholds
1021,2025-12-11 11:38:32,2025-12-11 11:39:31,CASTILLA,False,20.55030250232077,0.9999999999999996,24,0,data_driven_global_percentile_thresholds
1022,2025-12-11 11:39:32,2025-12-11 11:40:31,CASTILLA,False,21.59481028849753,0.9999999999999996,24,0,data_driven_global_percentile_thresholds
1023,2025-12-11 11:40:32,2025-12-11 11:41:31,CASTILLA,False,20.11462586313793,0.9999999999999996,24,0,data_driven_global_percentile_thresholds
1024,2025-12-11 11:41:32,2025-12-11 11:42:31,CASTILLA,False,23.389619549879136,0.9999999999999996,24,0,data_driven_global_percentile_thresholds
1025,2025-12-11 11:42:32,2025-12-11 11:43:31,CASTILLA,False,21.827369582903764,0.9999999999999996,24,0,data_driven_global_percentile_thresholds
1026,2025-12-11 11:43:32,2025-12-11 11:44:31,CASTILLA,False,21.66385627643035,0.9999999999999996,24,0,data_driven_global_percentile_thresholds
1027,2025-12-11 11:44:32,2025-12-11 11:45:31,CASTILLA,False,21.357944660794807,0.9999999999999996,24,0,data_driven_global_percentile_thresholds
1028,2025-12-11 11:45:32,2025-12-11 11:46:31,CASTILLA,False,20.4950731093848,0.9999999999999996,24,0,data_driven_global_percentile_thresholds
1029,2025-12-11 11:46:32,2025-12-11 11:47:31,CASTILLA,False,23.51763423278311,0.9999999999999996,24,0,data_driven_global_percentile_thresholds
1030,2025-12-11 11:47:32,2025-12-11 11:48:31,CASTILLA,False,21.68660761298583,0.9999999999999996,24,0,data_driven_global_percentile_thresholds
1031,2025-12-11 11:48:32,2025-12-11 11:49:31,CASTILLA,False,19.73287109032243,0.9999999999999996,24,0,data_driven_global_percentile_thresholds
1032,2025-12-11 11:49:32,2025-12-11 11:50:31,CASTILLA,False,21.02143885574245,0.9999999999999996,24,0,data_driven_global_percentile_thresholds
1033,2025-12-11 11:50:32,2025-12-11 11:51:31,CASTILLA,False,22.78776818420837,0.9999999999999996,24,0,data_driven_global_percentile_thresholds
1034,2025-12-11 11:51:32,2025-12-11 11:52:31,CASTILLA,False,22.50765582221265,0.9999999999999996,24,0,data_driven_global_percentile_thresholds
1035,2025-12-11 11:52:32,2025-12-11 11:53:31,CASTILLA,False,24.1541661953337,0.9999999999999996,24,0,data_driven_global_percentile_thresholds
1036,2025-12-11 11:53:32,2025-12-11 11:54:31,CASTILLA,False,22.45944840543679,0.9999999999999996,24,0,data_driven_global_percentile_thresholds
1037,2025-12-11 11:54:32,2025-12-11 11:55:31,CASTILLA,False,23.125786563258156,0.9999999999999996,24,0,data_driven_global_percentile_thresholds
1038,2025-12-11 11:55:32,2025-12-11 11:56:31,CASTILLA,False,23.213112709653576,0.9999999999999996,24,0,data_driven_global_percentile_thresholds
1039,2025-12-11 11:56:32,2025-12-11 11:57:31,CASTILLA,False,23.874336771104996,0.9999999999999996,24,0,data_driven_global_percentile_thresholds
1040,2025-12-11 11:57:32,2025-12-11 11:58:31,CASTILLA,False,23.24907437851134,0.9999999999999996,24,0,data_driven_global_percentile_thresholds
1041,2025-12-11 11:58:32,2025-12-11 11:59:31,CASTILLA,False,23.31321188294968,0.9999999999999996,24,0,data_driven_global_percentile_thresholds
1042,2025-12-11 11:59:32,2025-12-11 12:00:31,CASTILLA,False,22.60306377698629,0.9999999999999996,24,0,data_driven_global_percentile_thresholds
1043,2025-12-11 12:00:32,2025-12-11 12:01:31,CASTILLA,False,22.93183339317363,0.9999999999999996,24,0,data_driven_global_percentile_thresholds
1044,2025-12-11 12:01:32,2025-12-11 12:02:31,CASTILLA,False,23.4531835908762,0.9999999999999996,24,0,data_driven_global_percentile_thresholds
1045,2025-12-11 12:02:32,2025-12-11 12:03:31,CASTILLA,False,23.83669489919798,0.9999999999999996,24,0,data_driven_global_percentile_thresholds
1046,2025-12-11 12:03:32,2025-12-11 12:04:31,CASTILLA,False,21.925933938658392,0.9999999999999996,24,0,data_driven_global_percentile_thresholds
1047,2025-12-11 12:04:32,2025-12-11 12:05:31,CASTILLA,False,25.450001026231472,0.9999999999999996,24,0,data_driven_global_percentile_thresholds
1048,2025-12-11 12:05:32,2025-12-11 12:06:31,CASTILLA,False,22.059661498704823,0.9999999999999996,24,0,data_driven_global_percentile_thresholds
1049,2025-12-11 12:06:32,2025-12-11 12:07:31,CASTILLA,False,21.820417511477928,0.9999999999999996,24,0,data_driven_global_percentile_thresholds
1050,2025-12-11 12:07:32,2025-12-11 12:08:31,CASTILLA,False,23.90032324161041,0.9999999999999996,24,0,data_driven_global_percentile_thresholds
1051,2025-12-11 12:08:32,2025-12-11 12:09:31,CASTILLA,False,21.579210323140785,0.9999999999999996,24,0,data_driven_global_percentile_thresholds
1052,2025-12-11 12:09:32,2025-12-11 12:10:31,CASTILLA,False,23.799602547874223,0.9999999999999996,24,0,data_driven_global_percentile_thresholds
1053,2025-12-11 12:10:32,2025-12-11 12:11:31,CASTILLA,False,23.01384336930821,0.9999999999999996,24,0,data_driven_global_percentile_thresholds
1054,2025-12-11 12:11:32,2025-12-11 12:12:31,CASTILLA,False,23.89650775650224,0.9999999999999996,24,0,data_driven_global_percentile_thresholds
1055,2025-12-11 12:12:32,2025-12-11 12:13:31,CASTILLA,False,22.76402772728506,0.9999999999999996,24,0,data_driven_global_percentile_thresholds
1056,2025-12-11 12:13:32,2025-12-11 12:14:31,CASTILLA,False,24.07270392410464,0.9999999999999996,24,0,data_driven_global_percentile_thresholds
1057,2025-12-11 12:14:32,2025-12-11 12:15:31,CASTILLA,False,23.082609095743827,0.9999999999999996,24,0,data_driven_global_percentile_thresholds
1058,2025-12-11 12:15:32,2025-12-11 12:16:31,CASTILLA,False,24.553014515631432,0.9999999999999996,24,0,data_driven_global_percentile_thresholds
1059,2025-12-11 12:16:32,2025-12-11 12:17:31,CASTILLA,False,23.022627278719504,0.9999999999999996,24,0,data_driven_global_percentile_thresholds
1060,2025-12-11 12:17:32,2025-12-11 12:18:31,CASTILLA,False,22.000445975459357,0.9999999999999996,24,0,data_driven_global_percentile_thresholds
1061,2025-12-11 12:18:32,2025-12-11 12:19:31,CASTILLA,False,24.38204240969686,0.9999999999999996,24,0,data_driven_global_percentile_thresholds
1062,2025-12-11 12:19:32,2025-12-11 12:20:31,CASTILLA,False,21.61002081839454,0.9999999999999996,24,0,data_driven_global_percentile_thresholds
1063,2025-12-11 12:20:32,2025-12-11 12:21:31,CASTILLA,False,22.717468958689302,0.9999999999999996,24,0,data_driven_global_percentile_thresholds
1064,2025-12-11 12:21:32,2025-12-11 12:22:31,CASTILLA,False,22.65495664392557,0.9999999999999996,24,0,data_driven_global_percentile_thresholds
1065,2025-12-11 12:22:32,2025-12-11 12:23:31,CASTILLA,False,24.45409646127116,0.9999999999999996,24,0,data_driven_global_percentile_thresholds
1066,2025-12-11 12:23:32,2025-12-11 12:24:31,CASTILLA,False,24.13779453539205,0.9999999999999996,24,0,data_driven_global_percentile_thresholds
1067,2025-12-11 12:24:32,2025-12-11 12:25:31,CASTILLA,False,24.27777737240716,0.9999999999999996,24,0,data_driven_global_percentile_thresholds
1068,2025-12-11 12:25:32,2025-12-11 12:26:31,CASTILLA,False,23.63662732842964,0.9999999999999996,24,0,data_driven_global_percentile_thresholds
1069,2025-12-11 12:26:32,2025-12-11 12:27:31,CASTILLA,False,23.63512952314102,0.9999999999999996,24,0,data_driven_global_percentile_thresholds
1070,2025-12-11 12:27:32,2025-12-11 12:28:31,CASTILLA,False,23.773390071049235,0.9999999999999996,24,0,data_driven_global_percentile_thresholds
1071,2025-12-11 12:28:32,2025-12-11 12:29:31,CASTILLA,False,23.52260834134585,0.9999999999999996,24,0,data_driven_global_percentile_thresholds
1072,2025-12-11 12:29:32,2025-12-11 12:30:31,CASTILLA,False,23.141007782636613,0.9999999999999996,24,0,data_driven_global_percentile_thresholds
1073,2025-12-11 12:30:32,2025-12-11 12:31:31,CASTILLA,False,23.48841359850004,0.9999999999999996,24,0,data_driven_global_percentile_thresholds
1074,2025-12-11 12:31:32,2025-12-11 12:32:31,CASTILLA,False,22.34067210233394,0.9999999999999996,24,0,data_driven_global_percentile_thresholds
1075,2025-12-11 12:32:32,2025-12-11 12:33:31,CASTILLA,False,24.321487187679423,0.9999999999999996,24,0,data_driven_global_percentile_thresholds
1076,2025-12-11 12:33:32,2025-12-11 12:34:31,CASTILLA,False,22.44288227531654,0.9999999999999996,24,0,data_driven_global_percentile_thresholds
1077,2025-12-11 12:34:32,2025-12-11 12:35:31,CASTILLA,False,22.737736041758133,0.9999999999999996,24,0,data_driven_global_percentile_thresholds
1078,2025-12-11 12:35:32,2025-12-11 12:36:31,CASTILLA,False,24.15230742749436,0.9999999999999996,24,0,data_driven_global_percentile_thresholds
1079,2025-12-11 12:36:32,2025-12-11 12:37:31,CASTILLA,False,23.708030533370405,0.9999999999999996,24,0,data_driven_global_percentile_thresholds
1080,2025-12-11 12:37:32,2025-12-11 12:38:31,CASTILLA,False,22.16061815249209,0.9999999999999996,24,0,data_driven_global_percentile_thresholds
1081,2025-12-11 12:38:32,2025-12-11 12:39:31,CASTILLA,False,21.905373390950807,0.9999999999999996,24,0,data_driven_global_percentile_thresholds
1082,2025-12-11 12:39:32,2025-12-11 12:40:31,CASTILLA,False,22.81189651961976,0.9999999999999996,24,0,data_driven_global_percentile_thresholds
1083,2025-12-11 12:40:32,2025-12-11 12:41:31,CASTILLA,False,23.158375741479432,0.9999999999999996,24,0,data_driven_global_percentile_thresholds
1084,2025-12-11 12:41:32,2025-12-11 12:42:31,CASTILLA,False,24.65207843099167,0.9999999999999996,24,0,data_driven_global_percentile_thresholds
1085,2025-12-11 12:42:32,2025-12-11 12:43:31,CASTILLA,False,21.32236511761831,0.9999999999999996,24,0,data_driven_global_percentile_thresholds
1086,2025-12-11 12:43:32,2025-12-11 12:44:31,CASTILLA,False,23.83857307031019,0.9999999999999996,24,0,data_driven_global_percentile_thresholds
1087,2025-12-11 12:44:32,2025-12-11 12:45:31,CASTILLA,False,22.645030692637626,0.9999999999999996,24,0,data_driven_global_percentile_thresholds
1088,2025-12-11 12:45:32,2025-12-11 12:46:31,CASTILLA,False,22.535727621344588,0.9999999999999996,24,0,data_driven_global_percentile_thresholds
1089,2025-12-11 12:46:32,2025-12-11 12:47:31,CASTILLA,False,21.62362148664645,0.9999999999999996,24,0,data_driven_global_percentile_thresholds
1090,2025-12-11 12:47:32,2025-12-11 12:48:31,CASTILLA,False,21.4514122369116,0.9999999999999996,24,0,data_driven_global_percentile_thresholds
1091,2025-12-11 12:48:32,2025-12-11 12:49:31,CASTILLA,False,21.746228418425662,0.9999999999999996,24,0,data_driven_global_percentile_thresholds
1092,2025-12-11 12:49:32,2025-12-11 12:50:31,CASTILLA,False,21.50692695765154,0.9999999999999996,24,0,data_driven_global_percentile_thresholds
1093,2025-12-11 12:50:32,2025-12-11 12:51:31,CASTILLA,False,23.07581963627821,0.9999999999999996,24,0,data_driven_global_percentile_thresholds
1094,2025-12-11 12:51:32,2025-12-11 12:52:31,CASTILLA,False,22.45178760541107,0.9999999999999996,24,0,data_driven_global_percentile_thresholds
1095,2025-12-11 12:52:32,2025-12-11 12:53:31,CASTILLA,False,23.098700375335707,0.9999999999999996,24,0,data_driven_global_percentile_thresholds
1096,2025-12-11 12:53:32,2025-12-11 12:54:31,CASTILLA,False,26.32611356412309,0.9999999999999996,24,0,data_driven_global_percentile_thresholds
1097,2025-12-11 12:54:32,2025-12-11 12:55:31,CASTILLA,False,22.75997793815847,0.9999999999999996,24,0,data_driven_global_percentile_thresholds
1098,2025-12-11 12:55:32,2025-12-11 12:56:31,CASTILLA,False,25.526212530648117,0.9999999999999996,24,0,data_driven_global_percentile_thresholds
1099,2025-12-11 12:56:32,2025-12-11 12:57:31,CASTILLA,False,25.920659722890885,0.9999999999999996,24,0,data_driven_global_percentile_thresholds
1100,2025-12-11 12:57:32,2025-12-11 12:58:31,CASTILLA,False,25.653686675829093,0.9999999999999996,24,0,data_driven_global_percentile_thresholds
1101,2025-12-11 12:58:32,2025-12-11 12:59:31,CASTILLA,False,25.45015402481527,0.9999999999999996,24,0,data_driven_global_percentile_thresholds
1102,2025-12-11 12:59:32,2025-12-11 13:00:31,CASTILLA,False,23.28576616404471,0.9999999999999996,24,0,data_driven_global_percentile_thresholds
1103,2025-12-11 13:00:32,2025-12-11 13:01:31,CASTILLA,False,24.302352622033567,0.9999999999999996,24,0,data_driven_global_percentile_thresholds
1104,2025-12-11 13:01:32,2025-12-11 13:02:31,CASTILLA,False,25.66608597238467,0.9999999999999996,24,0,data_driven_global_percentile_thresholds
1105,2025-12-11 13:02:32,2025-12-11 13:03:31,CASTILLA,False,21.604416076319204,0.9999999999999996,24,0,data_driven_global_percentile_thresholds
1106,2025-12-11 13:03:32,2025-12-11 13:04:31,CASTILLA,False,23.79742076563809,0.9999999999999996,24,0,data_driven_global_percentile_thresholds
1107,2025-12-11 13:04:32,2025-12-11 13:05:31,CASTILLA,False,22.613982567279308,0.9999999999999996,24,0,data_driven_global_percentile_thresholds
1108,2025-12-11 13:05:32,2025-12-11 13:06:31,CASTILLA,False,25.12463062902592,0.9999999999999996,24,0,data_driven_global_percentile_thresholds
1109,2025-12-11 13:06:32,2025-12-11 13:07:31,CASTILLA,False,23.3421839519871,0.9999999999999996,24,0,data_driven_global_percentile_thresholds
1110,2025-12-11 13:07:32,2025-12-11 13:08:31,CASTILLA,False,22.581961998162527,0.9999999999999996,24,0,data_driven_global_percentile_thresholds
1111,2025-12-11 13:08:32,2025-12-11 13:09:31,CASTILLA,False,23.88928092704805,0.9999999999999996,24,0,data_driven_global_percentile_thresholds
1112,2025-12-11 13:09:32,2025-12-11 13:10:31,CASTILLA,False,20.95831100313617,0.9999999999999996,24,0,data_driven_global_percentile_thresholds
1113,2025-12-11 13:10:32,2025-12-11 13:11:31,CASTILLA,False,21.90722897437544,0.9999999999999996,24,0,data_driven_global_percentile_thresholds
1114,2025-12-11 13:11:32,2025-12-11 13:12:31,CASTILLA,False,20.91707709495694,0.9999999999999996,24,0,data_driven_global_percentile_thresholds
1115,2025-12-11 13:12:32,2025-12-11 13:13:31,CASTILLA,False,20.470576941303413,0.9999999999999996,24,0,data_driven_global_percentile_thresholds
1116,2025-12-11 13:13:32,2025-12-11 13:14:31,CASTILLA,False,21.11129075966367,0.9999999999999996,24,0,data_driven_global_percentile_thresholds
1117,2025-12-11 13:14:32,2025-12-11 13:15:31,CASTILLA,False,20.86560024761117,0.9999999999999996,24,0,data_driven_global_percentile_thresholds
1118,2025-12-11 13:15:32,2025-12-11 13:16:31,CASTILLA,False,21.58122809679407,0.9999999999999996,24,0,data_driven_global_percentile_thresholds
1119,2025-12-11 13:16:32,2025-12-11 13:17:31,CASTILLA,False,20.544243717327056,0.9999999999999996,24,0,data_driven_global_percentile_thresholds
1120,2025-12-11 13:17:32,2025-12-11 13:18:31,CASTILLA,False,22.093663480942883,0.9999999999999996,24,0,data_driven_global_percentile_thresholds
1121,2025-12-11 13:18:32,2025-12-11 13:19:31,CASTILLA,False,22.13684764702451,0.9999999999999996,24,0,data_driven_global_percentile_thresholds
1122,2025-12-11 13:19:32,2025-12-11 13:20:31,CASTILLA,False,22.01026253765941,0.9999999999999996,24,0,data_driven_global_percentile_thresholds
1123,2025-12-11 13:20:32,2025-12-11 13:21:31,CASTILLA,False,22.56161340933888,0.9999999999999996,24,0,data_driven_global_percentile_thresholds
1124,2025-12-11 13:21:32,2025-12-11 13:22:31,CASTILLA,False,21.84134286743448,0.9999999999999996,24,0,data_driven_global_percentile_thresholds
1125,2025-12-11 13:22:32,2025-12-11 13:23:31,CASTILLA,False,21.41066314552307,0.9999999999999996,24,0,data_driven_global_percentile_thresholds
1126,2025-12-11 13:23:32,2025-12-11 13:24:31,CASTILLA,False,23.108937532214263,0.9999999999999996,24,0,data_driven_global_percentile_thresholds
1127,2025-12-11 13:24:32,2025-12-11 13:25:31,CASTILLA,False,21.313325856892675,0.9999999999999996,24,0,data_driven_global_percentile_thresholds
1128,2025-12-11 13:25:32,2025-12-11 13:26:31,CASTILLA,False,22.308213098637047,0.9999999999999996,24,0,data_driven_global_percentile_thresholds
1129,2025-12-11 13:26:32,2025-12-11 13:27:31,CASTILLA,False,23.756930941752675,0.9999999999999996,24,0,data_driven_global_percentile_thresholds
1130,2025-12-11 13:27:32,2025-12-11 13:28:31,CASTILLA,False,20.68455792388936,0.9999999999999996,24,0,data_driven_global_percentile_thresholds
1131,2025-12-11 13:28:32,2025-12-11 13:29:31,CASTILLA,False,21.527717926905687,0.9999999999999996,24,0,data_driven_global_percentile_thresholds
1132,2025-12-11 13:29:32,2025-12-11 13:30:31,CASTILLA,False,22.817234754981666,0.9999999999999996,24,0,data_driven_global_percentile_thresholds
1133,2025-12-11 13:30:32,2025-12-11 13:31:31,CASTILLA,False,22.52304480150711,0.9999999999999996,24,0,data_driven_global_percentile_thresholds
1134,2025-12-11 13:31:32,2025-12-11 13:32:31,CASTILLA,False,23.692603879297444,0.9999999999999996,24,0,data_driven_global_percentile_thresholds
1135,2025-12-11 13:32:32,2025-12-11 13:33:31,CASTILLA,False,24.927360520126523,0.9999999999999996,24,0,data_driven_global_percentile_thresholds
1136,2025-12-11 13:33:32,2025-12-11 13:34:31,CASTILLA,False,23.422998488537385,0.9999999999999996,24,0,data_driven_global_percentile_thresholds
1137,2025-12-11 13:34:32,2025-12-11 13:35:31,CASTILLA,False,25.6488687640013,0.9999999999999996,24,0,data_driven_global_percentile_thresholds
1138,2025-12-11 13:35:32,2025-12-11 13:36:31,CASTILLA,False,25.15272781231581,0.9999999999999996,24,0,data_driven_global_percentile_thresholds
1139,2025-12-11 13:36:32,2025-12-11 13:37:31,CASTILLA,False,24.713436444106566,0.9999999999999996,24,0,data_driven_global_percentile_thresholds
1140,2025-12-11 13:37:32,2025-12-11 13:38:31,CASTILLA,False,24.795633803686247,0.9999999999999996,24,0,data_driven_global_percentile_thresholds
1141,2025-12-11 13:38:32,2025-12-11 13:39:31,CASTILLA,False,25.24646176884013,0.9999999999999996,24,0,data_driven_global_percentile_thresholds
1142,2025-12-11 13:39:32,2025-12-11 13:40:31,CASTILLA,False,23.021511153749746,0.9999999999999996,24,0,data_driven_global_percentile_thresholds
1143,2025-12-11 13:40:32,2025-12-11 13:41:31,CASTILLA,False,23.37994357938253,0.9999999999999996,24,0,data_driven_global_percentile_thresholds
1144,2025-12-11 13:41:32,2025-12-11 13:42:31,CASTILLA,False,24.901841704055773,0.9999999999999996,24,0,data_driven_global_percentile_thresholds
1145,2025-12-11 13:42:32,2025-12-11 13:43:31,CASTILLA,False,25.54450149486857,0.9999999999999996,24,0,data_driven_global_percentile_thresholds
1146,2025-12-11 13:43:32,2025-12-11 13:44:31,CASTILLA,False,26.64568223848638,0.9999999999999996,24,0,data_driven_global_percentile_thresholds
1147,2025-12-11 13:44:32,2025-12-11 13:45:31,CASTILLA,False,25.39722132737602,0.9999999999999996,24,0,data_driven_global_percentile_thresholds
1148,2025-12-11 13:45:32,2025-12-11 13:46:31,CASTILLA,False,26.351369002054568,0.9999999999999996,24,0,data_driven_global_percentile_thresholds
1149,2025-12-11 13:46:32,2025-12-11 13:47:31,CASTILLA,False,28.49553409828344,0.9999999999999996,24,0,data_driven_global_percentile_thresholds
1150,2025-12-11 13:47:32,2025-12-11 13:48:31,CASTILLA,False,29.74184735190962,0.9999999999999996,24,0,data_driven_global_percentile_thresholds
1151,2025-12-11 13:48:32,2025-12-11 13:49:31,CASTILLA,False,30.556139690065617,0.9999999999999996,24,0,data_driven_global_percentile_thresholds
1152,2025-12-11 13:49:32,2025-12-11 13:50:31,CASTILLA,False,30.411229131820186,0.9999999999999996,24,0,data_driven_global_percentile_thresholds
1153,2025-12-11 13:50:32,2025-12-11 13:51:31,CASTILLA,False,30.43695721469406,0.9999999999999996,24,0,data_driven_global_percentile_thresholds
1154,2025-12-11 13:51:32,2025-12-11 13:52:31,CASTILLA,False,30.141199457706985,0.9999999999999996,24,0,data_driven_global_percentile_thresholds
1155,2025-12-11 13:52:32,2025-12-11 13:53:31,CASTILLA,False,30.84935629310051,0.9999999999999996,24,0,data_driven_global_percentile_thresholds
1156,2025-12-11 13:53:32,2025-12-11 13:54:31,CASTILLA,False,26.76109610661376,0.9999999999999996,24,0,data_driven_global_percentile_thresholds
1157,2025-12-11 13:54:32,2025-12-11 13:55:31,CASTILLA,True,28.533575120702867,0.9999999999999996,24,0,data_driven_global_percentile_thresholds
1158,2025-12-11 13:55:32,2025-12-11 13:56:31,CASTILLA,True,26.55860535975784,0.9999999999999996,24,0,data_driven_global_percentile_thresholds
1159,2025-12-11 13:56:32,2025-12-11 13:57:31,MEZCLA,True,45.14415341448091,0.9999999999999996,24,0,data_driven_global_percentile_thresholds
1160,2025-12-11 13:57:32,2025-12-11 13:58:31,MEZCLA,False,46.35917855856555,0.9999999999999996,24,0,data_driven_global_percentile_thresholds
1161,2025-12-11 13:58:32,2025-12-11 13:59:31,MEZCLA,False,47.46039413179926,0.9999999999999996,24,0,data_driven_global_percentile_thresholds
1162,2025-12-11 13:59:32,2025-12-11 14:00:31,MEZCLA,False,46.35470176626838,0.9999999999999996,24,0,data_driven_global_percentile_thresholds
1163,2025-12-11 14:00:32,2025-12-11 14:01:31,MEZCLA,False,48.00588957099234,0.9999999999999996,24,0,data_driven_global_percentile_thresholds
1164,2025-12-11 14:01:32,2025-12-11 14:02:31,MEZCLA,False,46.34184994200704,0.9999999999999996,24,0,data_driven_global_percentile_thresholds
1165,2025-12-11 14:02:32,2025-12-11 14:03:31,MEZCLA,False,48.95585130188233,0.9999999999999996,24,0,data_driven_global_percentile_thresholds
1166,2025-12-11 14:03:32,2025-12-11 14:04:31,MEZCLA,False,51.30347751877086,0.9999999999999996,24,0,data_driven_global_percentile_thresholds
1167,2025-12-11 14:04:32,2025-12-11 14:05:31,MEZCLA,False,49.92378418661773,0.9999999999999996,24,0,data_driven_global_percentile_thresholds
1168,2025-12-11 14:05:32,2025-12-11 14:06:31,MEZCLA,False,50.47044943142835,0.9999999999999996,24,0,data_driven_global_percentile_thresholds
1169,2025-12-11 14:06:32,2025-12-11 14:07:31,MEZCLA,False,53.7170624576019,0.9999999999999996,24,0,data_driven_global_percentile_thresholds
1170,2025-12-11 14:07:32,2025-12-11 14:08:31,MEZCLA,False,51.76325113760328,0.9999999999999996,24,0,data_driven_global_percentile_thresholds
1171,2025-12-11 14:08:32,2025-12-11 14:09:31,MEZCLA,False,54.28186120650968,0.9999999999999996,24,0,data_driven_global_percentile_thresholds
1172,2025-12-11 14:09:32,2025-12-11 14:10:31,MEZCLA,False,54.66411222167574,0.9999999999999996,24,0,data_driven_global_percentile_thresholds
1173,2025-12-11 14:10:32,2025-12-11 14:11:31,MEZCLA,False,56.13194749400216,0.9999999999999996,24,0,data_driven_global_percentile_thresholds
1174,2025-12-11 14:11:32,2025-12-11 14:12:31,MEZCLA,False,52.92468377975526,0.9999999999999996,24,0,data_driven_global_percentile_thresholds
1175,2025-12-11 14:12:32,2025-12-11 14:13:31,MEZCLA,False,53.14764122099373,0.9999999999999996,24,0,data_driven_global_percentile_thresholds
1176,2025-12-11 14:13:32,2025-12-11 14:14:31,MEZCLA,False,53.6636499048538,0.9999999999999996,24,0,data_driven_global_percentile_thresholds
1177,2025-12-11 14:14:32,2025-12-11 14:15:31,MEZCLA,False,49.08995212069958,0.9999999999999996,24,0,data_driven_global_percentile_thresholds
1178,2025-12-11 14:15:32,2025-12-11 14:16:31,MEZCLA,False,48.6893131878581,0.9999999999999996,24,0,data_driven_global_percentile_thresholds
1179,2025-12-11 14:16:32,2025-12-11 14:17:31,MEZCLA,False,47.90003545237804,0.9999999999999996,24,0,data_driven_global_percentile_thresholds
1180,2025-12-11 14:17:32,2025-12-11 14:18:31,MEZCLA,False,48.97615265360648,0.9999999999999996,24,0,data_driven_global_percentile_thresholds
1181,2025-12-11 14:18:32,2025-12-11 14:19:31,MEZCLA,False,48.20991979145068,0.9999999999999996,24,0,data_driven_global_percentile_thresholds
1182,2025-12-11 14:19:32,2025-12-11 14:20:31,MEZCLA,False,48.231418674443184,0.9999999999999996,24,0,data_driven_global_percentile_thresholds
1183,2025-12-11 14:20:32,2025-12-11 14:21:31,MEZCLA,False,48.4896183219732,0.9999999999999996,24,0,data_driven_global_percentile_thresholds
1184,2025-12-11 14:21:32,2025-12-11 14:22:31,MEZCLA,False,48.202257583230136,0.9999999999999996,24,0,data_driven_global_percentile_thresholds
1185,2025-12-11 14:22:32,2025-12-11 14:23:31,MEZCLA,False,49.87095921997823,0.9999999999999996,24,0,data_driven_global_percentile_thresholds
1186,2025-12-11 14:23:32,2025-12-11 14:24:31,MEZCLA,False,49.79203229669272,0.9999999999999996,24,0,data_driven_global_percentile_thresholds
1187,2025-12-11 14:24:32,2025-12-11 14:25:31,MEZCLA,False,50.22989044764848,0.9999999999999996,24,0,data_driven_global_percentile_thresholds
1188,2025-12-11 14:25:32,2025-12-11 14:26:31,MEZCLA,False,48.23139060126135,0.9999999999999996,24,0,data_driven_global_percentile_thresholds
1189,2025-12-11 14:26:32,2025-12-11 14:27:31,MEZCLA,False,48.904796510434124,0.9999999999999996,24,0,data_driven_global_percentile_thresholds
1190,2025-12-11 14:27:32,2025-12-11 14:28:31,MEZCLA,False,48.47431272608842,0.9999999999999996,24,0,data_driven_global_percentile_thresholds
1191,2025-12-11 14:28:32,2025-12-11 14:29:31,MEZCLA,False,48.67193485221853,0.9999999999999996,24,0,data_driven_global_percentile_thresholds
1192,2025-12-11 14:29:32,2025-12-11 14:30:31,MEZCLA,False,51.19936894001882,0.9999999999999996,24,0,data_driven_global_percentile_thresholds
1193,2025-12-11 14:30:32,2025-12-11 14:31:31,MEZCLA,False,50.63652482354424,0.9999999999999996,24,0,data_driven_global_percentile_thresholds
1194,2025-12-11 14:31:32,2025-12-11 14:32:31,MEZCLA,False,50.81937000126482,0.9999999999999996,24,0,data_driven_global_percentile_thresholds
1195,2025-12-11 14:32:32,2025-12-11 14:33:31,MEZCLA,False,50.11831998158016,0.9999999999999996,24,0,data_driven_global_percentile_thresholds
1196,2025-12-11 14:33:32,2025-12-11 14:34:31,MEZCLA,False,51.40785264723431,0.9999999999999996,24,0,data_driven_global_percentile_thresholds
1197,2025-12-11 14:34:32,2025-12-11 14:35:31,MEZCLA,False,51.11103294044665,0.9999999999999996,24,0,data_driven_global_percentile_thresholds
1198,2025-12-11 14:35:32,2025-12-11 14:36:31,MEZCLA,False,50.401412787701815,0.9999999999999996,24,0,data_driven_global_percentile_thresholds
1199,2025-12-11 14:36:32,2025-12-11 14:37:31,MEZCLA,False,47.91083666380343,0.9999999999999996,24,0,data_driven_global_percentile_thresholds
1200,2025-12-11 14:37:32,2025-12-11 14:38:31,MEZCLA,False,46.19462644178185,0.9999999999999996,24,0,data_driven_global_percentile_thresholds
1201,2025-12-11 14:38:32,2025-12-11 14:39:31,MEZCLA,False,46.2682978556693,0.9999999999999996,24,0,data_driven_global_percentile_thresholds
1202,2025-12-11 14:39:32,2025-12-11 14:40:31,MEZCLA,False,45.51684524097447,0.9999999999999996,24,0,data_driven_global_percentile_thresholds
1203,2025-12-11 14:40:32,2025-12-11 14:41:31,MEZCLA,False,45.67700794787804,0.9999999999999996,24,0,data_driven_global_percentile_thresholds
1204,2025-12-11 14:41:32,2025-12-11 14:42:31,MEZCLA,False,45.902667811270064,0.9999999999999996,24,0,data_driven_global_percentile_thresholds
1205,2025-12-11 14:42:32,2025-12-11 14:43:31,MEZCLA,False,45.231608346532845,0.9999999999999996,24,0,data_driven_global_percentile_thresholds
1206,2025-12-11 14:43:32,2025-12-11 14:44:31,MEZCLA,False,47.10721902015618,0.9999999999999996,24,0,data_driven_global_percentile_thresholds
1207,2025-12-11 14:44:32,2025-12-11 14:45:31,MEZCLA,False,44.62667604810719,0.9999999999999996,24,0,data_driven_global_percentile_thresholds
1208,2025-12-11 14:45:32,2025-12-11 14:46:31,MEZCLA,False,46.62443826250252,0.9999999999999996,24,0,data_driven_global_percentile_thresholds
1209,2025-12-11 14:46:32,2025-12-11 14:47:31,MEZCLA,False,44.19827666347509,0.9999999999999996,24,0,data_driven_global_percentile_thresholds
1210,2025-12-11 14:47:32,2025-12-11 14:48:31,MEZCLA,False,43.29946246427692,0.9999999999999996,24,0,data_driven_global_percentile_thresholds
1211,2025-12-11 14:48:32,2025-12-11 14:49:31,MEZCLA,False,46.76943170470264,0.9999999999999996,24,0,data_driven_global_percentile_thresholds
1212,2025-12-11 14:49:32,2025-12-11 14:50:31,MEZCLA,False,45.63884067265394,0.9999999999999996,24,0,data_driven_global_percentile_thresholds
1213,2025-12-11 14:50:32,2025-12-11 14:51:31,MEZCLA,False,44.774507686777525,0.9999999999999996,24,0,data_driven_global_percentile_thresholds
1214,2025-12-11 14:51:32,2025-12-11 14:52:31,MEZCLA,False,44.456788101194775,0.9999999999999996,24,0,data_driven_global_percentile_thresholds
1215,2025-12-11 14:52:32,2025-12-11 14:53:31,MEZCLA,False,46.95169524481516,0.9999999999999996,24,0,data_driven_global_percentile_thresholds
1216,2025-12-11 14:53:32,2025-12-11 14:54:31,MEZCLA,False,50.43411461007558,0.9999999999999996,24,0,data_driven_global_percentile_thresholds
1217,2025-12-11 14:54:32,2025-12-11 14:55:31,MEZCLA,False,46.28072588736693,0.9999999999999996,24,0,data_driven_global_percentile_thresholds
1218,2025-12-11 14:55:32,2025-12-11 14:56:31,MEZCLA,False,45.494510916755615,0.9999999999999996,24,0,data_driven_global_percentile_thresholds
1219,2025-12-11 14:56:32,2025-12-11 14:57:31,MEZCLA,False,46.511912571565546,0.9999999999999996,24,0,data_driven_global_percentile_thresholds
1220,2025-12-11 14:57:32,2025-12-11 14:58:31,MEZCLA,False,46.269007994146726,0.9999999999999996,24,0,data_driven_global_percentile_thresholds
1221,2025-12-11 14:58:32,2025-12-11 14:59:31,MEZCLA,False,50.43648463536309,0.9999999999999996,24,0,data_driven_global_percentile_thresholds
1222,2025-12-11 14:59:32,2025-12-11 15:00:31,MEZCLA,False,44.47235457853586,0.9999999999999996,24,0,data_driven_global_percentile_thresholds
1223,2025-12-11 15:00:32,2025-12-11 15:01:31,MEZCLA,False,44.28727250476673,0.9999999999999996,24,0,data_driven_global_percentile_thresholds
1224,2025-12-11 15:01:32,2025-12-11 15:02:31,MEZCLA,False,41.89359225412596,0.9999999999999996,24,0,data_driven_global_percentile_thresholds
1225,2025-12-11 15:02:32,2025-12-11 15:03:31,MEZCLA,False,41.2365486528408,0.9999999999999996,24,0,data_driven_global_percentile_thresholds
1226,2025-12-11 15:03:32,2025-12-11 15:04:31,MEZCLA,False,38.80638180932537,0.9999999999999996,24,0,data_driven_global_percentile_thresholds
1227,2025-12-11 15:04:32,2025-12-11 15:05:31,MEZCLA,False,38.87598345688675,0.9999999999999996,24,0,data_driven_global_percentile_thresholds
1228,2025-12-11 15:05:32,2025-12-11 15:06:31,MEZCLA,False,40.1428841547127,0.9999999999999996,24,0,data_driven_global_percentile_thresholds
1229,2025-12-11 15:06:32,2025-12-11 15:07:31,MEZCLA,False,38.87144101426452,0.9999999999999996,24,0,data_driven_global_percentile_thresholds
1230,2025-12-11 15:07:32,2025-12-11 15:08:31,MEZCLA,False,40.11188885898233,0.9999999999999996,24,0,data_driven_global_percentile_thresholds
1231,2025-12-11 15:08:32,2025-12-11 15:09:31,MEZCLA,False,38.93358171269416,0.9999999999999996,24,0,data_driven_global_percentile_thresholds
1232,2025-12-11 15:09:32,2025-12-11 15:10:31,MEZCLA,False,39.971230889906224,0.9999999999999996,24,0,data_driven_global_percentile_thresholds
1233,2025-12-11 15:10:32,2025-12-11 15:11:31,MEZCLA,False,41.05783652099134,0.9999999999999996,24,0,data_driven_global_percentile_thresholds
1234,2025-12-11 15:11:32,2025-12-11 15:12:31,MEZCLA,False,39.818930709406665,0.9999999999999996,24,0,data_driven_global_percentile_thresholds
1235,2025-12-11 15:12:32,2025-12-11 15:13:31,MEZCLA,False,36.442213391205215,0.9999999999999996,24,0,data_driven_global_percentile_thresholds
1236,2025-12-11 15:13:32,2025-12-11 15:14:31,MEZCLA,False,37.53329113531852,0.9999999999999996,24,0,data_driven_global_percentile_thresholds
1237,2025-12-11 15:14:32,2025-12-11 15:15:31,MEZCLA,False,37.69040023089462,0.9999999999999996,24,0,data_driven_global_percentile_thresholds
1238,2025-12-11 15:15:32,2025-12-11 15:16:31,MEZCLA,False,37.34896414747111,0.9999999999999996,24,0,data_driven_global_percentile_thresholds
1239,2025-12-11 15:16:32,2025-12-11 15:17:31,MEZCLA,False,36.52505888904352,0.9999999999999996,24,0,data_driven_global_percentile_thresholds
1240,2025-12-11 15:17:32,2025-12-11 15:18:31,MEZCLA,False,39.25073584936491,0.9999999999999996,24,0,data_driven_global_percentile_thresholds
1241,2025-12-11 15:18:32,2025-12-11 15:19:31,MEZCLA,False,38.77879285771429,0.9999999999999996,24,0,data_driven_global_percentile_thresholds
1242,2025-12-11 15:19:32,2025-12-11 15:20:31,MEZCLA,False,37.094281218612295,0.9999999999999996,24,0,data_driven_global_percentile_thresholds
1243,2025-12-11 15:20:32,2025-12-11 15:21:31,MEZCLA,False,38.646295391977965,0.9999999999999996,24,0,data_driven_global_percentile_thresholds
1244,2025-12-11 15:21:32,2025-12-11 15:22:31,MEZCLA,False,35.472055153297795,0.9999999999999996,24,0,data_driven_global_percentile_thresholds
1245,2025-12-11 15:22:32,2025-12-11 15:23:31,MEZCLA,False,37.58450410777024,0.9999999999999996,24,0,data_driven_global_percentile_thresholds
1246,2025-12-11 15:23:32,2025-12-11 15:24:31,MEZCLA,False,38.12112501633947,0.9999999999999996,24,0,data_driven_global_percentile_thresholds
1247,2025-12-11 15:24:32,2025-12-11 15:25:31,MEZCLA,False,42.44172027458909,0.9999999999999996,24,0,data_driven_global_percentile_thresholds
1248,2025-12-11 15:25:32,2025-12-11 15:26:31,MEZCLA,False,39.34714247404745,0.9999999999999996,24,0,data_driven_global_percentile_thresholds
1249,2025-12-11 15:26:32,2025-12-11 15:27:31,MEZCLA,False,38.336173897249296,0.9999999999999996,24,0,data_driven_global_percentile_thresholds
1250,2025-12-11 15:27:32,2025-12-11 15:28:31,MEZCLA,False,38.674282700298114,0.9999999999999996,24,0,data_driven_global_percentile_thresholds
1251,2025-12-11 15:28:32,2025-12-11 15:29:31,MEZCLA,False,39.88204319305412,0.9999999999999996,24,0,data_driven_global_percentile_thresholds
1252,2025-12-11 15:29:32,2025-12-11 15:30:31,MEZCLA,False,37.74763261014218,0.9999999999999996,24,0,data_driven_global_percentile_thresholds
1253,2025-12-11 15:30:32,2025-12-11 15:31:31,MEZCLA,False,38.96784523808904,0.9999999999999996,24,0,data_driven_global_percentile_thresholds
1254,2025-12-11 15:31:32,2025-12-11 15:32:31,MEZCLA,False,39.120185853210366,0.9999999999999996,24,0,data_driven_global_percentile_thresholds
1255,2025-12-11 15:32:32,2025-12-11 15:33:31,MEZCLA,False,40.12462642956898,0.9999999999999996,24,0,data_driven_global_percentile_thresholds
1256,2025-12-11 15:33:32,2025-12-11 15:34:31,MEZCLA,False,38.86549907851525,0.9999999999999996,24,0,data_driven_global_percentile_thresholds
1257,2025-12-11 15:34:32,2025-12-11 15:35:31,MEZCLA,False,40.6035366596011,0.9999999999999996,24,0,data_driven_global_percentile_thresholds
1258,2025-12-11 15:35:32,2025-12-11 15:36:31,MEZCLA,False,40.47466389661162,0.9999999999999996,24,0,data_driven_global_percentile_thresholds
1259,2025-12-11 15:36:32,2025-12-11 15:37:31,MEZCLA,False,37.11296757350623,0.9999999999999996,24,0,data_driven_global_percentile_thresholds
1260,2025-12-11 15:37:32,2025-12-11 15:38:31,MEZCLA,False,38.82316818594676,0.9999999999999996,24,0,data_driven_global_percentile_thresholds
1261,2025-12-11 15:38:32,2025-12-11 15:39:31,MEZCLA,False,35.77011188738803,0.9999999999999996,24,0,data_driven_global_percentile_thresholds
1262,2025-12-11 15:39:32,2025-12-11 15:40:31,MEZCLA,False,36.21584192377341,0.9999999999999996,24,0,data_driven_global_percentile_thresholds
1263,2025-12-11 15:40:32,2025-12-11 15:41:31,MEZCLA,False,37.38991307583944,0.9999999999999996,24,0,data_driven_global_percentile_thresholds
1264,2025-12-11 15:41:32,2025-12-11 15:42:31,MEZCLA,False,38.70883160778088,0.9999999999999996,24,0,data_driven_global_percentile_thresholds
1265,2025-12-11 15:42:32,2025-12-11 15:43:31,MEZCLA,False,39.5819404161813,0.9999999999999996,24,0,data_driven_global_percentile_thresholds
1266,2025-12-11 15:43:32,2025-12-11 15:44:31,MEZCLA,False,43.796338781189846,0.9999999999999996,24,0,data_driven_global_percentile_thresholds
1267,2025-12-11 15:44:32,2025-12-11 15:45:31,MEZCLA,False,43.6482962040349,0.9999999999999996,24,0,data_driven_global_percentile_thresholds
1268,2025-12-11 15:45:32,2025-12-11 15:46:31,MEZCLA,False,40.36075765031217,0.9999999999999996,24,0,data_driven_global_percentile_thresholds
1269,2025-12-11 15:46:32,2025-12-11 15:47:31,MEZCLA,False,39.64827360852728,0.9999999999999996,24,0,data_driven_global_percentile_thresholds
1270,2025-12-11 15:47:32,2025-12-11 15:48:31,MEZCLA,False,41.63712983324477,0.9999999999999996,24,0,data_driven_global_percentile_thresholds
1271,2025-12-11 15:48:32,2025-12-11 15:49:31,MEZCLA,False,41.12883684308634,0.9999999999999996,24,0,data_driven_global_percentile_thresholds
1272,2025-12-11 15:49:32,2025-12-11 15:50:31,MEZCLA,False,42.66964610209478,0.9999999999999996,24,0,data_driven_global_percentile_thresholds
1273,2025-12-11 15:50:32,2025-12-11 15:51:31,MEZCLA,False,42.26448465302654,0.9999999999999996,24,0,data_driven_global_percentile_thresholds
1274,2025-12-11 15:51:32,2025-12-11 15:52:31,MEZCLA,False,41.00284621357269,0.9999999999999996,24,0,data_driven_global_percentile_thresholds
1275,2025-12-11 15:52:32,2025-12-11 15:53:31,MEZCLA,False,43.94779465012724,0.9999999999999996,24,0,data_driven_global_percentile_thresholds
1276,2025-12-11 15:53:32,2025-12-11 15:54:31,MEZCLA,False,43.97867098772198,0.9999999999999996,24,0,data_driven_global_percentile_thresholds
1277,2025-12-11 15:54:32,2025-12-11 15:55:31,MEZCLA,False,42.39127196456226,0.9999999999999996,24,0,data_driven_global_percentile_thresholds
1278,2025-12-11 15:55:32,2025-12-11 15:56:31,MEZCLA,False,41.30548681271189,0.9999999999999996,24,0,data_driven_global_percentile_thresholds
1279,2025-12-11 15:56:32,2025-12-11 15:57:31,MEZCLA,False,43.71898789177952,0.9999999999999996,24,0,data_driven_global_percentile_thresholds
1280,2025-12-11 15:57:32,2025-12-11 15:58:31,MEZCLA,False,42.13733207549831,0.9999999999999996,24,0,data_driven_global_percentile_thresholds
1281,2025-12-11 15:58:32,2025-12-11 15:59:31,MEZCLA,False,43.934215932252,0.9999999999999996,24,0,data_driven_global_percentile_thresholds
1282,2025-12-11 15:59:32,2025-12-11 16:00:31,MEZCLA,False,41.09605496545303,0.9999999999999996,24,0,data_driven_global_percentile_thresholds
1283,2025-12-11 16:00:32,2025-12-11 16:01:31,MEZCLA,False,39.29207335307699,0.9999999999999996,24,0,data_driven_global_percentile_thresholds
1284,2025-12-11 16:01:32,2025-12-11 16:02:31,MEZCLA,False,43.45974267797116,0.9999999999999996,24,0,data_driven_global_percentile_thresholds
1285,2025-12-11 16:02:32,2025-12-11 16:03:31,MEZCLA,False,41.312956238980526,0.9999999999999996,24,0,data_driven_global_percentile_thresholds
1286,2025-12-11 16:03:32,2025-12-11 16:04:31,MEZCLA,False,42.28575539927711,0.9999999999999996,24,0,data_driven_global_percentile_thresholds
1287,2025-12-11 16:04:32,2025-12-11 16:05:31,MEZCLA,False,44.24663739167063,0.9999999999999996,24,0,data_driven_global_percentile_thresholds
1288,2025-12-11 16:05:32,2025-12-11 16:06:31,MEZCLA,False,45.53870413457867,0.9999999999999996,24,0,data_driven_global_percentile_thresholds
1289,2025-12-11 16:06:32,2025-12-11 16:07:31,MEZCLA,False,40.97726713630072,0.9999999999999996,24,0,data_driven_global_percentile_thresholds
1290,2025-12-11 16:07:32,2025-12-11 16:08:31,MEZCLA,False,44.5281698177745,0.9999999999999996,24,0,data_driven_global_percentile_thresholds
1291,2025-12-11 16:08:32,2025-12-11 16:09:31,MEZCLA,False,43.38721278890025,0.9999999999999996,24,0,data_driven_global_percentile_thresholds
1292,2025-12-11 16:09:32,2025-12-11 16:10:31,MEZCLA,False,42.32109549118103,0.9999999999999996,24,0,data_driven_global_percentile_thresholds
1293,2025-12-11 16:10:32,2025-12-11 16:11:31,MEZCLA,False,43.67441883821626,0.9999999999999996,24,0,data_driven_global_percentile_thresholds
1294,2025-12-11 16:11:32,2025-12-11 16:12:31,MEZCLA,False,42.23188614994933,0.9999999999999996,24,0,data_driven_global_percentile_thresholds
1295,2025-12-11 16:12:32,2025-12-11 16:13:31,MEZCLA,False,44.68658159968462,0.9999999999999996,24,0,data_driven_global_percentile_thresholds
1296,2025-12-11 16:13:32,2025-12-11 16:14:31,MEZCLA,False,42.835790386557946,0.9999999999999996,24,0,data_driven_global_percentile_thresholds
1297,2025-12-11 16:14:32,2025-12-11 16:15:31,MEZCLA,False,45.95331807844071,0.9999999999999996,24,0,data_driven_global_percentile_thresholds
1298,2025-12-11 16:15:32,2025-12-11 16:16:31,MEZCLA,False,44.86863066203117,0.9999999999999996,24,0,data_driven_global_percentile_thresholds
1299,2025-12-11 16:16:32,2025-12-11 16:17:31,MEZCLA,False,46.63361401323257,0.9999999999999996,24,0,data_driven_global_percentile_thresholds
1300,2025-12-11 16:17:32,2025-12-11 16:18:31,MEZCLA,False,42.444470629824,0.9999999999999996,24,0,data_driven_global_percentile_thresholds
1301,2025-12-11 16:18:32,2025-12-11 16:19:31,MEZCLA,False,40.15670585605589,0.9999999999999996,24,0,data_driven_global_percentile_thresholds
1302,2025-12-11 16:19:32,2025-12-11 16:20:31,MEZCLA,False,40.66076425334103,0.9999999999999996,24,0,data_driven_global_percentile_thresholds
1303,2025-12-11 16:20:32,2025-12-11 16:21:31,MEZCLA,False,43.19015868890092,0.9999999999999996,24,0,data_driven_global_percentile_thresholds
1304,2025-12-11 16:21:32,2025-12-11 16:22:31,MEZCLA,False,40.50576780024039,0.9999999999999996,24,0,data_driven_global_percentile_thresholds
1305,2025-12-11 16:22:32,2025-12-11 16:23:31,MEZCLA,False,38.88209183594978,0.9999999999999996,24,0,data_driven_global_percentile_thresholds
1306,2025-12-11 16:23:32,2025-12-11 16:24:31,MEZCLA,False,42.23382281942842,0.9999999999999996,24,0,data_driven_global_percentile_thresholds
1307,2025-12-11 16:24:32,2025-12-11 16:25:31,MEZCLA,False,40.61622726592496,0.9999999999999996,24,0,data_driven_global_percentile_thresholds
1308,2025-12-11 16:25:32,2025-12-11 16:26:31,MEZCLA,False,42.97787608616425,0.9999999999999996,24,0,data_driven_global_percentile_thresholds
1309,2025-12-11 16:26:32,2025-12-11 16:27:31,MEZCLA,False,43.43312867740131,0.9999999999999996,24,0,data_driven_global_percentile_thresholds
1310,2025-12-11 16:27:32,2025-12-11 16:28:31,MEZCLA,False,42.100639509191375,0.9999999999999996,24,0,data_driven_global_percentile_thresholds
1311,2025-12-11 16:28:32,2025-12-11 16:29:31,MEZCLA,False,44.43582224657875,0.9999999999999996,24,0,data_driven_global_percentile_thresholds
1312,2025-12-11 16:29:32,2025-12-11 16:30:31,MEZCLA,False,42.49119118563083,0.9999999999999996,24,0,data_driven_global_percentile_thresholds
1313,2025-12-11 16:30:32,2025-12-11 16:31:31,MEZCLA,False,37.1996963044746,0.9999999999999996,24,0,data_driven_global_percentile_thresholds
1314,2025-12-11 16:31:32,2025-12-11 16:32:31,MEZCLA,False,38.82436379334148,0.9999999999999996,24,0,data_driven_global_percentile_thresholds
1315,2025-12-11 16:32:32,2025-12-11 16:33:31,MEZCLA,False,39.92508584467793,0.9999999999999996,24,0,data_driven_global_percentile_thresholds
1316,2025-12-11 16:33:32,2025-12-11 16:34:31,MEZCLA,False,39.03177172532341,0.9999999999999996,24,0,data_driven_global_percentile_thresholds
1317,2025-12-11 16:34:32,2025-12-11 16:35:31,MEZCLA,False,40.74039267902308,0.9999999999999996,24,0,data_driven_global_percentile_thresholds
1318,2025-12-11 16:35:32,2025-12-11 16:36:31,MEZCLA,False,38.722515479708846,0.9999999999999996,24,0,data_driven_global_percentile_thresholds
1319,2025-12-11 16:36:32,2025-12-11 16:37:31,MEZCLA,False,41.26303136360323,0.9999999999999996,24,0,data_driven_global_percentile_thresholds
1320,2025-12-11 16:37:32,2025-12-11 16:38:31,MEZCLA,False,40.89980960304758,0.9999999999999996,24,0,data_driven_global_percentile_thresholds
1321,2025-12-11 16:38:32,2025-12-11 16:39:31,MEZCLA,False,39.92673644107845,0.9999999999999996,24,0,data_driven_global_percentile_thresholds
1322,2025-12-11 16:39:32,2025-12-11 16:40:31,MEZCLA,False,39.89660204860503,0.9999999999999996,24,0,data_driven_global_percentile_thresholds
1323,2025-12-11 16:40:32,2025-12-11 16:41:31,MEZCLA,False,38.62290501658097,0.9999999999999996,24,0,data_driven_global_percentile_thresholds
1324,2025-12-11 16:41:32,2025-12-11 16:42:31,MEZCLA,False,37.54524919153832,0.9999999999999996,24,0,data_driven_global_percentile_thresholds
1325,2025-12-11 16:42:32,2025-12-11 16:43:31,MEZCLA,False,37.16241411512852,0.9999999999999996,24,0,data_driven_global_percentile_thresholds
1326,2025-12-11 16:43:32,2025-12-11 16:44:31,MEZCLA,False,36.47772219491655,0.9999999999999996,24,0,data_driven_global_percentile_thresholds
1327,2025-12-11 16:44:32,2025-12-11 16:45:31,MEZCLA,False,37.55593062834434,0.9999999999999996,24,0,data_driven_global_percentile_thresholds
1328,2025-12-11 16:45:32,2025-12-11 16:46:31,MEZCLA,False,39.831331650804245,0.9999999999999996,24,0,data_driven_global_percentile_thresholds
1329,2025-12-11 16:46:32,2025-12-11 16:47:31,MEZCLA,False,39.71563516856136,0.9999999999999996,24,0,data_driven_global_percentile_thresholds
1330,2025-12-11 16:47:32,2025-12-11 16:48:31,MEZCLA,False,40.11760947147441,0.9999999999999996,24,0,data_driven_global_percentile_thresholds
1331,2025-12-11 16:48:32,2025-12-11 16:49:31,MEZCLA,False,39.82121224167948,0.9999999999999996,24,0,data_driven_global_percentile_thresholds
1332,2025-12-11 16:49:32,2025-12-11 16:50:31,MEZCLA,False,39.74736645626234,0.9999999999999996,24,0,data_driven_global_percentile_thresholds
1333,2025-12-11 16:50:32,2025-12-11 16:51:31,MEZCLA,False,42.0454463652698,0.9999999999999996,24,0,data_driven_global_percentile_thresholds
1334,2025-12-11 16:51:32,2025-12-11 16:52:31,MEZCLA,False,37.61152040847575,0.9999999999999996,24,0,data_driven_global_percentile_thresholds
1335,2025-12-11 16:52:32,2025-12-11 16:53:31,MEZCLA,False,35.72732309435793,0.9999999999999996,24,0,data_driven_global_percentile_thresholds
1336,2025-12-11 16:53:32,2025-12-11 16:54:31,MEZCLA,False,34.246767994524866,0.9999999999999996,24,0,data_driven_global_percentile_thresholds
1337,2025-12-11 16:54:32,2025-12-11 16:55:31,MEZCLA,False,36.83770929540469,0.9999999999999996,24,0,data_driven_global_percentile_thresholds
1338,2025-12-11 16:55:32,2025-12-11 16:56:31,MEZCLA,False,37.76821165204946,0.9999999999999996,24,0,data_driven_global_percentile_thresholds
1339,2025-12-11 16:56:32,2025-12-11 16:57:31,MEZCLA,False,36.8490523916021,0.9999999999999996,24,0,data_driven_global_percentile_thresholds
1340,2025-12-11 16:57:32,2025-12-11 16:58:31,MEZCLA,False,37.86764514864997,0.9999999999999996,24,0,data_driven_global_percentile_thresholds
1341,2025-12-11 16:58:32,2025-12-11 16:59:31,MEZCLA,False,37.564521740987246,0.9999999999999996,24,0,data_driven_global_percentile_thresholds
1342,2025-12-11 16:59:32,2025-12-11 17:00:31,MEZCLA,False,41.06868147600811,0.9999999999999996,24,0,data_driven_global_percentile_thresholds
1343,2025-12-11 17:00:32,2025-12-11 17:01:31,MEZCLA,False,41.9621193010436,0.9999999999999996,24,0,data_driven_global_percentile_thresholds
1344,2025-12-11 17:01:32,2025-12-11 17:02:31,MEZCLA,False,40.16996558432909,0.9999999999999996,24,0,data_driven_global_percentile_thresholds
1345,2025-12-11 17:02:32,2025-12-11 17:03:31,MEZCLA,False,37.23013980151044,0.9999999999999996,24,0,data_driven_global_percentile_thresholds
1346,2025-12-11 17:03:32,2025-12-11 17:04:31,MEZCLA,False,40.092295094609575,0.9999999999999996,24,0,data_driven_global_percentile_thresholds
1347,2025-12-11 17:04:32,2025-12-11 17:05:31,MEZCLA,False,37.313669700350765,0.9999999999999996,24,0,data_driven_global_percentile_thresholds
1348,2025-12-11 17:05:32,2025-12-11 17:06:31,MEZCLA,False,39.22586466965112,0.9999999999999996,24,0,data_driven_global_percentile_thresholds
1349,2025-12-11 17:06:32,2025-12-11 17:07:31,MEZCLA,False,37.82280013825341,0.9999999999999996,24,0,data_driven_global_percentile_thresholds
1350,2025-12-11 17:07:32,2025-12-11 17:08:31,MEZCLA,False,37.36089331061326,0.9999999999999996,24,0,data_driven_global_percentile_thresholds
1351,2025-12-11 17:08:32,2025-12-11 17:09:31,MEZCLA,False,33.91998141161599,0.9999999999999996,24,0,data_driven_global_percentile_thresholds
1352,2025-12-11 17:09:32,2025-12-11 17:10:31,MEZCLA,False,38.692772609156215,0.9999999999999996,24,0,data_driven_global_percentile_thresholds
1353,2025-12-11 17:10:32,2025-12-11 17:11:31,MEZCLA,False,38.61904784248547,0.9999999999999996,24,0,data_driven_global_percentile_thresholds
1354,2025-12-11 17:11:32,2025-12-11 17:12:31,MEZCLA,False,36.61266652375999,0.9999999999999996,24,0,data_driven_global_percentile_thresholds
1355,2025-12-11 17:12:32,2025-12-11 17:13:31,MEZCLA,False,38.25193305306695,0.9999999999999996,24,0,data_driven_global_percentile_thresholds
1356,2025-12-11 17:13:32,2025-12-11 17:14:31,MEZCLA,False,39.04664215678626,0.9999999999999996,24,0,data_driven_global_percentile_thresholds
1357,2025-12-11 17:14:32,2025-12-11 17:15:31,MEZCLA,False,39.34255588128202,0.9999999999999996,24,0,data_driven_global_percentile_thresholds
1358,2025-12-11 17:15:32,2025-12-11 17:16:31,MEZCLA,False,37.589153886473234,0.9999999999999996,24,0,data_driven_global_percentile_thresholds
1359,2025-12-11 17:16:32,2025-12-11 17:17:31,MEZCLA,False,35.99749309510565,0.9999999999999996,24,0,data_driven_global_percentile_thresholds
1360,2025-12-11 17:17:32,2025-12-11 17:18:31,MEZCLA,False,36.61399841635468,0.9999999999999996,24,0,data_driven_global_percentile_thresholds
1361,2025-12-11 17:18:32,2025-12-11 17:19:31,MEZCLA,False,34.86787740075562,0.9999999999999996,24,0,data_driven_global_percentile_thresholds
1362,2025-12-11 17:19:32,2025-12-11 17:20:31,MEZCLA,False,39.03932216848533,0.9999999999999996,24,0,data_driven_global_percentile_thresholds
1363,2025-12-11 17:20:32,2025-12-11 17:21:31,MEZCLA,False,36.353653800163904,0.9999999999999996,24,0,data_driven_global_percentile_thresholds
1364,2025-12-11 17:21:32,2025-12-11 17:22:31,MEZCLA,False,36.44793921141724,0.9999999999999996,24,0,data_driven_global_percentile_thresholds
1365,2025-12-11 17:22:32,2025-12-11 17:23:31,MEZCLA,False,38.29004269533065,0.9999999999999996,24,0,data_driven_global_percentile_thresholds
1366,2025-12-11 17:23:32,2025-12-11 17:24:31,MEZCLA,False,36.6428765397434,0.9999999999999996,24,0,data_driven_global_percentile_thresholds
1367,2025-12-11 17:24:32,2025-12-11 17:25:31,MEZCLA,False,34.67724938476712,0.9999999999999996,24,0,data_driven_global_percentile_thresholds
1368,2025-12-11 17:25:32,2025-12-11 17:26:31,MEZCLA,False,34.89327233214786,0.9999999999999996,24,0,data_driven_global_percentile_thresholds
1369,2025-12-11 17:26:32,2025-12-11 17:27:31,MEZCLA,False,40.33849493055996,0.9999999999999996,24,0,data_driven_global_percentile_thresholds
1370,2025-12-11 17:27:32,2025-12-11 17:28:31,MEZCLA,False,51.783136084115256,0.9999999999999996,24,0,data_driven_global_percentile_thresholds
1371,2025-12-11 17:28:32,2025-12-11 17:29:31,MEZCLA,False,49.91639679021369,0.9999999999999996,24,0,data_driven_global_percentile_thresholds
1372,2025-12-11 17:29:32,2025-12-11 17:30:31,MEZCLA,False,46.7121409198985,0.9999999999999996,24,0,data_driven_global_percentile_thresholds
1373,2025-12-11 17:30:32,2025-12-11 17:31:31,MEZCLA,False,37.14229702699601,0.9999999999999996,24,0,data_driven_global_percentile_thresholds
1374,2025-12-11 17:31:32,2025-12-11 17:32:31,MEZCLA,False,36.09749261587523,0.9999999999999996,24,0,data_driven_global_percentile_thresholds
1375,2025-12-11 17:32:32,2025-12-11 17:33:31,MEZCLA,False,35.95123934079445,0.9999999999999996,24,0,data_driven_global_percentile_thresholds
1376,2025-12-11 17:33:32,2025-12-11 17:34:31,MEZCLA,False,38.6415702409114,0.9999999999999996,24,0,data_driven_global_percentile_thresholds
1377,2025-12-11 17:34:32,2025-12-11 17:35:31,MEZCLA,False,39.69581156035275,0.9999999999999996,24,0,data_driven_global_percentile_thresholds
1378,2025-12-11 17:35:32,2025-12-11 17:36:31,MEZCLA,False,36.96897542617224,0.9999999999999996,24,0,data_driven_global_percentile_thresholds
1379,2025-12-11 17:36:32,2025-12-11 17:37:31,MEZCLA,False,35.31484070071405,0.9999999999999996,24,0,data_driven_global_percentile_thresholds
1380,2025-12-11 17:37:32,2025-12-11 17:38:31,MEZCLA,False,35.33672579257724,0.9999999999999996,24,0,data_driven_global_percentile_thresholds
1381,2025-12-11 17:38:32,2025-12-11 17:39:31,MEZCLA,False,35.52221206982094,0.9999999999999996,24,0,data_driven_global_percentile_thresholds
1382,2025-12-11 17:39:32,2025-12-11 17:40:31,MEZCLA,False,34.62808160886688,0.9999999999999996,24,0,data_driven_global_percentile_thresholds
1383,2025-12-11 17:40:32,2025-12-11 17:41:31,MEZCLA,False,41.20564958898165,0.9999999999999996,24,0,data_driven_global_percentile_thresholds
1384,2025-12-11 17:41:32,2025-12-11 17:42:31,MEZCLA,False,35.68117578084409,0.9999999999999996,24,0,data_driven_global_percentile_thresholds
1385,2025-12-11 17:42:32,2025-12-11 17:43:31,MEZCLA,False,39.716123273296965,0.9999999999999996,24,0,data_driven_global_percentile_thresholds
1386,2025-12-11 17:43:32,2025-12-11 17:44:31,MEZCLA,False,44.77306846828093,0.9999999999999996,24,0,data_driven_global_percentile_thresholds
1387,2025-12-11 17:44:32,2025-12-11 17:45:31,MEZCLA,False,38.66527879903205,0.9999999999999996,24,0,data_driven_global_percentile_thresholds
1388,2025-12-11 17:45:32,2025-12-11 17:46:31,MEZCLA,False,38.54804488307796,0.9999999999999996,24,0,data_driven_global_percentile_thresholds
1389,2025-12-11 17:46:32,2025-12-11 17:47:31,MEZCLA,False,36.51301056251656,0.9999999999999996,24,0,data_driven_global_percentile_thresholds
1390,2025-12-11 17:47:32,2025-12-11 17:48:31,MEZCLA,False,37.41023611618494,0.9999999999999996,24,0,data_driven_global_percentile_thresholds
1391,2025-12-11 17:48:32,2025-12-11 17:49:31,MEZCLA,False,38.602385297430814,0.9999999999999996,24,0,data_driven_global_percentile_thresholds
1392,2025-12-11 17:49:32,2025-12-11 17:50:31,MEZCLA,False,35.558953229214154,0.9999999999999996,24,0,data_driven_global_percentile_thresholds
1393,2025-12-11 17:50:32,2025-12-11 17:51:31,MEZCLA,False,38.353852336318006,0.9999999999999996,24,0,data_driven_global_percentile_thresholds
1394,2025-12-11 17:51:32,2025-12-11 17:52:31,MEZCLA,False,35.72651367918422,0.9999999999999996,24,0,data_driven_global_percentile_thresholds
1395,2025-12-11 17:52:32,2025-12-11 17:53:31,MEZCLA,False,33.20276790402128,0.9999999999999996,24,0,data_driven_global_percentile_thresholds
1396,2025-12-11 17:53:32,2025-12-11 17:54:31,MEZCLA,False,40.30920477300743,0.9999999999999996,24,0,data_driven_global_percentile_thresholds
1397,2025-12-11 17:54:32,2025-12-11 17:55:31,MEZCLA,False,39.0414459874815,0.9999999999999996,24,0,data_driven_global_percentile_thresholds
1398,2025-12-11 17:55:32,2025-12-11 17:56:31,MEZCLA,True,37.97455261441896,0.9999999999999996,24,0,data_driven_global_percentile_thresholds
1399,2025-12-11 17:56:32,2025-12-11 17:57:31,RUBIALES,True,35.49454913220643,0.9999999999999996,24,0,data_driven_global_percentile_thresholds
1400,2025-12-11 17:57:32,2025-12-11 17:58:31,RUBIALES,True,38.51679063877306,0.9999999999999996,24,0,data_driven_global_percentile_thresholds
1401,2025-12-11 17:58:32,2025-12-11 17:59:31,RUBIALES,False,36.56694588765674,0.9999999999999996,24,0,data_driven_global_percentile_thresholds
1402,2025-12-11 17:59:32,2025-12-11 18:00:31,RUBIALES,False,32.578911002912115,0.9999999999999996,24,0,data_driven_global_percentile_thresholds
1403,2025-12-11 18:00:32,2025-12-11 18:01:31,RUBIALES,False,35.93112381232947,0.9999999999999996,24,0,data_driven_global_percentile_thresholds
1404,2025-12-11 18:01:32,2025-12-11 18:02:31,RUBIALES,False,41.94002570963299,0.9999999999999996,24,0,data_driven_global_percentile_thresholds
1405,2025-12-11 18:02:32,2025-12-11 18:03:31,RUBIALES,False,37.04070429353595,0.9999999999999996,24,0,data_driven_global_percentile_thresholds
1406,2025-12-11 18:03:32,2025-12-11 18:04:31,RUBIALES,False,38.601061358665504,0.9999999999999996,24,0,data_driven_global_percentile_thresholds
1407,2025-12-11 18:04:32,2025-12-11 18:05:31,RUBIALES,False,36.27449251902745,0.9999999999999996,24,0,data_driven_global_percentile_thresholds
1408,2025-12-11 18:05:32,2025-12-11 18:06:31,RUBIALES,False,36.31445487324782,0.9999999999999996,24,0,data_driven_global_percentile_thresholds
1409,2025-12-11 18:06:32,2025-12-11 18:07:31,RUBIALES,False,37.55131581500799,0.9999999999999996,24,0,data_driven_global_percentile_thresholds
1410,2025-12-11 18:07:32,2025-12-11 18:08:31,RUBIALES,False,35.61129968094037,0.9999999999999996,24,0,data_driven_global_percentile_thresholds
1411,2025-12-11 18:08:32,2025-12-11 18:09:31,RUBIALES,False,35.09466177209467,0.9999999999999996,24,0,data_driven_global_percentile_thresholds
1412,2025-12-11 18:09:32,2025-12-11 18:10:31,RUBIALES,False,36.216854449132335,0.9999999999999996,24,0,data_driven_global_percentile_thresholds
1413,2025-12-11 18:10:32,2025-12-11 18:11:31,RUBIALES,False,39.1804959545912,0.9999999999999996,24,0,data_driven_global_percentile_thresholds
1414,2025-12-11 18:11:32,2025-12-11 18:12:31,RUBIALES,False,42.78669515284525,0.9999999999999996,24,0,data_driven_global_percentile_thresholds
1415,2025-12-11 18:12:32,2025-12-11 18:13:31,RUBIALES,False,37.54121554987004,0.9999999999999996,24,0,data_driven_global_percentile_thresholds
1416,2025-12-11 18:13:32,2025-12-11 18:14:31,RUBIALES,False,39.61018052763911,0.9999999999999996,24,0,data_driven_global_percentile_thresholds
1417,2025-12-11 18:14:32,2025-12-11 18:15:31,RUBIALES,False,38.85302071807411,0.9999999999999996,24,0,data_driven_global_percentile_thresholds
1418,2025-12-11 18:15:32,2025-12-11 18:16:31,RUBIALES,False,37.289810622422046,0.9999999999999996,24,0,data_driven_global_percentile_thresholds
1419,2025-12-11 18:16:32,2025-12-11 18:17:31,RUBIALES,False,35.76654242045559,0.9999999999999996,24,0,data_driven_global_percentile_thresholds
1420,2025-12-11 18:17:32,2025-12-11 18:18:31,RUBIALES,False,37.23179576123144,0.9999999999999996,24,0,data_driven_global_percentile_thresholds
1421,2025-12-11 18:18:32,2025-12-11 18:19:31,RUBIALES,False,34.664758750504454,0.9999999999999996,24,0,data_driven_global_percentile_thresholds
1422,2025-12-11 18:19:32,2025-12-11 18:20:31,RUBIALES,False,35.636590120766414,0.9999999999999996,24,0,data_driven_global_percentile_thresholds
1423,2025-12-11 18:20:32,2025-12-11 18:21:31,RUBIALES,False,36.461959734448655,0.9999999999999996,24,0,data_driven_global_percentile_thresholds
1424,2025-12-11 18:21:32,2025-12-11 18:22:31,RUBIALES,False,33.66451420729425,0.9999999999999996,24,0,data_driven_global_percentile_thresholds
1425,2025-12-11 18:22:32,2025-12-11 18:23:31,RUBIALES,False,33.00931249285985,0.9999999999999996,24,0,data_driven_global_percentile_thresholds
1426,2025-12-11 18:23:32,2025-12-11 18:24:31,RUBIALES,False,32.075495965827905,0.9999999999999996,24,0,data_driven_global_percentile_thresholds
1427,2025-12-11 18:24:32,2025-12-11 18:25:31,RUBIALES,False,35.74473617896593,0.9999999999999996,24,0,data_driven_global_percentile_thresholds
1428,2025-12-11 18:25:32,2025-12-11 18:26:31,RUBIALES,False,39.47480759440176,0.9999999999999996,24,0,data_driven_global_percentile_thresholds
1429,2025-12-11 18:26:32,2025-12-11 18:27:31,RUBIALES,False,38.4540416185172,0.9999999999999996,24,0,data_driven_global_percentile_thresholds
1430,2025-12-11 18:27:32,2025-12-11 18:28:31,RUBIALES,False,34.13117113286082,0.9999999999999996,24,0,data_driven_global_percentile_thresholds
1431,2025-12-11 18:28:32,2025-12-11 18:29:31,RUBIALES,False,32.78638261230821,0.9999999999999996,24,0,data_driven_global_percentile_thresholds
1432,2025-12-11 18:29:32,2025-12-11 18:30:31,RUBIALES,False,34.76465610765411,0.9999999999999996,24,0,data_driven_global_percentile_thresholds
1433,2025-12-11 18:30:32,2025-12-11 18:31:31,RUBIALES,False,33.99765061136864,0.9999999999999996,24,0,data_driven_global_percentile_thresholds
1434,2025-12-11 18:31:32,2025-12-11 18:32:31,RUBIALES,False,37.15290133385154,0.9999999999999996,24,0,data_driven_global_percentile_thresholds
1435,2025-12-11 18:32:32,2025-12-11 18:33:31,RUBIALES,False,47.4585493013774,0.9999999999999996,24,0,data_driven_global_percentile_thresholds
1436,2025-12-11 18:33:32,2025-12-11 18:34:31,RUBIALES,False,44.63326856985957,0.9999999999999996,24,0,data_driven_global_percentile_thresholds
1437,2025-12-11 18:34:32,2025-12-11 18:35:31,RUBIALES,False,42.673108200626814,0.9999999999999996,24,0,data_driven_global_percentile_thresholds
1438,2025-12-11 18:35:32,2025-12-11 18:36:31,RUBIALES,False,40.086186254109485,0.9999999999999996,24,0,data_driven_global_percentile_thresholds
1439,2025-12-11 18:36:32,2025-12-11 18:37:31,RUBIALES,False,35.6828705103133,0.9999999999999996,24,0,data_driven_global_percentile_thresholds
1440,2025-12-11 18:37:32,2025-12-11 18:38:31,RUBIALES,False,36.97083818610344,0.9999999999999996,24,0,data_driven_global_percentile_thresholds
1441,2025-12-11 18:38:32,2025-12-11 18:39:31,RUBIALES,False,37.855336719599975,0.9999999999999996,24,0,data_driven_global_percentile_thresholds
1442,2025-12-11 18:39:32,2025-12-11 18:40:31,RUBIALES,False,34.59714305463367,0.9999999999999996,24,0,data_driven_global_percentile_thresholds
1443,2025-12-11 18:40:32,2025-12-11 18:41:31,RUBIALES,False,37.51648698423195,0.9999999999999996,24,0,data_driven_global_percentile_thresholds
1444,2025-12-11 18:41:32,2025-12-11 18:42:31,RUBIALES,False,36.27784978230522,0.9999999999999996,24,0,data_driven_global_percentile_thresholds
1445,2025-12-11 18:42:32,2025-12-11 18:43:31,RUBIALES,False,37.26976413316284,0.9999999999999996,24,0,data_driven_global_percentile_thresholds
1446,2025-12-11 18:43:32,2025-12-11 18:44:31,RUBIALES,False,33.923927315290896,0.9999999999999996,24,0,data_driven_global_percentile_thresholds
1447,2025-12-11 18:44:32,2025-12-11 18:45:31,RUBIALES,False,34.961282379400096,0.9999999999999996,24,0,data_driven_global_percentile_thresholds
1448,2025-12-11 18:45:32,2025-12-11 18:46:31,RUBIALES,False,41.52702516303723,0.9999999999999996,24,0,data_driven_global_percentile_thresholds
1449,2025-12-11 18:46:32,2025-12-11 18:47:31,RUBIALES,False,37.71098665669476,0.9999999999999996,24,0,data_driven_global_percentile_thresholds
1450,2025-12-11 18:47:32,2025-12-11 18:48:31,RUBIALES,False,36.31679781424831,0.9999999999999996,24,0,data_driven_global_percentile_thresholds
1451,2025-12-11 18:48:32,2025-12-11 18:49:31,RUBIALES,False,34.962431238632846,0.9999999999999996,24,0,data_driven_global_percentile_thresholds
1452,2025-12-11 18:49:32,2025-12-11 18:50:31,RUBIALES,False,34.18055909312149,0.9999999999999996,24,0,data_driven_global_percentile_thresholds
1453,2025-12-11 18:50:32,2025-12-11 18:51:31,RUBIALES,False,31.004551140332108,0.9999999999999996,24,0,data_driven_global_percentile_thresholds
1454,2025-12-11 18:51:32,2025-12-11 18:52:31,RUBIALES,False,34.40741309110205,0.9999999999999996,24,0,data_driven_global_percentile_thresholds
1455,2025-12-11 18:52:32,2025-12-11 18:53:31,RUBIALES,False,33.164542728037354,0.9999999999999996,24,0,data_driven_global_percentile_thresholds
1456,2025-12-11 18:53:32,2025-12-11 18:54:31,RUBIALES,False,36.993500561701104,0.9999999999999996,24,0,data_driven_global_percentile_thresholds
1457,2025-12-11 18:54:32,2025-12-11 18:55:31,RUBIALES,False,34.49387602346938,0.9999999999999996,24,0,data_driven_global_percentile_thresholds
1458,2025-12-11 18:55:32,2025-12-11 18:56:31,RUBIALES,False,36.32219550315254,0.9999999999999996,24,0,data_driven_global_percentile_thresholds
1459,2025-12-11 18:56:32,2025-12-11 18:57:31,RUBIALES,False,35.44151204150266,0.9999999999999996,24,0,data_driven_global_percentile_thresholds
1460,2025-12-11 18:57:32,2025-12-11 18:58:31,RUBIALES,False,34.67909252656684,0.9999999999999996,24,0,data_driven_global_percentile_thresholds
1461,2025-12-11 18:58:32,2025-12-11 18:59:31,RUBIALES,False,33.64702485468603,0.9999999999999996,24,0,data_driven_global_percentile_thresholds
1462,2025-12-11 18:59:32,2025-12-11 19:00:31,RUBIALES,False,36.712516588685325,0.9999999999999996,24,0,data_driven_global_percentile_thresholds
1463,2025-12-11 19:00:32,2025-12-11 19:01:31,RUBIALES,False,32.69702158441162,0.9999999999999996,24,0,data_driven_global_percentile_thresholds
1464,2025-12-11 19:01:32,2025-12-11 19:02:31,RUBIALES,False,33.215368949242354,0.9999999999999996,24,0,data_driven_global_percentile_thresholds
1465,2025-12-11 19:02:32,2025-12-11 19:03:31,RUBIALES,False,35.04581013015439,0.9999999999999996,24,0,data_driven_global_percentile_thresholds
1466,2025-12-11 19:03:32,2025-12-11 19:04:31,RUBIALES,False,32.48878540777573,0.9999999999999996,24,0,data_driven_global_percentile_thresholds
1467,2025-12-11 19:04:32,2025-12-11 19:05:31,RUBIALES,False,32.87239779963785,0.9999999999999996,24,0,data_driven_global_percentile_thresholds
1468,2025-12-11 19:05:32,2025-12-11 19:06:12,RUBIALES,False,32.183132382966974,0.9999999999999996,24,0,data_driven_global_percentile_thresholds
