window_id,window_start,window_end,Batch,y_true_label,y_pred_label,prob_CASTILLA,prob_MEZCLA,prob_RUBIALES,confidence,margin_top2,is_correct,condition_index,assessment_method,condition_index_thresholded_global,assessment_method_thresholded_global,baseline_batch_used,condition_index_thresholded_by_batch,assessment_method_thresholded_by_batch,health_index_thresholded_by_batch,has_near_transition
0,2025-12-10 18:37:32,2025-12-10 18:38:31,RUBIALES,RUBIALES,RUBIALES,0.0178162269294261,0.0005290074623189,0.9816547632217408,0.9816547632217408,0.963838517665863,True,25.45030392178421,robust_percentile_fallback,22.04690984631084,data_driven_global_percentile_thresholds,RUBIALES,23.87915914407687,data_driven_batch_percentile_thresholds,76.12084085592313,False
1,2025-12-10 18:38:32,2025-12-10 18:39:31,RUBIALES,RUBIALES,RUBIALES,0.0032060693483799,0.0003453054523561,0.9964486360549928,0.9964486360549928,0.9932425618171692,True,26.760675536593887,robust_percentile_fallback,25.970893930608597,data_driven_global_percentile_thresholds,RUBIALES,27.217580278584705,data_driven_batch_percentile_thresholds,72.7824197214153,False
2,2025-12-10 18:39:32,2025-12-10 18:40:31,RUBIALES,RUBIALES,RUBIALES,0.0079448409378528,0.0004112901806365,0.9916438460350036,0.9916438460350036,0.9836990237236024,True,25.67321427245714,robust_percentile_fallback,21.885731712441697,data_driven_global_percentile_thresholds,RUBIALES,23.886713794433334,data_driven_batch_percentile_thresholds,76.11328620556667,False
3,2025-12-10 18:40:32,2025-12-10 18:41:31,RUBIALES,RUBIALES,RUBIALES,0.0105213122442364,0.0003591795102693,0.9891195297241212,0.9891195297241212,0.9785982370376588,True,26.28072809465076,robust_percentile_fallback,23.28593429702258,data_driven_global_percentile_thresholds,RUBIALES,25.65420958353704,data_driven_batch_percentile_thresholds,74.34579041646296,False
4,2025-12-10 18:41:32,2025-12-10 18:42:31,RUBIALES,RUBIALES,RUBIALES,0.0032280555460602,0.0005501587875187,0.9962217807769777,0.9962217807769777,0.992993712425232,True,26.06838362204534,robust_percentile_fallback,22.38204348602604,data_driven_global_percentile_thresholds,RUBIALES,23.80757107463548,data_driven_batch_percentile_thresholds,76.19242892536452,False
5,2025-12-10 18:42:32,2025-12-10 18:43:31,RUBIALES,RUBIALES,RUBIALES,0.0040266839787364,0.0011479621753096,0.9948253631591796,0.9948253631591796,0.9907986521720886,True,27.22277878604358,robust_percentile_fallback,25.16717507878365,data_driven_global_percentile_thresholds,RUBIALES,26.21945794933878,data_driven_batch_percentile_thresholds,73.78054205066123,False
6,2025-12-10 18:43:32,2025-12-10 18:44:31,RUBIALES,RUBIALES,RUBIALES,0.0114309219643473,0.0003051775274798,0.9882638454437256,0.9882638454437256,0.976832926273346,True,26.649336024057764,robust_percentile_fallback,24.065424914011704,data_driven_global_percentile_thresholds,RUBIALES,25.096287417190712,data_driven_batch_percentile_thresholds,74.90371258280929,False
7,2025-12-10 18:44:32,2025-12-10 18:45:31,RUBIALES,RUBIALES,RUBIALES,0.0055558141320943,0.0005179173313081,0.9939263463020324,0.9939263463020324,0.9883705377578736,True,25.572073561601208,robust_percentile_fallback,22.111088684923335,data_driven_global_percentile_thresholds,RUBIALES,23.44486392150478,data_driven_batch_percentile_thresholds,76.55513607849522,False
8,2025-12-10 18:45:32,2025-12-10 18:46:31,RUBIALES,RUBIALES,RUBIALES,0.0032049503643065,0.0002694388094823,0.9965255856513976,0.9965255856513976,0.993320643901825,True,25.041797226681467,robust_percentile_fallback,21.13007631936117,data_driven_global_percentile_thresholds,RUBIALES,22.111861234380083,data_driven_batch_percentile_thresholds,77.88813876561991,False
12,2025-12-10 18:49:32,2025-12-10 18:50:31,CASTILLA,CASTILLA,CASTILLA,0.9797837734222412,0.0011641113087534,0.019052155315876,0.9797837734222412,0.9607316255569458,True,26.41911990728948,robust_percentile_fallback,23.50237950373564,data_driven_global_percentile_thresholds,CASTILLA,52.25445162040741,data_driven_batch_percentile_thresholds,47.74554837959259,False
13,2025-12-10 18:50:32,2025-12-10 18:51:31,CASTILLA,CASTILLA,CASTILLA,0.9650668501853944,0.0005848027067258,0.0343483053147792,0.9650668501853944,0.9307185411453248,True,26.40759899116616,robust_percentile_fallback,22.6457359473294,data_driven_global_percentile_thresholds,CASTILLA,53.182762618783165,data_driven_batch_percentile_thresholds,46.817237381216835,False
14,2025-12-10 18:51:32,2025-12-10 18:52:31,CASTILLA,CASTILLA,CASTILLA,0.9978749752044678,0.0002116538234986,0.0019133470486849,0.9978749752044678,0.995961606502533,True,27.58773617044935,robust_percentile_fallback,24.956295040552,data_driven_global_percentile_thresholds,CASTILLA,55.237080611299874,data_driven_batch_percentile_thresholds,44.762919388700126,False
15,2025-12-10 18:52:32,2025-12-10 18:53:31,CASTILLA,CASTILLA,CASTILLA,0.998601734638214,0.0001383728958899,0.0012598449829965,0.998601734638214,0.9973418712615968,True,26.086666390066863,robust_percentile_fallback,22.42850864088264,data_driven_global_percentile_thresholds,CASTILLA,49.776149317633845,data_driven_batch_percentile_thresholds,50.223850682366155,False
16,2025-12-10 18:53:32,2025-12-10 18:54:31,CASTILLA,CASTILLA,CASTILLA,0.9860075116157532,0.0023942850530147,0.0115981353446841,0.9860075116157532,0.9744094014167786,True,26.03143619946661,robust_percentile_fallback,21.952325794935973,data_driven_global_percentile_thresholds,CASTILLA,51.63590306671789,data_driven_batch_percentile_thresholds,48.36409693328211,False
17,2025-12-10 18:54:32,2025-12-10 18:55:31,CASTILLA,CASTILLA,CASTILLA,0.999358594417572,7.154705235734582e-05,0.0005698782624676,0.999358594417572,0.9987887144088744,True,25.85804824380405,robust_percentile_fallback,20.182224977019665,data_driven_global_percentile_thresholds,CASTILLA,47.6538451275323,data_driven_batch_percentile_thresholds,52.3461548724677,False
18,2025-12-10 18:55:32,2025-12-10 18:56:31,CASTILLA,CASTILLA,CASTILLA,0.9958484172821044,0.0001098422944778,0.0040417648851871,0.9958484172821044,0.9918066263198853,True,25.67402882973752,robust_percentile_fallback,20.98560475226695,data_driven_global_percentile_thresholds,CASTILLA,48.315075844303344,data_driven_batch_percentile_thresholds,51.684924155696656,False
19,2025-12-10 18:56:32,2025-12-10 18:57:31,CASTILLA,CASTILLA,CASTILLA,0.9985163807868958,0.0001503546227468,0.0013333022361621,0.9985163807868958,0.997183084487915,True,26.80072234411377,robust_percentile_fallback,23.164912822253022,data_driven_global_percentile_thresholds,CASTILLA,52.70856162784108,data_driven_batch_percentile_thresholds,47.29143837215892,False
20,2025-12-10 18:57:32,2025-12-10 18:58:31,CASTILLA,CASTILLA,CASTILLA,0.999675154685974,9.203204535879196e-05,0.0002327827969565,0.999675154685974,0.9994423985481262,True,25.09897660709196,robust_percentile_fallback,19.53913682850968,data_driven_global_percentile_thresholds,CASTILLA,44.958531813947765,data_driven_batch_percentile_thresholds,55.041468186052235,False
21,2025-12-10 18:58:32,2025-12-10 18:59:31,CASTILLA,CASTILLA,CASTILLA,0.9971906542778016,0.0001156837388407,0.0026937050279229,0.9971906542778016,0.9944969415664672,True,24.731248205624645,robust_percentile_fallback,18.89548907213157,data_driven_global_percentile_thresholds,CASTILLA,44.38015322224676,data_driven_batch_percentile_thresholds,55.61984677775324,False
22,2025-12-10 18:59:32,2025-12-10 19:00:31,CASTILLA,CASTILLA,CASTILLA,0.9991090893745422,5.442318069981411e-05,0.000836445542518,0.9991090893745422,0.9982726573944092,True,24.82922144335525,robust_percentile_fallback,18.921675933328792,data_driven_global_percentile_thresholds,CASTILLA,43.113485104418544,data_driven_batch_percentile_thresholds,56.886514895581456,False
23,2025-12-10 19:00:32,2025-12-10 19:01:31,CASTILLA,CASTILLA,CASTILLA,0.9996445178985596,5.931005944148637e-05,0.0002962009457405,0.9996445178985596,0.9993483424186708,True,25.15895655196161,robust_percentile_fallback,20.748465706290656,data_driven_global_percentile_thresholds,CASTILLA,43.98321979619151,data_driven_batch_percentile_thresholds,56.01678020380849,False
24,2025-12-10 19:01:32,2025-12-10 19:02:31,CASTILLA,CASTILLA,CASTILLA,0.9993886947631836,9.176487219519912e-05,0.0005195448175072,0.9993886947631836,0.9988691210746764,True,25.966362539004106,robust_percentile_fallback,21.677166961570805,data_driven_global_percentile_thresholds,CASTILLA,48.49646261425153,data_driven_batch_percentile_thresholds,51.50353738574847,False
25,2025-12-10 19:02:32,2025-12-10 19:03:31,CASTILLA,CASTILLA,CASTILLA,0.9994105100631714,7.963451207615435e-05,0.0005099102854728,0.9994105100631714,0.998900592327118,True,24.33583251324237,robust_percentile_fallback,17.585990987934064,data_driven_global_percentile_thresholds,CASTILLA,42.211601445127656,data_driven_batch_percentile_thresholds,57.788398554872344,False
26,2025-12-10 19:03:32,2025-12-10 19:04:31,CASTILLA,CASTILLA,CASTILLA,0.99963116645813,6.764112913515419e-05,0.0003011728986166,0.99963116645813,0.9993299841880798,True,24.27765085371452,robust_percentile_fallback,17.756110807439207,data_driven_global_percentile_thresholds,CASTILLA,44.56321019999566,data_driven_batch_percentile_thresholds,55.43678980000434,False
27,2025-12-10 19:04:32,2025-12-10 19:05:31,CASTILLA,CASTILLA,CASTILLA,0.9997803568840028,8.053864439716563e-05,0.000139168521855,0.9997803568840028,0.999641180038452,True,24.975798392094497,robust_percentile_fallback,19.73218105021308,data_driven_global_percentile_thresholds,CASTILLA,42.8343987658659,data_driven_batch_percentile_thresholds,57.1656012341341,False
28,2025-12-10 19:05:32,2025-12-10 19:06:31,CASTILLA,CASTILLA,CASTILLA,0.9995904564857484,0.0001092227248591,0.0003003603778779,0.9995904564857484,0.9992901086807252,True,24.542587467937857,robust_percentile_fallback,18.07613833038629,data_driven_global_percentile_thresholds,CASTILLA,45.76963257692454,data_driven_batch_percentile_thresholds,54.23036742307546,False
29,2025-12-10 19:06:32,2025-12-10 19:07:31,CASTILLA,CASTILLA,CASTILLA,0.9998277425765992,6.666198169114068e-05,0.0001055443499353,0.9998277425765992,0.999722182750702,True,24.64246061846173,robust_percentile_fallback,17.903893800647218,data_driven_global_percentile_thresholds,CASTILLA,45.95137963580969,data_driven_batch_percentile_thresholds,54.04862036419031,False
30,2025-12-10 19:07:32,2025-12-10 19:08:31,CASTILLA,CASTILLA,CASTILLA,0.9997608065605164,9.348685125587508e-05,0.0001456597674405,0.9997608065605164,0.9996151328086852,True,26.14870448794607,robust_percentile_fallback,21.924015190256316,data_driven_global_percentile_thresholds,CASTILLA,50.29066085068872,data_driven_batch_percentile_thresholds,49.70933914931128,False
31,2025-12-10 19:08:32,2025-12-10 19:09:31,CASTILLA,CASTILLA,CASTILLA,0.999724805355072,6.697025673929602e-05,0.0002081885031657,0.999724805355072,0.9995166063308716,True,24.07917661745708,robust_percentile_fallback,17.299982471009283,data_driven_global_percentile_thresholds,CASTILLA,42.70774256907232,data_driven_batch_percentile_thresholds,57.29225743092768,False
32,2025-12-10 19:09:32,2025-12-10 19:10:31,CASTILLA,CASTILLA,CASTILLA,0.9998445510864258,6.359969120239839e-05,9.182896610582247e-05,0.9998445510864258,0.9997527003288268,True,24.77777415806583,robust_percentile_fallback,18.78677568462284,data_driven_global_percentile_thresholds,CASTILLA,42.98861505516449,data_driven_batch_percentile_thresholds,57.01138494483551,False
33,2025-12-10 19:10:32,2025-12-10 19:11:31,CASTILLA,CASTILLA,CASTILLA,0.999664068222046,9.393785876454784e-05,0.0002419527299934,0.999664068222046,0.9994221329689026,True,23.790205617189724,robust_percentile_fallback,15.664390228918505,data_driven_global_percentile_thresholds,CASTILLA,41.66360811572443,data_driven_batch_percentile_thresholds,58.33639188427557,False
34,2025-12-10 19:11:32,2025-12-10 19:12:31,CASTILLA,CASTILLA,CASTILLA,0.9998409748077391,6.80110024404712e-05,9.102664625970648e-05,0.9998409748077391,0.9997499585151672,True,24.490422717880403,robust_percentile_fallback,17.082321560242523,data_driven_global_percentile_thresholds,CASTILLA,43.5605230103145,data_driven_batch_percentile_thresholds,56.4394769896855,False
35,2025-12-10 19:12:32,2025-12-10 19:13:31,CASTILLA,CASTILLA,CASTILLA,0.9998193383216858,7.257812103489414e-05,0.0001081229274859,0.9998193383216858,0.9997112154960632,True,23.74833768811989,robust_percentile_fallback,16.526331769193916,data_driven_global_percentile_thresholds,CASTILLA,39.78237296221349,data_driven_batch_percentile_thresholds,60.21762703778651,False
36,2025-12-10 19:13:32,2025-12-10 19:14:31,CASTILLA,CASTILLA,CASTILLA,0.9997883439064026,0.0001003806537482,0.0001113197795348,0.9997883439064026,0.9996770024299622,True,24.497895481794576,robust_percentile_fallback,18.90537702411112,data_driven_global_percentile_thresholds,CASTILLA,45.155034951030366,data_driven_batch_percentile_thresholds,54.844965048969634,False
37,2025-12-10 19:14:32,2025-12-10 19:15:31,CASTILLA,CASTILLA,CASTILLA,0.9996309280395508,0.0001353053812636,0.0002337593177799,0.9996309280395508,0.9993971586227416,True,24.25439870454275,robust_percentile_fallback,17.077387898640914,data_driven_global_percentile_thresholds,CASTILLA,42.88832971858231,data_driven_batch_percentile_thresholds,57.11167028141769,False
38,2025-12-10 19:15:32,2025-12-10 19:16:31,CASTILLA,CASTILLA,CASTILLA,0.9995515942573548,8.653037366457283e-05,0.0003618804912548,0.9995515942573548,0.9991897344589232,True,24.016981415648928,robust_percentile_fallback,17.24949668269252,data_driven_global_percentile_thresholds,CASTILLA,41.2396817608977,data_driven_batch_percentile_thresholds,58.7603182391023,False
39,2025-12-10 19:16:32,2025-12-10 19:17:31,CASTILLA,CASTILLA,CASTILLA,0.99969220161438,0.0001328186481259,0.0001749524963088,0.99969220161438,0.999517261981964,True,25.66109260192312,robust_percentile_fallback,20.181710035269678,data_driven_global_percentile_thresholds,CASTILLA,47.44435876406481,data_driven_batch_percentile_thresholds,52.55564123593519,False
40,2025-12-10 19:17:32,2025-12-10 19:18:31,CASTILLA,CASTILLA,CASTILLA,0.9998168349266052,8.161246660165489e-05,0.0001015348461805,0.9998168349266052,0.9997153282165528,True,23.648625501521096,robust_percentile_fallback,16.029276326185094,data_driven_global_percentile_thresholds,CASTILLA,41.11588109951983,data_driven_batch_percentile_thresholds,58.88411890048017,False
41,2025-12-10 19:18:32,2025-12-10 19:19:31,CASTILLA,CASTILLA,CASTILLA,0.9996845722198486,0.0001376950094709,0.0001777326833689,0.9996845722198486,0.9995068311691284,True,24.773147805520512,robust_percentile_fallback,16.761778658427627,data_driven_global_percentile_thresholds,CASTILLA,43.786879106210414,data_driven_batch_percentile_thresholds,56.213120893789586,False
42,2025-12-10 19:19:32,2025-12-10 19:20:31,CASTILLA,CASTILLA,CASTILLA,0.9996631145477296,0.0001337309076916,0.0002031049953075,0.9996631145477296,0.999459981918335,True,24.67442297274247,robust_percentile_fallback,17.26285442530918,data_driven_global_percentile_thresholds,CASTILLA,46.031855477601184,data_driven_batch_percentile_thresholds,53.968144522398816,False
43,2025-12-10 19:20:32,2025-12-10 19:21:31,CASTILLA,CASTILLA,CASTILLA,0.9997792840003968,0.0001059091591741,0.000114871902042,0.9997792840003968,0.9996644258499146,True,25.82785341248259,robust_percentile_fallback,20.85094355696021,data_driven_global_percentile_thresholds,CASTILLA,49.54645277841456,data_driven_batch_percentile_thresholds,50.45354722158544,False
44,2025-12-10 19:21:32,2025-12-10 19:22:31,CASTILLA,CASTILLA,CASTILLA,0.999685764312744,0.0001308047940256,0.0001834314025472,0.999685764312744,0.9995023608207704,True,25.04954244351776,robust_percentile_fallback,17.9891888387697,data_driven_global_percentile_thresholds,CASTILLA,46.98115648874447,data_driven_batch_percentile_thresholds,53.01884351125553,False
45,2025-12-10 19:22:32,2025-12-10 19:23:31,CASTILLA,CASTILLA,CASTILLA,0.9998143315315248,8.953818178270012e-05,9.609591506887229e-05,0.9998143315315248,0.9997182488441468,True,25.483199228767383,robust_percentile_fallback,19.933242261087067,data_driven_global_percentile_thresholds,CASTILLA,46.37938064156801,data_driven_batch_percentile_thresholds,53.62061935843199,False
46,2025-12-10 19:23:32,2025-12-10 19:24:31,CASTILLA,CASTILLA,CASTILLA,0.9997935891151428,0.0001156912912847,9.067975042853504e-05,0.9997935891151428,0.9996778964996338,True,25.88500415019297,robust_percentile_fallback,20.791451319360792,data_driven_global_percentile_thresholds,CASTILLA,48.18869909645116,data_driven_batch_percentile_thresholds,51.81130090354884,False
47,2025-12-10 19:24:32,2025-12-10 19:25:31,CASTILLA,CASTILLA,CASTILLA,0.9998194575309752,7.667891622986645e-05,0.0001038397094816,0.9998194575309752,0.9997156262397766,True,23.45643746497364,robust_percentile_fallback,14.71979849502129,data_driven_global_percentile_thresholds,CASTILLA,38.10335082105578,data_driven_batch_percentile_thresholds,61.89664917894422,False
48,2025-12-10 19:25:32,2025-12-10 19:26:31,CASTILLA,CASTILLA,CASTILLA,0.9996554851531982,0.0001291662920266,0.0002152982051484,0.9996554851531982,0.9994401931762696,True,23.141854001943496,robust_percentile_fallback,14.230151466651389,data_driven_global_percentile_thresholds,CASTILLA,37.423760644029166,data_driven_batch_percentile_thresholds,62.576239355970834,False
49,2025-12-10 19:26:32,2025-12-10 19:27:31,CASTILLA,CASTILLA,CASTILLA,0.9998279809951782,6.962120096432045e-05,0.00010240937263,0.9998279809951782,0.999725580215454,True,23.07447539037605,robust_percentile_fallback,13.9509333061068,data_driven_global_percentile_thresholds,CASTILLA,35.58019689618117,data_driven_batch_percentile_thresholds,64.41980310381882,False
50,2025-12-10 19:27:32,2025-12-10 19:28:31,CASTILLA,CASTILLA,CASTILLA,0.9997921586036682,8.635570702608675e-05,0.0001215150550706,0.9997921586036682,0.9996706247329712,True,23.66082107691144,robust_percentile_fallback,15.393098448535326,data_driven_global_percentile_thresholds,CASTILLA,37.748068940253006,data_driven_batch_percentile_thresholds,62.251931059746994,False
51,2025-12-10 19:28:32,2025-12-10 19:29:31,CASTILLA,CASTILLA,CASTILLA,0.9998440742492676,6.929647497599944e-05,8.664893539389595e-05,0.9998440742492676,0.9997574090957642,True,23.22345981303524,robust_percentile_fallback,14.041630924201954,data_driven_global_percentile_thresholds,CASTILLA,34.23290404473082,data_driven_batch_percentile_thresholds,65.76709595526918,False
52,2025-12-10 19:29:32,2025-12-10 19:30:31,CASTILLA,CASTILLA,CASTILLA,0.9998223185539246,7.647946767974645e-05,0.0001012742941384,0.9998223185539246,0.9997210502624512,True,23.43171452392391,robust_percentile_fallback,15.413491297843796,data_driven_global_percentile_thresholds,CASTILLA,37.57268948570392,data_driven_batch_percentile_thresholds,62.42731051429608,False
53,2025-12-10 19:30:32,2025-12-10 19:31:31,CASTILLA,CASTILLA,CASTILLA,0.999768316745758,6.900680455146357e-05,0.0001627107558306,0.999768316745758,0.9996055960655212,True,23.350627915153723,robust_percentile_fallback,14.25992585268841,data_driven_global_percentile_thresholds,CASTILLA,37.919094630764775,data_driven_batch_percentile_thresholds,62.080905369235225,False
54,2025-12-10 19:31:32,2025-12-10 19:32:31,CASTILLA,CASTILLA,CASTILLA,0.999807059764862,9.330519242212176e-05,9.963517368305476e-05,0.999807059764862,0.9997074007987976,True,22.14602180885232,robust_percentile_fallback,11.79242511551522,data_driven_global_percentile_thresholds,CASTILLA,34.39137222466527,data_driven_batch_percentile_thresholds,65.60862777533472,False
55,2025-12-10 19:32:32,2025-12-10 19:33:31,CASTILLA,CASTILLA,CASTILLA,0.999631643295288,0.0001403240021318,0.0002279789041494,0.999631643295288,0.9994036555290222,True,23.003675935433076,robust_percentile_fallback,13.067506431830752,data_driven_global_percentile_thresholds,CASTILLA,39.13963294214529,data_driven_batch_percentile_thresholds,60.86036705785471,False
56,2025-12-10 19:33:32,2025-12-10 19:34:31,CASTILLA,CASTILLA,CASTILLA,0.9998387098312378,7.588626613141969e-05,8.535043889423832e-05,0.9998387098312378,0.9997533559799194,True,26.18629880988119,robust_percentile_fallback,18.5576529784809,data_driven_global_percentile_thresholds,CASTILLA,44.00223990505805,data_driven_batch_percentile_thresholds,55.99776009494195,False
57,2025-12-10 19:34:32,2025-12-10 19:35:31,CASTILLA,CASTILLA,CASTILLA,0.9998182654380798,9.593183494871482e-05,8.578772394685075e-05,0.9998182654380798,0.9997223615646362,True,24.07046177343124,robust_percentile_fallback,15.627088110556564,data_driven_global_percentile_thresholds,CASTILLA,40.51888884971784,data_driven_batch_percentile_thresholds,59.48111115028216,False
58,2025-12-10 19:35:32,2025-12-10 19:36:31,CASTILLA,CASTILLA,CASTILLA,0.9998283386230468,7.495212048524991e-05,9.663968376116828e-05,0.9998283386230468,0.999731719493866,True,22.64659695224332,robust_percentile_fallback,12.31864551523288,data_driven_global_percentile_thresholds,CASTILLA,36.06676809821308,data_driven_batch_percentile_thresholds,63.93323190178692,False
59,2025-12-10 19:36:32,2025-12-10 19:37:31,CASTILLA,CASTILLA,CASTILLA,0.9998372793197632,7.834695861674845e-05,8.439168595941737e-05,0.9998372793197632,0.9997528791427612,True,23.23449341418397,robust_percentile_fallback,13.29355110846015,data_driven_global_percentile_thresholds,CASTILLA,36.93766497660972,data_driven_batch_percentile_thresholds,63.06233502339028,False
60,2025-12-10 19:37:32,2025-12-10 19:38:31,CASTILLA,CASTILLA,CASTILLA,0.9998020529747008,9.67960586422123e-05,0.0001011326821753,0.9998020529747008,0.9997009038925172,True,22.344081151427076,robust_percentile_fallback,11.92292660275543,data_driven_global_percentile_thresholds,CASTILLA,35.308047717889465,data_driven_batch_percentile_thresholds,64.69195228211053,False
61,2025-12-10 19:38:32,2025-12-10 19:39:31,CASTILLA,CASTILLA,CASTILLA,0.999626874923706,0.0001585454738233,0.0002145926409866,0.999626874923706,0.9994122982025146,True,24.26287016459232,robust_percentile_fallback,16.581228052874962,data_driven_global_percentile_thresholds,CASTILLA,42.11283474062493,data_driven_batch_percentile_thresholds,57.88716525937507,False
62,2025-12-10 19:39:32,2025-12-10 19:40:31,CASTILLA,CASTILLA,CASTILLA,0.9997574687004088,0.0001089636934921,0.000133620633278,0.9997574687004088,0.9996238350868224,True,23.941847938084745,robust_percentile_fallback,14.46771663051406,data_driven_global_percentile_thresholds,CASTILLA,39.628570823484495,data_driven_batch_percentile_thresholds,60.371429176515505,False
63,2025-12-10 19:40:32,2025-12-10 19:41:31,CASTILLA,CASTILLA,CASTILLA,0.9998140931129456,9.30728201637976e-05,9.289033187087624e-05,0.9998140931129456,0.9997209906578064,True,22.6046538310639,robust_percentile_fallback,12.438866769162116,data_driven_global_percentile_thresholds,CASTILLA,36.62149060402764,data_driven_batch_percentile_thresholds,63.37850939597236,False
64,2025-12-10 19:41:32,2025-12-10 19:42:31,CASTILLA,CASTILLA,CASTILLA,0.999804675579071,9.527381916996092e-05,0.0001001163254841,0.999804675579071,0.9997045397758484,True,22.67952306853653,robust_percentile_fallback,13.147789580821463,data_driven_global_percentile_thresholds,CASTILLA,35.400066707123706,data_driven_batch_percentile_thresholds,64.5999332928763,False
65,2025-12-10 19:42:32,2025-12-10 19:43:31,CASTILLA,CASTILLA,CASTILLA,0.9998148083686828,9.503085311735048e-05,9.016718831844628e-05,0.9998148083686828,0.9997197985649108,True,22.529768114721755,robust_percentile_fallback,11.879557540782669,data_driven_global_percentile_thresholds,CASTILLA,33.86377488906277,data_driven_batch_percentile_thresholds,66.13622511093723,False
66,2025-12-10 19:43:32,2025-12-10 19:44:31,CASTILLA,CASTILLA,CASTILLA,0.9997089505195618,0.0001709710777504,0.0001200827318825,0.9997089505195618,0.999538004398346,True,23.591552726438305,robust_percentile_fallback,15.083641720168004,data_driven_global_percentile_thresholds,CASTILLA,38.51493429352668,data_driven_batch_percentile_thresholds,61.48506570647332,False
67,2025-12-10 19:44:32,2025-12-10 19:45:31,CASTILLA,CASTILLA,CASTILLA,0.9997140765190125,0.0001381937327096,0.0001476968609495,0.9997140765190125,0.999566376209259,True,23.495998176489437,robust_percentile_fallback,14.65032905833852,data_driven_global_percentile_thresholds,CASTILLA,39.026433019901866,data_driven_batch_percentile_thresholds,60.973566980098134,False
68,2025-12-10 19:45:32,2025-12-10 19:46:31,CASTILLA,CASTILLA,CASTILLA,0.9998119473457336,9.411856444785371e-05,9.392479114467278e-05,0.9998119473457336,0.9997178316116332,True,23.26287973007333,robust_percentile_fallback,14.283236293742542,data_driven_global_percentile_thresholds,CASTILLA,36.34609420719668,data_driven_batch_percentile_thresholds,63.65390579280332,False
69,2025-12-10 19:46:32,2025-12-10 19:47:31,CASTILLA,CASTILLA,CASTILLA,0.9998323917388916,8.430600428255275e-05,8.325772068928927e-05,0.9998323917388916,0.9997481107711792,True,23.49203642772952,robust_percentile_fallback,14.997227954291034,data_driven_global_percentile_thresholds,CASTILLA,37.44648093740509,data_driven_batch_percentile_thresholds,62.55351906259491,False
70,2025-12-10 19:47:32,2025-12-10 19:48:31,CASTILLA,CASTILLA,CASTILLA,0.9998047947883606,9.929762745741756e-05,9.587045497028156e-05,0.9998047947883606,0.9997054934501648,True,22.50762559646619,robust_percentile_fallback,12.714853516815689,data_driven_global_percentile_thresholds,CASTILLA,34.599648514434,data_driven_batch_percentile_thresholds,65.400351485566,False
71,2025-12-10 19:48:32,2025-12-10 19:49:31,CASTILLA,CASTILLA,CASTILLA,0.9998592138290404,7.401184848276898e-05,6.676701741525903e-05,0.9998592138290404,0.9997851848602296,True,22.891878862455894,robust_percentile_fallback,13.03552902481004,data_driven_global_percentile_thresholds,CASTILLA,35.108193003393566,data_driven_batch_percentile_thresholds,64.89180699660643,False
72,2025-12-10 19:49:32,2025-12-10 19:50:31,CASTILLA,CASTILLA,CASTILLA,0.9998323917388916,9.75866787484847e-05,7.004253711784258e-05,0.9998323917388916,0.9997348189353944,True,23.284719746525397,robust_percentile_fallback,13.7396534555145,data_driven_global_percentile_thresholds,CASTILLA,36.84318026816041,data_driven_batch_percentile_thresholds,63.15681973183959,False
73,2025-12-10 19:50:32,2025-12-10 19:51:31,CASTILLA,CASTILLA,CASTILLA,0.9998277425765992,9.174513979814948e-05,8.045233698794618e-05,0.9998277425765992,0.9997360110282898,True,22.41494176424701,robust_percentile_fallback,12.250830670990783,data_driven_global_percentile_thresholds,CASTILLA,33.30513055114557,data_driven_batch_percentile_thresholds,66.69486944885443,False
74,2025-12-10 19:51:32,2025-12-10 19:52:31,CASTILLA,CASTILLA,CASTILLA,0.9998513460159302,6.594711885554716e-05,8.268561941804364e-05,0.9998513460159302,0.9997686743736268,True,22.090061773075547,robust_percentile_fallback,11.711069847510569,data_driven_global_percentile_thresholds,CASTILLA,30.08981098964714,data_driven_batch_percentile_thresholds,69.91018901035287,False
75,2025-12-10 19:52:32,2025-12-10 19:53:31,CASTILLA,CASTILLA,CASTILLA,0.9998432397842408,8.081053965725005e-05,7.58745227358304e-05,0.9998432397842408,0.9997624158859252,True,22.025978454174133,robust_percentile_fallback,11.909156057982692,data_driven_global_percentile_thresholds,CASTILLA,32.18080852203406,data_driven_batch_percentile_thresholds,67.81919147796594,False
76,2025-12-10 19:53:32,2025-12-10 19:54:31,CASTILLA,CASTILLA,CASTILLA,0.9996769428253174,0.0001589140010764,0.000164103024872,0.9996769428253174,0.9995128512382508,True,23.89546163491898,robust_percentile_fallback,14.185791524116524,data_driven_global_percentile_thresholds,CASTILLA,39.22866837529008,data_driven_batch_percentile_thresholds,60.77133162470992,False
77,2025-12-10 19:54:32,2025-12-10 19:55:31,CASTILLA,CASTILLA,CASTILLA,0.9997977614402772,0.0001194998767459,8.276828157249838e-05,0.9997977614402772,0.9996782541275024,True,22.17586482806525,robust_percentile_fallback,12.467626819812027,data_driven_global_percentile_thresholds,CASTILLA,34.570640316873416,data_driven_batch_percentile_thresholds,65.42935968312659,False
78,2025-12-10 19:55:32,2025-12-10 19:56:31,CASTILLA,CASTILLA,CASTILLA,0.9998297691345216,8.400418300880119e-05,8.614829857833683e-05,0.9998297691345216,0.999743640422821,True,22.42768563119208,robust_percentile_fallback,12.734750999568734,data_driven_global_percentile_thresholds,CASTILLA,33.17967536477389,data_driven_batch_percentile_thresholds,66.82032463522611,False
79,2025-12-10 19:56:32,2025-12-10 19:57:31,CASTILLA,CASTILLA,CASTILLA,0.999790370464325,0.0001283016754314,8.131764479912817e-05,0.999790370464325,0.9996620416641236,True,22.763591735471284,robust_percentile_fallback,13.48505902493971,data_driven_global_percentile_thresholds,CASTILLA,33.106088722738825,data_driven_batch_percentile_thresholds,66.89391127726117,False
80,2025-12-10 19:57:32,2025-12-10 19:58:31,CASTILLA,CASTILLA,CASTILLA,0.9998440742492676,8.153953967848793e-05,7.431017729686573e-05,0.9998440742492676,0.9997625350952148,True,22.810036806892438,robust_percentile_fallback,12.5133509579215,data_driven_global_percentile_thresholds,CASTILLA,29.061723225783457,data_driven_batch_percentile_thresholds,70.93827677421655,False
81,2025-12-10 19:58:32,2025-12-10 19:59:31,CASTILLA,CASTILLA,CASTILLA,0.9998584985733032,7.623929559485987e-05,6.519954331452027e-05,0.9998584985733032,0.9997822642326356,True,23.19204709025912,robust_percentile_fallback,15.042434542613316,data_driven_global_percentile_thresholds,CASTILLA,35.34463697864969,data_driven_batch_percentile_thresholds,64.65536302135031,False
82,2025-12-10 19:59:32,2025-12-10 20:00:31,CASTILLA,CASTILLA,CASTILLA,0.9997857213020324,0.0001152958575403,9.89652326097712e-05,0.9997857213020324,0.9996704459190368,True,23.612735451726632,robust_percentile_fallback,15.543512350738204,data_driven_global_percentile_thresholds,CASTILLA,33.66722801328029,data_driven_batch_percentile_thresholds,66.3327719867197,False
83,2025-12-10 20:00:32,2025-12-10 20:01:31,CASTILLA,CASTILLA,CASTILLA,0.9998455047607422,8.389518188778311e-05,7.052632281556726e-05,0.9998455047607422,0.9997615814208984,True,23.80781747323628,robust_percentile_fallback,15.44169087737811,data_driven_global_percentile_thresholds,CASTILLA,34.47554823294293,data_driven_batch_percentile_thresholds,65.52445176705707,False
84,2025-12-10 20:01:32,2025-12-10 20:02:31,CASTILLA,CASTILLA,CASTILLA,0.999847173690796,6.880235741846263e-05,8.399739454034716e-05,0.999847173690796,0.9997631907463074,True,20.26120182881081,robust_percentile_fallback,9.604668906087497,data_driven_global_percentile_thresholds,CASTILLA,21.72386419629379,data_driven_batch_percentile_thresholds,78.27613580370621,False
85,2025-12-10 20:02:32,2025-12-10 20:03:31,CASTILLA,CASTILLA,CASTILLA,0.9998407363891602,7.280046702362597e-05,8.646135393064469e-05,0.9998407363891602,0.9997542500495912,True,19.50080725773565,robust_percentile_fallback,8.054320135173546,data_driven_global_percentile_thresholds,CASTILLA,16.856278792066693,data_driven_batch_percentile_thresholds,83.14372120793331,False
86,2025-12-10 20:03:32,2025-12-10 20:04:31,CASTILLA,CASTILLA,CASTILLA,0.9997865557670592,0.0001084358882508,0.0001050177015713,0.9997865557670592,0.9996781349182128,True,20.99701914287124,robust_percentile_fallback,10.680578465844889,data_driven_global_percentile_thresholds,CASTILLA,22.122894896220185,data_driven_batch_percentile_thresholds,77.87710510377981,False
87,2025-12-10 20:04:32,2025-12-10 20:05:31,CASTILLA,CASTILLA,CASTILLA,0.9998475313186646,8.062160486588255e-05,7.180727698141709e-05,0.9998475313186646,0.9997668862342834,True,20.07837172045002,robust_percentile_fallback,9.728415943777277,data_driven_global_percentile_thresholds,CASTILLA,18.610298938664265,data_driven_batch_percentile_thresholds,81.38970106133573,False
88,2025-12-10 20:05:32,2025-12-10 20:06:31,CASTILLA,CASTILLA,CASTILLA,0.9998250603675842,9.755469363881276e-05,7.737882697256282e-05,0.9998250603675842,0.9997274875640868,True,21.095490534830063,robust_percentile_fallback,11.637704092803975,data_driven_global_percentile_thresholds,CASTILLA,20.85571228825214,data_driven_batch_percentile_thresholds,79.14428771174786,False
89,2025-12-10 20:06:32,2025-12-10 20:07:31,CASTILLA,CASTILLA,CASTILLA,0.9997482895851136,0.0001559147785883,9.575010335538536e-05,0.9997482895851136,0.9995923638343812,True,20.828643169027004,robust_percentile_fallback,9.891329026996532,data_driven_global_percentile_thresholds,CASTILLA,21.55803286598509,data_driven_batch_percentile_thresholds,78.4419671340149,False
90,2025-12-10 20:07:32,2025-12-10 20:08:31,CASTILLA,CASTILLA,CASTILLA,0.9998014569282532,0.0001221526763401,7.641050615347922e-05,0.9998014569282532,0.9996793270111084,True,20.522066789011387,robust_percentile_fallback,9.2840955577853,data_driven_global_percentile_thresholds,CASTILLA,22.25317499582588,data_driven_batch_percentile_thresholds,77.74682500417413,False
91,2025-12-10 20:08:32,2025-12-10 20:09:31,CASTILLA,CASTILLA,CASTILLA,0.9998335838317872,9.681702795205638e-05,6.959224992897362e-05,0.9998335838317872,0.999736785888672,True,19.648014783105445,robust_percentile_fallback,8.442908959236958,data_driven_global_percentile_thresholds,CASTILLA,17.285049333979906,data_driven_batch_percentile_thresholds,82.71495066602009,False
92,2025-12-10 20:09:32,2025-12-10 20:10:31,CASTILLA,CASTILLA,CASTILLA,0.99983012676239,0.0001017756585497,6.811216735513881e-05,0.99983012676239,0.9997283220291138,True,20.071313458074385,robust_percentile_fallback,8.883028611031511,data_driven_global_percentile_thresholds,CASTILLA,20.43005899317963,data_driven_batch_percentile_thresholds,79.56994100682037,False
93,2025-12-10 20:10:32,2025-12-10 20:11:31,CASTILLA,CASTILLA,CASTILLA,0.999804437160492,0.0001123195033869,8.321522182086483e-05,0.999804437160492,0.9996921420097352,True,19.91851691851239,robust_percentile_fallback,8.965942759035915,data_driven_global_percentile_thresholds,CASTILLA,19.241622041132008,data_driven_batch_percentile_thresholds,80.758377958868,False
94,2025-12-10 20:11:32,2025-12-10 20:12:31,CASTILLA,CASTILLA,CASTILLA,0.9998127818107604,0.0001071137667167,8.014374907361344e-05,0.9998127818107604,0.9997056722640992,True,19.397969219558185,robust_percentile_fallback,8.853349147332857,data_driven_global_percentile_thresholds,CASTILLA,17.79360248452237,data_driven_batch_percentile_thresholds,82.20639751547763,False
95,2025-12-10 20:12:32,2025-12-10 20:13:31,CASTILLA,CASTILLA,CASTILLA,0.9998243451118468,0.0001038355549098,7.186472794273868e-05,0.9998243451118468,0.9997205138206482,True,19.467635927996685,robust_percentile_fallback,7.90006127267377,data_driven_global_percentile_thresholds,CASTILLA,17.68561705350932,data_driven_batch_percentile_thresholds,82.31438294649068,False
96,2025-12-10 20:13:32,2025-12-10 20:14:31,CASTILLA,CASTILLA,CASTILLA,0.9998111128807068,0.0001091050289687,7.980376540217549e-05,0.9998111128807068,0.9997020363807678,True,19.14663603519924,robust_percentile_fallback,8.731904544620619,data_driven_global_percentile_thresholds,CASTILLA,17.31154896507705,data_driven_batch_percentile_thresholds,82.68845103492295,False
97,2025-12-10 20:14:32,2025-12-10 20:15:31,CASTILLA,CASTILLA,CASTILLA,0.9998254179954528,0.0001012907378026,7.327389175770804e-05,0.9998254179954528,0.9997241497039796,True,20.33161490524004,robust_percentile_fallback,11.562905070825815,data_driven_global_percentile_thresholds,CASTILLA,18.936427199717755,data_driven_batch_percentile_thresholds,81.06357280028224,False
98,2025-12-10 20:15:32,2025-12-10 20:16:31,CASTILLA,CASTILLA,CASTILLA,0.9998186230659484,0.0001146074500866,6.677080091321841e-05,0.9998186230659484,0.9997040033340454,True,21.416915405282165,robust_percentile_fallback,11.89651736424619,data_driven_global_percentile_thresholds,CASTILLA,24.21422223104175,data_driven_batch_percentile_thresholds,75.78577776895825,False
99,2025-12-10 20:16:32,2025-12-10 20:17:31,CASTILLA,CASTILLA,CASTILLA,0.999832272529602,0.0001021076823235,6.563966599060223e-05,0.999832272529602,0.9997301697731018,True,21.374471159433423,robust_percentile_fallback,12.671348257895932,data_driven_global_percentile_thresholds,CASTILLA,23.929690627047083,data_driven_batch_percentile_thresholds,76.07030937295292,False
100,2025-12-10 20:17:32,2025-12-10 20:18:31,CASTILLA,CASTILLA,CASTILLA,0.9998294115066528,0.0001057362460414,6.481439777417108e-05,0.9998294115066528,0.9997236728668212,True,20.482660051280394,robust_percentile_fallback,11.913872379321669,data_driven_global_percentile_thresholds,CASTILLA,20.383852491625568,data_driven_batch_percentile_thresholds,79.61614750837444,False
101,2025-12-10 20:18:32,2025-12-10 20:19:31,CASTILLA,CASTILLA,CASTILLA,0.999806821346283,0.0001126832648878,8.057481318246573e-05,0.999806821346283,0.9996941089630128,True,20.932986551125563,robust_percentile_fallback,12.45981414746758,data_driven_global_percentile_thresholds,CASTILLA,20.721826439878544,data_driven_batch_percentile_thresholds,79.27817356012146,False
102,2025-12-10 20:19:32,2025-12-10 20:20:31,CASTILLA,CASTILLA,CASTILLA,0.9997970461845398,0.0001189241884276,8.401648665312678e-05,0.9997970461845398,0.9996781349182128,True,21.445481975320508,robust_percentile_fallback,12.77304034006284,data_driven_global_percentile_thresholds,CASTILLA,25.982831850037837,data_driven_batch_percentile_thresholds,74.01716814996216,False
103,2025-12-10 20:20:32,2025-12-10 20:21:31,CASTILLA,CASTILLA,CASTILLA,0.99982750415802,0.0001085563199012,6.385915912687778e-05,0.99982750415802,0.999718964099884,True,21.62230080992088,robust_percentile_fallback,13.008708799924436,data_driven_global_percentile_thresholds,CASTILLA,25.825749361344823,data_driven_batch_percentile_thresholds,74.17425063865518,False
104,2025-12-10 20:21:32,2025-12-10 20:22:31,CASTILLA,CASTILLA,CASTILLA,0.9998123049736024,0.0001198777245008,6.786417361581698e-05,0.9998123049736024,0.999692440032959,True,20.55881811243608,robust_percentile_fallback,11.263151038778195,data_driven_global_percentile_thresholds,CASTILLA,19.930398020146296,data_driven_batch_percentile_thresholds,80.0696019798537,False
105,2025-12-10 20:22:32,2025-12-10 20:23:31,CASTILLA,CASTILLA,CASTILLA,0.9998164772987366,0.0001118030704674,7.175288192229345e-05,0.9998164772987366,0.999704658985138,True,20.28127115431354,robust_percentile_fallback,10.756144792188174,data_driven_global_percentile_thresholds,CASTILLA,18.524546966168213,data_driven_batch_percentile_thresholds,81.47545303383178,False
106,2025-12-10 20:23:32,2025-12-10 20:24:31,CASTILLA,CASTILLA,CASTILLA,0.999832272529602,0.0001004366858978,6.728694279445335e-05,0.999832272529602,0.9997318387031556,True,20.82920024180445,robust_percentile_fallback,12.551053176189829,data_driven_global_percentile_thresholds,CASTILLA,22.756718958375384,data_driven_batch_percentile_thresholds,77.24328104162461,False
107,2025-12-10 20:24:32,2025-12-10 20:25:31,CASTILLA,CASTILLA,CASTILLA,0.9998127818107604,0.0001179272221634,6.934064731467515e-05,0.9998127818107604,0.9996948838233948,True,19.074983482788333,robust_percentile_fallback,9.272261206372342,data_driven_global_percentile_thresholds,CASTILLA,13.131942453269303,data_driven_batch_percentile_thresholds,86.8680575467307,False
108,2025-12-10 20:25:32,2025-12-10 20:26:31,CASTILLA,CASTILLA,CASTILLA,0.99982351064682,0.0001057559857144,7.079647184582427e-05,0.99982351064682,0.9997177720069884,True,19.186370955478505,robust_percentile_fallback,9.16872028017287,data_driven_global_percentile_thresholds,CASTILLA,14.608328877021856,data_driven_batch_percentile_thresholds,85.39167112297814,False
109,2025-12-10 20:26:32,2025-12-10 20:27:31,CASTILLA,CASTILLA,CASTILLA,0.999794065952301,0.0001312225504079,7.475823076674715e-05,0.999794065952301,0.9996628165245056,True,19.9441897381711,robust_percentile_fallback,10.5773283891856,data_driven_global_percentile_thresholds,CASTILLA,14.10074382951994,data_driven_batch_percentile_thresholds,85.89925617048006,False
110,2025-12-10 20:27:32,2025-12-10 20:28:31,CASTILLA,CASTILLA,CASTILLA,0.9998143315315248,0.0001179872488137,6.772117194486782e-05,0.9998143315315248,0.9996963739395142,True,19.110214646173635,robust_percentile_fallback,9.890462452807729,data_driven_global_percentile_thresholds,CASTILLA,13.578146633800197,data_driven_batch_percentile_thresholds,86.4218533661998,False
111,2025-12-10 20:28:32,2025-12-10 20:29:31,CASTILLA,CASTILLA,CASTILLA,0.999817430973053,0.0001055493994499,7.702843868173659e-05,0.999817430973053,0.9997118711471558,True,18.26188044077909,robust_percentile_fallback,7.855854232465265,data_driven_global_percentile_thresholds,CASTILLA,10.218625899445469,data_driven_batch_percentile_thresholds,89.78137410055453,False
112,2025-12-10 20:29:32,2025-12-10 20:30:31,CASTILLA,CASTILLA,CASTILLA,0.999789535999298,0.000125732680317,8.469950989820063e-05,0.999789535999298,0.9996638298034668,True,17.8879024133634,robust_percentile_fallback,7.257156721546843,data_driven_global_percentile_thresholds,CASTILLA,13.883856042304323,data_driven_batch_percentile_thresholds,86.11614395769567,False
113,2025-12-10 20:30:32,2025-12-10 20:31:31,CASTILLA,CASTILLA,CASTILLA,0.9998273253440856,0.0001015420057228,7.12209366611205e-05,0.9998273253440856,0.9997257590293884,True,18.658135259847867,robust_percentile_fallback,8.239304537567445,data_driven_global_percentile_thresholds,CASTILLA,14.672927416539205,data_driven_batch_percentile_thresholds,85.32707258346079,False
114,2025-12-10 20:31:32,2025-12-10 20:32:31,CASTILLA,CASTILLA,CASTILLA,0.9997863173484802,0.0001400837354594,7.363796612480655e-05,0.9997863173484802,0.999646246433258,True,18.547992011349194,robust_percentile_fallback,8.088243170103977,data_driven_global_percentile_thresholds,CASTILLA,12.579265542942252,data_driven_batch_percentile_thresholds,87.42073445705775,False
115,2025-12-10 20:32:32,2025-12-10 20:33:31,CASTILLA,CASTILLA,CASTILLA,0.9998199343681335,0.0001097980421036,7.023663783911616e-05,0.9998199343681335,0.9997101426124572,True,16.741120468650276,robust_percentile_fallback,6.306968506221232,data_driven_global_percentile_thresholds,CASTILLA,8.518026233409984,data_driven_batch_percentile_thresholds,91.48197376659002,False
116,2025-12-10 20:33:32,2025-12-10 20:34:31,CASTILLA,CASTILLA,CASTILLA,0.9998252987861632,0.0001050320934155,6.967759691178799e-05,0.9998252987861632,0.9997202754020692,True,16.895869919816608,robust_percentile_fallback,7.80119987842868,data_driven_global_percentile_thresholds,CASTILLA,7.415138929715256,data_driven_batch_percentile_thresholds,92.58486107028475,False
117,2025-12-10 20:34:32,2025-12-10 20:35:31,CASTILLA,CASTILLA,CASTILLA,0.999783217906952,0.0001468263508286,6.996738375164568e-05,0.999783217906952,0.99963641166687,True,17.440914987034,robust_percentile_fallback,9.069289117858029,data_driven_global_percentile_thresholds,CASTILLA,10.547850759183222,data_driven_batch_percentile_thresholds,89.45214924081678,False
118,2025-12-10 20:35:32,2025-12-10 20:36:31,CASTILLA,CASTILLA,CASTILLA,0.9998212456703186,0.0001116786006605,6.707918510073796e-05,0.9998212456703186,0.9997095465660096,True,18.395968991456435,robust_percentile_fallback,10.388561031894668,data_driven_global_percentile_thresholds,CASTILLA,13.730376886068653,data_driven_batch_percentile_thresholds,86.26962311393135,False
119,2025-12-10 20:36:32,2025-12-10 20:37:31,CASTILLA,CASTILLA,CASTILLA,0.9997851252555848,0.0001485459069954,6.63783575873822e-05,0.9997851252555848,0.9996365904808044,True,16.081777326669776,robust_percentile_fallback,6.374979499999224,data_driven_global_percentile_thresholds,CASTILLA,7.741581453364257,data_driven_batch_percentile_thresholds,92.25841854663574,False
120,2025-12-10 20:37:32,2025-12-10 20:38:31,CASTILLA,CASTILLA,CASTILLA,0.9997941851615906,0.000135857015266,6.9942201662343e-05,0.9997941851615906,0.9996583461761476,True,17.417135383561618,robust_percentile_fallback,10.885463414440016,data_driven_global_percentile_thresholds,CASTILLA,12.471105703339576,data_driven_batch_percentile_thresholds,87.52889429666043,False
121,2025-12-10 20:38:32,2025-12-10 20:39:31,CASTILLA,CASTILLA,CASTILLA,0.999792754650116,0.0001392425911035,6.804228905821219e-05,0.999792754650116,0.9996535181999208,True,17.05598557871777,robust_percentile_fallback,8.097463051019073,data_driven_global_percentile_thresholds,CASTILLA,8.322867138636056,data_driven_batch_percentile_thresholds,91.67713286136394,False
122,2025-12-10 20:39:32,2025-12-10 20:40:31,CASTILLA,CASTILLA,CASTILLA,0.9997509121894836,0.000182679403224,6.642573134740815e-05,0.9997509121894836,0.9995682239532472,True,18.28997685472316,robust_percentile_fallback,10.995911955656206,data_driven_global_percentile_thresholds,CASTILLA,11.09577971897779,data_driven_batch_percentile_thresholds,88.9042202810222,False
123,2025-12-10 20:40:32,2025-12-10 20:41:31,CASTILLA,CASTILLA,CASTILLA,0.9997499585151672,0.0001711934601189,7.880070188548416e-05,0.9997499585151672,0.9995787739753724,True,16.996597832817166,robust_percentile_fallback,9.483204577246385,data_driven_global_percentile_thresholds,CASTILLA,7.06369532660278,data_driven_batch_percentile_thresholds,92.93630467339722,False
124,2025-12-10 20:41:32,2025-12-10 20:42:31,CASTILLA,CASTILLA,CASTILLA,0.9997588992118835,0.0001703546149656,7.069677667459473e-05,0.9997588992118835,0.9995885491371156,True,16.933318680517026,robust_percentile_fallback,10.720704940998802,data_driven_global_percentile_thresholds,CASTILLA,8.469735105837582,data_driven_batch_percentile_thresholds,91.53026489416241,False
125,2025-12-10 20:42:32,2025-12-10 20:43:31,CASTILLA,CASTILLA,CASTILLA,0.9997660517692566,0.0001552067697048,7.879724580561742e-05,0.9997660517692566,0.9996108412742616,True,16.601138895045185,robust_percentile_fallback,8.821618426634146,data_driven_global_percentile_thresholds,CASTILLA,9.069016720405235,data_driven_batch_percentile_thresholds,90.93098327959477,False
126,2025-12-10 20:43:32,2025-12-10 20:44:31,CASTILLA,CASTILLA,CASTILLA,0.9997920393943788,0.0001391982805216,6.879593274788931e-05,0.9997920393943788,0.999652862548828,True,17.162075901629123,robust_percentile_fallback,9.881091219497597,data_driven_global_percentile_thresholds,CASTILLA,9.15344766446281,data_driven_batch_percentile_thresholds,90.84655233553718,False
127,2025-12-10 20:44:32,2025-12-10 20:45:31,CASTILLA,CASTILLA,CASTILLA,0.999784767627716,0.0001430469710612,7.225703302538022e-05,0.999784767627716,0.9996417164802552,True,16.613884832076312,robust_percentile_fallback,8.553007478856975,data_driven_global_percentile_thresholds,CASTILLA,8.407914202100683,data_driven_batch_percentile_thresholds,91.59208579789932,False
128,2025-12-10 20:45:32,2025-12-10 20:46:31,CASTILLA,CASTILLA,CASTILLA,0.9998142123222352,0.0001148148003267,7.101449591573328e-05,0.9998142123222352,0.9996994137763976,True,16.30122206350814,robust_percentile_fallback,9.621075629232964,data_driven_global_percentile_thresholds,CASTILLA,7.417823560051447,data_driven_batch_percentile_thresholds,92.58217643994855,False
129,2025-12-10 20:46:32,2025-12-10 20:47:31,CASTILLA,CASTILLA,CASTILLA,0.9996091723442078,0.0003119445173069,7.885463128332049e-05,0.9996091723442078,0.9992972016334534,True,15.409782009287737,robust_percentile_fallback,7.836984464694695,data_driven_global_percentile_thresholds,CASTILLA,6.784789646362671,data_driven_batch_percentile_thresholds,93.21521035363733,False
130,2025-12-10 20:47:32,2025-12-10 20:48:31,CASTILLA,CASTILLA,CASTILLA,0.9998030066490172,0.0001198766040033,7.712928345426917e-05,0.9998030066490172,0.999683141708374,True,16.95352567552565,robust_percentile_fallback,10.562429276237738,data_driven_global_percentile_thresholds,CASTILLA,9.041034756105644,data_driven_batch_percentile_thresholds,90.95896524389435,False
131,2025-12-10 20:48:32,2025-12-10 20:49:31,CASTILLA,CASTILLA,CASTILLA,0.9997765421867372,0.0001462620130041,7.716255640843883e-05,0.9997765421867372,0.9996302723884584,True,17.68177978396604,robust_percentile_fallback,11.503733247621238,data_driven_global_percentile_thresholds,CASTILLA,12.880404030326828,data_driven_batch_percentile_thresholds,87.11959596967317,False
132,2025-12-10 20:49:32,2025-12-10 20:50:31,CASTILLA,CASTILLA,CASTILLA,0.9997937083244324,0.0001367210061289,6.960035534575582e-05,0.9997937083244324,0.9996569752693176,True,17.63065710460614,robust_percentile_fallback,12.162505235496145,data_driven_global_percentile_thresholds,CASTILLA,13.59831884976887,data_driven_batch_percentile_thresholds,86.40168115023113,False
133,2025-12-10 20:50:32,2025-12-10 20:51:31,CASTILLA,CASTILLA,CASTILLA,0.9997485280036926,0.0001637992390897,8.767741383053362e-05,0.9997485280036926,0.99958473443985,True,17.33615516329888,robust_percentile_fallback,10.514439525658126,data_driven_global_percentile_thresholds,CASTILLA,13.001814637349131,data_driven_batch_percentile_thresholds,86.99818536265087,False
134,2025-12-10 20:51:32,2025-12-10 20:52:31,CASTILLA,CASTILLA,CASTILLA,0.9998225569725036,0.0001191902993014,5.830344161950052e-05,0.9998225569725036,0.9997033476829528,True,18.096131247071455,robust_percentile_fallback,13.05060319869203,data_driven_global_percentile_thresholds,CASTILLA,12.54227522184454,data_driven_batch_percentile_thresholds,87.45772477815547,False
135,2025-12-10 20:52:32,2025-12-10 20:53:31,CASTILLA,CASTILLA,CASTILLA,0.999792754650116,0.0001405052898917,6.675010081380606e-05,0.999792754650116,0.9996522665023804,True,19.007780962358957,robust_percentile_fallback,14.693442619544006,data_driven_global_percentile_thresholds,CASTILLA,15.92109319257071,data_driven_batch_percentile_thresholds,84.07890680742929,False
136,2025-12-10 20:53:32,2025-12-10 20:54:31,CASTILLA,CASTILLA,CASTILLA,0.999783217906952,0.0001473620795877,6.94691261742264e-05,0.999783217906952,0.9996358752250672,True,18.124521673712017,robust_percentile_fallback,12.403371722564287,data_driven_global_percentile_thresholds,CASTILLA,12.793297212128335,data_driven_batch_percentile_thresholds,87.20670278787166,False
137,2025-12-10 20:54:32,2025-12-10 20:55:31,CASTILLA,CASTILLA,CASTILLA,0.9997562766075134,0.0001714176905807,7.228950562421232e-05,0.9997562766075134,0.9995848536491394,True,17.722647550434125,robust_percentile_fallback,11.5918695636203,data_driven_global_percentile_thresholds,CASTILLA,9.28598254876544,data_driven_batch_percentile_thresholds,90.71401745123455,False
138,2025-12-10 20:55:32,2025-12-10 20:56:31,CASTILLA,CASTILLA,CASTILLA,0.9998003840446472,0.0001272378722205,7.242905121529475e-05,0.9998003840446472,0.9996731281280518,True,15.98854605223644,robust_percentile_fallback,9.338429188100688,data_driven_global_percentile_thresholds,CASTILLA,8.603827152983612,data_driven_batch_percentile_thresholds,91.39617284701639,False
139,2025-12-10 20:56:32,2025-12-10 20:57:31,CASTILLA,CASTILLA,CASTILLA,0.9997748732566832,0.0001468773698434,7.825723150745034e-05,0.9997748732566832,0.9996280074119568,True,17.361869652885634,robust_percentile_fallback,10.858298023713992,data_driven_global_percentile_thresholds,CASTILLA,8.855397889220752,data_driven_batch_percentile_thresholds,91.14460211077925,False
140,2025-12-10 20:57:32,2025-12-10 20:58:31,CASTILLA,CASTILLA,CASTILLA,0.9998075366020204,0.000127782463096,6.475885311374441e-05,0.9998075366020204,0.9996797442436218,True,16.726026394475273,robust_percentile_fallback,9.892091300472536,data_driven_global_percentile_thresholds,CASTILLA,8.657202273906174,data_driven_batch_percentile_thresholds,91.34279772609382,False
141,2025-12-10 20:58:32,2025-12-10 20:59:31,CASTILLA,CASTILLA,CASTILLA,0.9997921586036682,0.0001289850042667,7.882244972279295e-05,0.9997921586036682,0.9996631741523744,True,16.389905083463724,robust_percentile_fallback,9.00427994393383,data_driven_global_percentile_thresholds,CASTILLA,7.69896709339531,data_driven_batch_percentile_thresholds,92.30103290660469,False
142,2025-12-10 20:59:32,2025-12-10 21:00:31,CASTILLA,CASTILLA,CASTILLA,0.9997803568840028,0.0001483346859458,7.136321801226586e-05,0.9997803568840028,0.9996320009231568,True,15.99274071632674,robust_percentile_fallback,8.182374174073257,data_driven_global_percentile_thresholds,CASTILLA,7.487682886650089,data_driven_batch_percentile_thresholds,92.51231711334991,False
143,2025-12-10 21:00:32,2025-12-10 21:01:31,CASTILLA,CASTILLA,CASTILLA,0.9997888207435608,0.0001417567254975,6.942830805201083e-05,0.9997888207435608,0.9996470808982848,True,16.77298061063445,robust_percentile_fallback,10.269775925339298,data_driven_global_percentile_thresholds,CASTILLA,10.151095335004406,data_driven_batch_percentile_thresholds,89.84890466499559,False
144,2025-12-10 21:01:32,2025-12-10 21:02:31,CASTILLA,CASTILLA,CASTILLA,0.9986580610275269,0.0010710118804126,0.0002709378313738,0.9986580610275269,0.997587025165558,True,16.687804386447496,robust_percentile_fallback,11.716885557993464,data_driven_global_percentile_thresholds,CASTILLA,9.45543046242556,data_driven_batch_percentile_thresholds,90.54456953757443,False
145,2025-12-10 21:02:32,2025-12-10 21:03:31,CASTILLA,CASTILLA,CASTILLA,0.9998024106025696,0.0001355348504148,6.212538573890924e-05,0.9998024106025696,0.9996668696403505,True,15.970389511955826,robust_percentile_fallback,10.988588678685286,data_driven_global_percentile_thresholds,CASTILLA,10.352254812039968,data_driven_batch_percentile_thresholds,89.64774518796003,False
146,2025-12-10 21:03:32,2025-12-10 21:04:31,CASTILLA,CASTILLA,CASTILLA,0.9997568726539612,0.0001679942652117,7.511498552048579e-05,0.9997568726539612,0.999588906764984,True,16.691816833963372,robust_percentile_fallback,11.701789459457904,data_driven_global_percentile_thresholds,CASTILLA,8.654246708398189,data_driven_batch_percentile_thresholds,91.34575329160181,False
147,2025-12-10 21:04:32,2025-12-10 21:05:31,CASTILLA,CASTILLA,CASTILLA,0.9997531771659852,0.0001806237123673,6.622550426982343e-05,0.9997531771659852,0.9995725750923156,True,16.070386875243198,robust_percentile_fallback,11.635333777073932,data_driven_global_percentile_thresholds,CASTILLA,7.437849534323949,data_driven_batch_percentile_thresholds,92.56215046567605,False
148,2025-12-10 21:05:32,2025-12-10 21:06:31,CASTILLA,CASTILLA,CASTILLA,0.9994677901268004,0.0004122169630136,0.000120061544294,0.9994677901268004,0.999055564403534,True,15.08778677088377,robust_percentile_fallback,9.848740336287229,data_driven_global_percentile_thresholds,CASTILLA,8.473381269440768,data_driven_batch_percentile_thresholds,91.52661873055924,False
149,2025-12-10 21:06:32,2025-12-10 21:07:31,CASTILLA,CASTILLA,CASTILLA,0.9993460774421692,0.0005416058120317,0.0001122616959037,0.9993460774421692,0.9988044500350952,True,14.984721557322391,robust_percentile_fallback,9.827663679143322,data_driven_global_percentile_thresholds,CASTILLA,8.36519394453152,data_driven_batch_percentile_thresholds,91.63480605546849,False
150,2025-12-10 21:07:32,2025-12-10 21:08:31,CASTILLA,CASTILLA,CASTILLA,0.9996045231819152,0.000286630121991,0.0001089234356186,0.9996045231819152,0.9993178844451904,True,17.71880062179097,robust_percentile_fallback,14.489610766396428,data_driven_global_percentile_thresholds,CASTILLA,14.477957849478758,data_driven_batch_percentile_thresholds,85.52204215052124,False
151,2025-12-10 21:08:32,2025-12-10 21:09:31,CASTILLA,CASTILLA,CASTILLA,0.9996100068092346,0.000289899558993,0.0001000866177491,0.9996100068092346,0.9993200898170472,True,18.02020152287656,robust_percentile_fallback,15.245974542876963,data_driven_global_percentile_thresholds,CASTILLA,15.417206634002897,data_driven_batch_percentile_thresholds,84.5827933659971,False
152,2025-12-10 21:09:32,2025-12-10 21:10:31,CASTILLA,CASTILLA,CASTILLA,0.9997263550758362,0.000192381121451,8.127065666485578e-05,0.9997263550758362,0.9995339512825012,True,17.99862944230236,robust_percentile_fallback,16.74459694311746,data_driven_global_percentile_thresholds,CASTILLA,15.56905032000981,data_driven_batch_percentile_thresholds,84.43094967999019,False
153,2025-12-10 21:10:32,2025-12-10 21:11:31,CASTILLA,CASTILLA,CASTILLA,0.9996438026428224,0.0002646977663971,9.146707452600822e-05,0.9996438026428224,0.9993790984153748,True,16.24383896531111,robust_percentile_fallback,12.988845771571794,data_driven_global_percentile_thresholds,CASTILLA,9.975482007177789,data_driven_batch_percentile_thresholds,90.02451799282221,False
154,2025-12-10 21:11:32,2025-12-10 21:12:31,CASTILLA,CASTILLA,CASTILLA,0.9997463822364808,0.0001699683634797,8.366986003238708e-05,0.9997463822364808,0.9995763897895812,True,15.727986624557182,robust_percentile_fallback,12.64749183112434,data_driven_global_percentile_thresholds,CASTILLA,8.090165889497307,data_driven_batch_percentile_thresholds,91.90983411050269,False
155,2025-12-10 21:12:32,2025-12-10 21:13:31,CASTILLA,CASTILLA,CASTILLA,0.99892395734787,0.0008622352033853,0.0002137976844096,0.99892395734787,0.9980617165565492,True,16.27141019431404,robust_percentile_fallback,14.192078141177726,data_driven_global_percentile_thresholds,CASTILLA,12.303295878439368,data_driven_batch_percentile_thresholds,87.69670412156063,False
156,2025-12-10 21:13:32,2025-12-10 21:14:31,CASTILLA,CASTILLA,CASTILLA,0.9997102618217468,0.0002273951104143,6.232123996596783e-05,0.9997102618217468,0.9994828701019288,True,16.991992871748796,robust_percentile_fallback,15.551711786574629,data_driven_global_percentile_thresholds,CASTILLA,13.32364666691958,data_driven_batch_percentile_thresholds,86.67635333308041,False
157,2025-12-10 21:14:32,2025-12-10 21:15:31,CASTILLA,CASTILLA,CASTILLA,0.9994434714317322,0.0004739943251479,8.247236110037193e-05,0.9994434714317322,0.9989694952964784,True,15.584793918841658,robust_percentile_fallback,12.37312197651079,data_driven_global_percentile_thresholds,CASTILLA,11.235690024711388,data_driven_batch_percentile_thresholds,88.76430997528861,False
158,2025-12-10 21:15:32,2025-12-10 21:16:31,CASTILLA,CASTILLA,CASTILLA,0.999692678451538,0.0002285270165884,7.879671466071159e-05,0.999692678451538,0.9994641542434692,True,17.48098700493513,robust_percentile_fallback,16.240001467150872,data_driven_global_percentile_thresholds,CASTILLA,14.305537700525065,data_driven_batch_percentile_thresholds,85.69446229947494,False
159,2025-12-10 21:16:32,2025-12-10 21:17:31,CASTILLA,CASTILLA,CASTILLA,0.999668836593628,0.0002422729739919,8.889152377378196e-05,0.999668836593628,0.999426543712616,True,16.908999852917844,robust_percentile_fallback,14.112036223438372,data_driven_global_percentile_thresholds,CASTILLA,14.04962057138436,data_driven_batch_percentile_thresholds,85.95037942861563,False
160,2025-12-10 21:17:32,2025-12-10 21:18:31,CASTILLA,CASTILLA,CASTILLA,0.9994155168533324,0.0004724437312688,0.0001120006418204,0.9994155168533324,0.9989430904388428,True,17.90095980928971,robust_percentile_fallback,15.343576823262104,data_driven_global_percentile_thresholds,CASTILLA,15.833972376808742,data_driven_batch_percentile_thresholds,84.16602762319125,False
161,2025-12-10 21:18:32,2025-12-10 21:19:31,CASTILLA,CASTILLA,CASTILLA,0.9995792508125304,0.0003575017908588,6.32468072581105e-05,0.9995792508125304,0.9992217421531676,True,17.19507937168733,robust_percentile_fallback,15.31389904130936,data_driven_global_percentile_thresholds,CASTILLA,13.570939944050494,data_driven_batch_percentile_thresholds,86.4290600559495,False
162,2025-12-10 21:19:32,2025-12-10 21:20:31,CASTILLA,CASTILLA,CASTILLA,0.9998053908348083,0.0001312510721618,6.338315870380029e-05,0.9998053908348083,0.9996741414070128,True,16.65810072643815,robust_percentile_fallback,14.71948449586677,data_driven_global_percentile_thresholds,CASTILLA,13.515384676800648,data_driven_batch_percentile_thresholds,86.48461532319935,False
163,2025-12-10 21:20:32,2025-12-10 21:21:31,CASTILLA,CASTILLA,CASTILLA,0.998284876346588,0.0014450163580477,0.000270116928732,0.998284876346588,0.9968398809432985,True,16.120324917692617,robust_percentile_fallback,15.849426801363723,data_driven_global_percentile_thresholds,CASTILLA,13.31916517243924,data_driven_batch_percentile_thresholds,86.68083482756076,False
164,2025-12-10 21:21:32,2025-12-10 21:22:31,CASTILLA,CASTILLA,CASTILLA,0.99948251247406,0.000400215270929,0.0001172668416984,0.99948251247406,0.999082326889038,True,15.846317123674888,robust_percentile_fallback,14.553148565872434,data_driven_global_percentile_thresholds,CASTILLA,16.74649536609403,data_driven_batch_percentile_thresholds,83.25350463390598,False
165,2025-12-10 21:22:32,2025-12-10 21:23:31,CASTILLA,CASTILLA,CASTILLA,0.9996423721313475,0.0002389085129834,0.000118715550343,0.9996423721313475,0.999403476715088,True,15.951104225454127,robust_percentile_fallback,14.630509667901986,data_driven_global_percentile_thresholds,CASTILLA,16.245358257543494,data_driven_batch_percentile_thresholds,83.7546417424565,False
166,2025-12-10 21:23:32,2025-12-10 21:24:31,CASTILLA,CASTILLA,CASTILLA,0.9997273087501526,0.0001703765301499,0.0001023132572299,0.9997273087501526,0.9995569586753844,True,16.557511397648973,robust_percentile_fallback,16.236089772618666,data_driven_global_percentile_thresholds,CASTILLA,15.042239707126898,data_driven_batch_percentile_thresholds,84.9577602928731,False
167,2025-12-10 21:24:32,2025-12-10 21:25:31,CASTILLA,CASTILLA,CASTILLA,0.9996957778930664,0.0002114608505507,9.279240475734696e-05,0.9996957778930664,0.9994843006134032,True,16.290714904317163,robust_percentile_fallback,14.930999050304864,data_driven_global_percentile_thresholds,CASTILLA,17.52926681039056,data_driven_batch_percentile_thresholds,82.47073318960943,False
168,2025-12-10 21:25:32,2025-12-10 21:26:31,CASTILLA,CASTILLA,CASTILLA,0.9997525811195374,0.0001700354041531,7.734466635156423e-05,0.9997525811195374,0.9995825290679932,True,15.858465169765006,robust_percentile_fallback,13.874967006104596,data_driven_global_percentile_thresholds,CASTILLA,15.47431816585496,data_driven_batch_percentile_thresholds,84.52568183414505,False
169,2025-12-10 21:26:32,2025-12-10 21:27:31,CASTILLA,CASTILLA,CASTILLA,0.9997352957725524,0.0001912547013489,7.341599120991305e-05,0.9997352957725524,0.9995440244674684,True,15.74631732296336,robust_percentile_fallback,16.06636835825636,data_driven_global_percentile_thresholds,CASTILLA,13.0307974048251,data_driven_batch_percentile_thresholds,86.9692025951749,False
170,2025-12-10 21:27:32,2025-12-10 21:28:31,CASTILLA,CASTILLA,CASTILLA,0.9996898174285888,0.0002217927540186,8.836881897877902e-05,0.9996898174285888,0.9994680285453796,True,15.24162947572974,robust_percentile_fallback,13.4701269913553,data_driven_global_percentile_thresholds,CASTILLA,10.8354314428762,data_driven_batch_percentile_thresholds,89.1645685571238,False
171,2025-12-10 21:28:32,2025-12-10 21:29:31,CASTILLA,CASTILLA,CASTILLA,0.9997509121894836,0.0001458444603485,0.0001032559084706,0.9997509121894836,0.9996050596237184,True,14.734717365247617,robust_percentile_fallback,13.39325208110036,data_driven_global_percentile_thresholds,CASTILLA,11.137952418040475,data_driven_batch_percentile_thresholds,88.86204758195953,False
172,2025-12-10 21:29:32,2025-12-10 21:30:31,CASTILLA,CASTILLA,CASTILLA,0.9997220635414124,0.0001931680744746,8.471148612443358e-05,0.9997220635414124,0.9995288848876952,True,15.989155162548162,robust_percentile_fallback,15.052219497428403,data_driven_global_percentile_thresholds,CASTILLA,12.939360456606517,data_driven_batch_percentile_thresholds,87.06063954339348,False
173,2025-12-10 21:30:32,2025-12-10 21:31:31,CASTILLA,CASTILLA,CASTILLA,0.9993799924850464,0.0005063121207058,0.0001137042854679,0.9993799924850464,0.9988736510276794,True,15.686042829003751,robust_percentile_fallback,14.56102412767424,data_driven_global_percentile_thresholds,CASTILLA,12.997540444975414,data_driven_batch_percentile_thresholds,87.00245955502459,False
174,2025-12-10 21:31:32,2025-12-10 21:32:31,CASTILLA,CASTILLA,CASTILLA,0.9997066855430604,0.0002132318768417,8.002909453352913e-05,0.9997066855430604,0.9994934797286988,True,16.101373689303447,robust_percentile_fallback,15.445098674076236,data_driven_global_percentile_thresholds,CASTILLA,13.16167868224518,data_driven_batch_percentile_thresholds,86.83832131775482,False
175,2025-12-10 21:32:32,2025-12-10 21:33:31,CASTILLA,CASTILLA,CASTILLA,0.9997145533561708,0.00019610322488,8.934561628848314e-05,0.9997145533561708,0.9995184540748596,True,15.018310534649924,robust_percentile_fallback,13.4494047461589,data_driven_global_percentile_thresholds,CASTILLA,13.734269131603716,data_driven_batch_percentile_thresholds,86.26573086839629,False
176,2025-12-10 21:33:32,2025-12-10 21:34:31,CASTILLA,CASTILLA,CASTILLA,0.9996225833892822,0.0002852655597962,9.211667929776012e-05,0.9996225833892822,0.9993373155593872,True,16.104486036121624,robust_percentile_fallback,15.314147623233708,data_driven_global_percentile_thresholds,CASTILLA,14.956363250441637,data_driven_batch_percentile_thresholds,85.04363674955836,False
177,2025-12-10 21:34:32,2025-12-10 21:35:31,CASTILLA,CASTILLA,CASTILLA,0.9996908903121948,0.0002004529669648,0.0001086330303223,0.9996908903121948,0.9994904398918152,True,16.364736037001858,robust_percentile_fallback,15.358750265124469,data_driven_global_percentile_thresholds,CASTILLA,17.42935381553037,data_driven_batch_percentile_thresholds,82.57064618446964,False
178,2025-12-10 21:35:32,2025-12-10 21:36:31,CASTILLA,CASTILLA,CASTILLA,0.9996682405471802,0.0002176507114199,0.0001141574102803,0.9996682405471802,0.9994505643844604,True,15.862316510359571,robust_percentile_fallback,14.762013963862978,data_driven_global_percentile_thresholds,CASTILLA,16.643209457942223,data_driven_batch_percentile_thresholds,83.35679054205778,False
179,2025-12-10 21:36:32,2025-12-10 21:37:31,CASTILLA,CASTILLA,CASTILLA,0.9997010827064514,0.000184603370144,0.0001142756445915,0.9997010827064514,0.999516487121582,True,15.718794382062722,robust_percentile_fallback,15.512305347014347,data_driven_global_percentile_thresholds,CASTILLA,14.619464741201684,data_driven_batch_percentile_thresholds,85.38053525879832,False
180,2025-12-10 21:37:32,2025-12-10 21:38:31,CASTILLA,CASTILLA,CASTILLA,0.9996659755706788,0.0002190190571127,0.0001150571042671,0.9996659755706788,0.9994469285011292,True,15.936382380284163,robust_percentile_fallback,16.151570380834283,data_driven_global_percentile_thresholds,CASTILLA,13.5077379297568,data_driven_batch_percentile_thresholds,86.4922620702432,False
181,2025-12-10 21:38:32,2025-12-10 21:39:31,CASTILLA,CASTILLA,CASTILLA,0.9997578263282776,0.0001290113286813,0.0001132072502514,0.9997578263282776,0.9996288418769836,True,15.81567153200118,robust_percentile_fallback,14.614924454078729,data_driven_global_percentile_thresholds,CASTILLA,13.224454018578122,data_driven_batch_percentile_thresholds,86.77554598142189,False
182,2025-12-10 21:39:32,2025-12-10 21:40:31,CASTILLA,CASTILLA,CASTILLA,0.9996676445007324,0.0002222998591605,0.0001100351801142,0.9996676445007324,0.9994453191757202,True,15.329985662335137,robust_percentile_fallback,15.221520170035117,data_driven_global_percentile_thresholds,CASTILLA,12.289038377189298,data_driven_batch_percentile_thresholds,87.7109616228107,False
183,2025-12-10 21:40:32,2025-12-10 21:41:31,CASTILLA,CASTILLA,CASTILLA,0.9997071623802184,0.0001733828248688,0.0001193784555653,0.9997071623802184,0.9995337724685668,True,16.539563747761388,robust_percentile_fallback,15.334826349027908,data_driven_global_percentile_thresholds,CASTILLA,15.594857291009474,data_driven_batch_percentile_thresholds,84.40514270899052,False
184,2025-12-10 21:41:32,2025-12-10 21:42:31,CASTILLA,CASTILLA,CASTILLA,0.9997114539146424,0.0001795993302948,0.0001089093348127,0.9997114539146424,0.999531865119934,True,16.665513898738403,robust_percentile_fallback,16.644766008907556,data_driven_global_percentile_thresholds,CASTILLA,13.20326704510607,data_driven_batch_percentile_thresholds,86.79673295489393,False
185,2025-12-10 21:42:32,2025-12-10 21:43:31,CASTILLA,CASTILLA,CASTILLA,0.9997530579566956,0.0001527109852759,9.427561599295586e-05,0.9997530579566956,0.999600350856781,True,16.490083336517774,robust_percentile_fallback,13.948309247141625,data_driven_global_percentile_thresholds,CASTILLA,11.735207892646926,data_driven_batch_percentile_thresholds,88.26479210735307,False
186,2025-12-10 21:43:32,2025-12-10 21:44:31,CASTILLA,CASTILLA,CASTILLA,0.9997860789299012,0.0001200397746288,9.387346653966232e-05,0.9997860789299012,0.9996660351753236,True,16.437522365567176,robust_percentile_fallback,13.481912426670515,data_driven_global_percentile_thresholds,CASTILLA,12.422793781568966,data_driven_batch_percentile_thresholds,87.57720621843103,False
187,2025-12-10 21:44:32,2025-12-10 21:45:31,CASTILLA,CASTILLA,CASTILLA,0.9996956586837769,0.0001785152271622,0.0001258134579984,0.9996956586837769,0.9995171427726746,True,16.259391438597035,robust_percentile_fallback,15.917406409939908,data_driven_global_percentile_thresholds,CASTILLA,13.544045975655676,data_driven_batch_percentile_thresholds,86.45595402434432,False
188,2025-12-10 21:45:32,2025-12-10 21:46:31,CASTILLA,CASTILLA,CASTILLA,0.999739110469818,0.000165029647178,9.584231884218752e-05,0.999739110469818,0.9995740652084352,True,15.010852204308918,robust_percentile_fallback,12.982018369867722,data_driven_global_percentile_thresholds,CASTILLA,12.124507419949207,data_driven_batch_percentile_thresholds,87.87549258005079,False
189,2025-12-10 21:46:32,2025-12-10 21:47:31,CASTILLA,CASTILLA,CASTILLA,0.9997058510780334,0.0001660903653828,0.0001279909483855,0.9997058510780334,0.9995397329330444,True,14.61278909445948,robust_percentile_fallback,12.94360531159134,data_driven_global_percentile_thresholds,CASTILLA,11.4295194092225,data_driven_batch_percentile_thresholds,88.57048059077749,False
190,2025-12-10 21:47:32,2025-12-10 21:48:31,CASTILLA,CASTILLA,CASTILLA,0.9996360540390016,0.0002127581683453,0.0001511221489636,0.9996360540390016,0.999423325061798,True,15.251906774113992,robust_percentile_fallback,13.399836807666178,data_driven_global_percentile_thresholds,CASTILLA,12.513416721074528,data_driven_batch_percentile_thresholds,87.48658327892548,False
191,2025-12-10 21:48:32,2025-12-10 21:49:31,CASTILLA,CASTILLA,CASTILLA,0.9997133612632751,0.0001603754644747,0.0001261920551769,0.9997133612632751,0.9995529651641846,True,16.062363207359773,robust_percentile_fallback,15.017308924348772,data_driven_global_percentile_thresholds,CASTILLA,13.598424844623842,data_driven_batch_percentile_thresholds,86.40157515537615,False
192,2025-12-10 21:49:32,2025-12-10 21:50:31,CASTILLA,CASTILLA,CASTILLA,0.999683141708374,0.0001964422117453,0.0001204413565574,0.999683141708374,0.9994866847991944,True,14.460837075156087,robust_percentile_fallback,14.02816873542378,data_driven_global_percentile_thresholds,CASTILLA,12.349946198177015,data_driven_batch_percentile_thresholds,87.65005380182299,False
193,2025-12-10 21:50:32,2025-12-10 21:51:31,CASTILLA,CASTILLA,CASTILLA,0.9997101426124572,0.0001636867673369,0.0001261739525943,0.9997101426124572,0.999546468257904,True,15.50246484204887,robust_percentile_fallback,14.485416616140707,data_driven_global_percentile_thresholds,CASTILLA,12.93408785171656,data_driven_batch_percentile_thresholds,87.06591214828345,False
194,2025-12-10 21:51:32,2025-12-10 21:52:31,CASTILLA,CASTILLA,CASTILLA,0.9995803236961364,0.0003105218056589,0.0001091780941351,0.9995803236961364,0.9992697834968568,True,16.347333640871227,robust_percentile_fallback,19.004076779484475,data_driven_global_percentile_thresholds,CASTILLA,16.840101469708646,data_driven_batch_percentile_thresholds,83.15989853029136,False
195,2025-12-10 21:52:32,2025-12-10 21:53:31,CASTILLA,CASTILLA,CASTILLA,0.9997065663337708,0.0001878164475783,0.0001055809843819,0.9997065663337708,0.9995187520980836,True,17.661654749716952,robust_percentile_fallback,17.760304097615787,data_driven_global_percentile_thresholds,CASTILLA,18.826071878238857,data_driven_batch_percentile_thresholds,81.17392812176115,False
196,2025-12-10 21:53:32,2025-12-10 21:54:31,CASTILLA,CASTILLA,CASTILLA,0.9997071623802184,0.0001781682803994,0.0001146607100963,0.9997071623802184,0.9995290040969848,True,16.410663967052578,robust_percentile_fallback,14.70412494416884,data_driven_global_percentile_thresholds,CASTILLA,14.224891163110028,data_driven_batch_percentile_thresholds,85.77510883688997,False
197,2025-12-10 21:54:32,2025-12-10 21:55:31,CASTILLA,CASTILLA,CASTILLA,0.9996798038482666,0.0002026620059041,0.0001175926081486,0.9996798038482666,0.9994771480560304,True,18.80352223118281,robust_percentile_fallback,19.667707068719675,data_driven_global_percentile_thresholds,CASTILLA,22.790019671154283,data_driven_batch_percentile_thresholds,77.20998032884572,False
198,2025-12-10 21:55:32,2025-12-10 21:56:31,CASTILLA,CASTILLA,CASTILLA,0.9995831847190856,0.0002688870299607,0.0001478756748838,0.9995831847190856,0.999314308166504,True,17.739153025016265,robust_percentile_fallback,18.643984495494895,data_driven_global_percentile_thresholds,CASTILLA,18.987624330321,data_driven_batch_percentile_thresholds,81.012375669679,False
199,2025-12-10 21:56:32,2025-12-10 21:57:31,CASTILLA,CASTILLA,CASTILLA,0.9996721744537354,0.0001932065060827,0.000134642003104,0.9996721744537354,0.9994789958000184,True,17.500321492277184,robust_percentile_fallback,17.696513094081624,data_driven_global_percentile_thresholds,CASTILLA,20.28372821296384,data_driven_batch_percentile_thresholds,79.71627178703616,False
200,2025-12-10 21:57:32,2025-12-10 21:58:31,CASTILLA,CASTILLA,CASTILLA,0.9996532201766968,0.0002237935113953,0.0001229964982485,0.9996532201766968,0.9994294047355652,True,17.546900364315775,robust_percentile_fallback,17.965129501557524,data_driven_global_percentile_thresholds,CASTILLA,20.103920436040863,data_driven_batch_percentile_thresholds,79.89607956395913,False
201,2025-12-10 21:58:32,2025-12-10 21:59:31,CASTILLA,CASTILLA,CASTILLA,0.9996622800827026,0.000212397208088,0.000125271937577,0.9996622800827026,0.999449908733368,True,17.71986168702572,robust_percentile_fallback,17.707742087586613,data_driven_global_percentile_thresholds,CASTILLA,22.38712892715646,data_driven_batch_percentile_thresholds,77.61287107284355,False
202,2025-12-10 21:59:32,2025-12-10 22:00:31,CASTILLA,CASTILLA,CASTILLA,0.9996824264526368,0.0002060366678051,0.0001115168779506,0.9996824264526368,0.9994763731956482,True,18.44472724925498,robust_percentile_fallback,20.942697579636835,data_driven_global_percentile_thresholds,CASTILLA,22.14072250593939,data_driven_batch_percentile_thresholds,77.8592774940606,False
203,2025-12-10 22:00:32,2025-12-10 22:01:31,CASTILLA,CASTILLA,CASTILLA,0.9996739625930786,0.0002131728397216,0.0001128924413933,0.9996739625930786,0.9994608163833618,True,18.90562742270784,robust_percentile_fallback,20.55516335221016,data_driven_global_percentile_thresholds,CASTILLA,22.01936528535595,data_driven_batch_percentile_thresholds,77.98063471464405,False
204,2025-12-10 22:01:32,2025-12-10 22:02:31,CASTILLA,CASTILLA,CASTILLA,0.9996750354766846,0.0002059223916148,0.0001190411785501,0.9996750354766846,0.9994691014289856,True,18.406581504851932,robust_percentile_fallback,19.030816034744912,data_driven_global_percentile_thresholds,CASTILLA,21.09340982947548,data_driven_batch_percentile_thresholds,78.90659017052452,False
205,2025-12-10 22:02:32,2025-12-10 22:03:31,CASTILLA,CASTILLA,CASTILLA,0.99970942735672,0.0001725169713608,0.0001180265317088,0.99970942735672,0.99953693151474,True,18.637751773784448,robust_percentile_fallback,18.948113517334328,data_driven_global_percentile_thresholds,CASTILLA,22.52474487452312,data_driven_batch_percentile_thresholds,77.47525512547688,False
206,2025-12-10 22:03:32,2025-12-10 22:04:31,CASTILLA,CASTILLA,CASTILLA,0.9997134804725648,0.0001691553916316,0.0001172934935311,0.9997134804725648,0.999544322490692,True,18.957070003171573,robust_percentile_fallback,20.902171255161758,data_driven_global_percentile_thresholds,CASTILLA,24.054396513713737,data_driven_batch_percentile_thresholds,75.94560348628626,False
207,2025-12-10 22:04:32,2025-12-10 22:05:31,CASTILLA,CASTILLA,CASTILLA,0.9996228218078612,0.000253208738286,0.0001239824632648,0.9996228218078612,0.9993696212768556,True,18.83168089847971,robust_percentile_fallback,21.48593125716345,data_driven_global_percentile_thresholds,CASTILLA,21.36646994579793,data_driven_batch_percentile_thresholds,78.63353005420207,False
208,2025-12-10 22:05:32,2025-12-10 22:06:31,CASTILLA,CASTILLA,CASTILLA,0.9997153878211976,0.0001707104966044,0.0001138830048148,0.9997153878211976,0.9995446801185608,True,17.822718674256468,robust_percentile_fallback,19.02197469877728,data_driven_global_percentile_thresholds,CASTILLA,20.232620387931917,data_driven_batch_percentile_thresholds,79.76737961206808,False
209,2025-12-10 22:06:32,2025-12-10 22:07:31,CASTILLA,CASTILLA,CASTILLA,0.999605119228363,0.0002417504729237,0.000153107161168,0.999605119228363,0.999363362789154,True,18.3276744363124,robust_percentile_fallback,20.05377693743464,data_driven_global_percentile_thresholds,CASTILLA,25.899776669206545,data_driven_batch_percentile_thresholds,74.10022333079345,False
210,2025-12-10 22:07:32,2025-12-10 22:08:31,CASTILLA,CASTILLA,CASTILLA,0.9996572732925416,0.0002117667318088,0.0001309653307544,0.9996572732925416,0.9994454979896544,True,17.637600000257212,robust_percentile_fallback,18.43242894622821,data_driven_global_percentile_thresholds,CASTILLA,24.05441324461197,data_driven_batch_percentile_thresholds,75.94558675538804,False
211,2025-12-10 22:08:32,2025-12-10 22:09:31,CASTILLA,CASTILLA,CASTILLA,0.9996633529663086,0.0002150056534446,0.0001216678792843,0.9996633529663086,0.9994483590126038,True,18.801097435067263,robust_percentile_fallback,20.78640242402815,data_driven_global_percentile_thresholds,CASTILLA,25.320291490390197,data_driven_batch_percentile_thresholds,74.67970850960981,False
212,2025-12-10 22:09:32,2025-12-10 22:10:31,CASTILLA,CASTILLA,CASTILLA,0.9996517896652222,0.0002329950075363,0.0001152368786279,0.9996517896652222,0.9994187951087952,True,18.13607498032595,robust_percentile_fallback,19.321390151960266,data_driven_global_percentile_thresholds,CASTILLA,26.352084559116665,data_driven_batch_percentile_thresholds,73.64791544088334,False
213,2025-12-10 22:10:32,2025-12-10 22:11:31,CASTILLA,CASTILLA,CASTILLA,0.9997005462646484,0.0001775681303115,0.0001219445766764,0.9997005462646484,0.9995229840278624,True,18.578614954403506,robust_percentile_fallback,21.14274743355684,data_driven_global_percentile_thresholds,CASTILLA,25.16870214897161,data_driven_batch_percentile_thresholds,74.83129785102838,False
214,2025-12-10 22:11:32,2025-12-10 22:12:31,CASTILLA,CASTILLA,CASTILLA,0.9996635913848876,0.000219691908569,0.000116664035886,0.9996635913848876,0.9994438886642456,True,18.338857991726996,robust_percentile_fallback,21.24605879217572,data_driven_global_percentile_thresholds,CASTILLA,23.739328590768423,data_driven_batch_percentile_thresholds,76.26067140923158,False
215,2025-12-10 22:12:32,2025-12-10 22:13:31,CASTILLA,CASTILLA,CASTILLA,0.999607264995575,0.0002764450327958,0.0001162631815532,0.999607264995575,0.9993308186531068,True,20.343015223090195,robust_percentile_fallback,24.09561109702181,data_driven_global_percentile_thresholds,CASTILLA,28.211763741148268,data_driven_batch_percentile_thresholds,71.78823625885173,False
216,2025-12-10 22:13:32,2025-12-10 22:14:31,CASTILLA,CASTILLA,CASTILLA,0.9995606541633606,0.00029977739905,0.0001396080624544,0.9995606541633606,0.9992609024047852,True,18.448559211793736,robust_percentile_fallback,22.9311198257153,data_driven_global_percentile_thresholds,CASTILLA,23.95894299021631,data_driven_batch_percentile_thresholds,76.04105700978369,False
217,2025-12-10 22:14:32,2025-12-10 22:15:31,CASTILLA,CASTILLA,CASTILLA,0.9996963739395142,0.0001678646221989,0.0001358386653009,0.9996963739395142,0.9995285272598268,True,17.86550501376407,robust_percentile_fallback,20.24666544297096,data_driven_global_percentile_thresholds,CASTILLA,22.29696039055336,data_driven_batch_percentile_thresholds,77.70303960944665,False
218,2025-12-10 22:15:32,2025-12-10 22:16:31,CASTILLA,CASTILLA,CASTILLA,0.9994895458221436,0.0003644242242444,0.0001459542254451,0.9994895458221436,0.9991251230239868,True,18.67500290536407,robust_percentile_fallback,21.10322158837145,data_driven_global_percentile_thresholds,CASTILLA,24.98506265583693,data_driven_batch_percentile_thresholds,75.01493734416307,False
219,2025-12-10 22:16:32,2025-12-10 22:17:31,CASTILLA,CASTILLA,CASTILLA,0.9995846152305604,0.0002758504415396,0.0001395731960656,0.9995846152305604,0.9993087649345398,True,17.632981759671356,robust_percentile_fallback,19.48079236713197,data_driven_global_percentile_thresholds,CASTILLA,23.4475044298172,data_driven_batch_percentile_thresholds,76.5524955701828,False
220,2025-12-10 22:17:32,2025-12-10 22:18:31,CASTILLA,CASTILLA,CASTILLA,0.9996951818466188,0.0001799212623154,0.000124936865177,0.9996951818466188,0.9995152354240416,True,18.362175186139883,robust_percentile_fallback,22.25956705694439,data_driven_global_percentile_thresholds,CASTILLA,24.44329015530586,data_driven_batch_percentile_thresholds,75.55670984469414,False
221,2025-12-10 22:18:32,2025-12-10 22:19:31,CASTILLA,CASTILLA,CASTILLA,0.9995571970939636,0.0002771756262518,0.0001656300737522,0.9995571970939636,0.999280035495758,True,17.38901706597145,robust_percentile_fallback,20.3488652428272,data_driven_global_percentile_thresholds,CASTILLA,21.050055362466463,data_driven_batch_percentile_thresholds,78.94994463753353,False
222,2025-12-10 22:19:32,2025-12-10 22:20:31,CASTILLA,CASTILLA,CASTILLA,0.9995439648628236,0.0003036278358194,0.0001523907267255,0.9995439648628236,0.9992403388023376,True,17.097177200102607,robust_percentile_fallback,20.655635395650062,data_driven_global_percentile_thresholds,CASTILLA,25.737026333524724,data_driven_batch_percentile_thresholds,74.26297366647528,False
223,2025-12-10 22:20:32,2025-12-10 22:21:31,CASTILLA,CASTILLA,CASTILLA,0.999582827091217,0.0002749585255514,0.0001422051718691,0.999582827091217,0.9993078708648682,True,19.132828957395866,robust_percentile_fallback,22.502964005897898,data_driven_global_percentile_thresholds,CASTILLA,28.564852409740336,data_driven_batch_percentile_thresholds,71.43514759025966,False
224,2025-12-10 22:21:32,2025-12-10 22:22:31,CASTILLA,CASTILLA,CASTILLA,0.9995902180671692,0.000265933224,0.0001439176412532,0.9995902180671692,0.9993242621421814,True,18.63093623463859,robust_percentile_fallback,21.24227468421317,data_driven_global_percentile_thresholds,CASTILLA,26.54745104081214,data_driven_batch_percentile_thresholds,73.45254895918787,False
225,2025-12-10 22:22:32,2025-12-10 22:23:31,CASTILLA,CASTILLA,CASTILLA,0.9997252821922302,0.0001628555764909,0.0001117967112804,0.9997252821922302,0.999562442302704,True,18.14242824958172,robust_percentile_fallback,20.426194602283022,data_driven_global_percentile_thresholds,CASTILLA,24.664754471259105,data_driven_batch_percentile_thresholds,75.3352455287409,False
226,2025-12-10 22:23:32,2025-12-10 22:24:31,CASTILLA,CASTILLA,CASTILLA,0.9994507431983948,0.0003983416827395,0.0001508895220467,0.9994507431983948,0.9990524053573608,True,18.839429857430112,robust_percentile_fallback,23.508804607479647,data_driven_global_percentile_thresholds,CASTILLA,27.336150959971025,data_driven_batch_percentile_thresholds,72.66384904002898,False
227,2025-12-10 22:24:32,2025-12-10 22:25:31,CASTILLA,CASTILLA,CASTILLA,0.9996993541717528,0.0001735714031383,0.0001270544162252,0.9996993541717528,0.999525785446167,True,17.78954074511685,robust_percentile_fallback,21.55663851046363,data_driven_global_percentile_thresholds,CASTILLA,23.078960940020156,data_driven_batch_percentile_thresholds,76.92103905997985,False
228,2025-12-10 22:25:32,2025-12-10 22:26:31,CASTILLA,CASTILLA,CASTILLA,0.9996066689491272,0.0002215347922174,0.0001718149287626,0.9996066689491272,0.9993851184844972,True,18.784549988619155,robust_percentile_fallback,22.33763961501731,data_driven_global_percentile_thresholds,CASTILLA,25.219074630589304,data_driven_batch_percentile_thresholds,74.7809253694107,False
229,2025-12-10 22:26:32,2025-12-10 22:27:31,CASTILLA,CASTILLA,CASTILLA,0.999488115310669,0.0003117565938737,0.0002001002576434,0.999488115310669,0.9991763830184937,True,17.63165947222963,robust_percentile_fallback,21.19783091412565,data_driven_global_percentile_thresholds,CASTILLA,23.791205880992017,data_driven_batch_percentile_thresholds,76.20879411900799,False
230,2025-12-10 22:27:32,2025-12-10 22:28:31,CASTILLA,CASTILLA,CASTILLA,0.9996953010559082,0.0001848052197601,0.0001199062317027,0.9996953010559082,0.9995104670524596,True,20.77208203479881,robust_percentile_fallback,25.86238330799658,data_driven_global_percentile_thresholds,CASTILLA,29.854840652213177,data_driven_batch_percentile_thresholds,70.14515934778683,False
231,2025-12-10 22:28:32,2025-12-10 22:29:31,CASTILLA,CASTILLA,CASTILLA,0.9994696974754332,0.0003863596066366,0.0001440101041225,0.9994696974754332,0.9990833401679992,True,18.59164371496089,robust_percentile_fallback,21.12089976259194,data_driven_global_percentile_thresholds,CASTILLA,25.746915928216097,data_driven_batch_percentile_thresholds,74.2530840717839,False
232,2025-12-10 22:29:32,2025-12-10 22:30:31,CASTILLA,CASTILLA,CASTILLA,0.9996654987335204,0.0002125537139363,0.0001219807818415,0.9996654987335204,0.9994529485702516,True,18.60739319033363,robust_percentile_fallback,21.25556177661695,data_driven_global_percentile_thresholds,CASTILLA,26.30079752016532,data_driven_batch_percentile_thresholds,73.69920247983468,False
233,2025-12-10 22:30:32,2025-12-10 22:31:31,CASTILLA,CASTILLA,CASTILLA,0.9994394183158876,0.0003580949560273,0.0002025035646511,0.9994394183158876,0.9990813136100768,True,18.480149608542483,robust_percentile_fallback,22.011177732779775,data_driven_global_percentile_thresholds,CASTILLA,26.365022303864592,data_driven_batch_percentile_thresholds,73.63497769613541,False
234,2025-12-10 22:31:32,2025-12-10 22:32:31,CASTILLA,CASTILLA,CASTILLA,0.9996346235275269,0.0002290118281962,0.0001362970360787,0.9996346235275269,0.9994056224822998,True,17.97210210370467,robust_percentile_fallback,21.17095777285162,data_driven_global_percentile_thresholds,CASTILLA,25.638750869657237,data_driven_batch_percentile_thresholds,74.36124913034277,False
235,2025-12-10 22:32:32,2025-12-10 22:33:31,CASTILLA,CASTILLA,CASTILLA,0.9995156526565552,0.0003074824926443,0.00017687419313,0.9995156526565552,0.9992081522941588,True,18.51070463646217,robust_percentile_fallback,21.258020397646632,data_driven_global_percentile_thresholds,CASTILLA,26.96405414180621,data_driven_batch_percentile_thresholds,73.0359458581938,False
236,2025-12-10 22:33:32,2025-12-10 22:34:31,CASTILLA,CASTILLA,CASTILLA,0.9995473027229308,0.0002921200939454,0.0001605327415745,0.9995473027229308,0.9992551803588868,True,17.810121674946366,robust_percentile_fallback,19.618204880034856,data_driven_global_percentile_thresholds,CASTILLA,24.46742656573397,data_driven_batch_percentile_thresholds,75.53257343426603,False
237,2025-12-10 22:34:32,2025-12-10 22:35:31,CASTILLA,CASTILLA,CASTILLA,0.9995480179786682,0.0002706837258301,0.0001812379487091,0.9995480179786682,0.9992773532867432,True,17.889341640544956,robust_percentile_fallback,20.459562273194145,data_driven_global_percentile_thresholds,CASTILLA,24.13660508740479,data_driven_batch_percentile_thresholds,75.86339491259521,False
238,2025-12-10 22:35:32,2025-12-10 22:36:31,CASTILLA,CASTILLA,CASTILLA,0.9996320009231568,0.0002251163241453,0.0001428973628208,0.9996320009231568,0.99940687417984,True,18.397691790433885,robust_percentile_fallback,21.441236415553437,data_driven_global_percentile_thresholds,CASTILLA,26.54220662899944,data_driven_batch_percentile_thresholds,73.45779337100056,False
239,2025-12-10 22:36:32,2025-12-10 22:37:31,CASTILLA,CASTILLA,CASTILLA,0.9993694424629213,0.0004195727524347,0.0002110149653162,0.9993694424629213,0.9989498853683472,True,19.262752180530185,robust_percentile_fallback,22.327277380924407,data_driven_global_percentile_thresholds,CASTILLA,28.099527071556945,data_driven_batch_percentile_thresholds,71.90047292844305,False
240,2025-12-10 22:37:32,2025-12-10 22:38:31,CASTILLA,CASTILLA,CASTILLA,0.9996198415756226,0.0002097481192322,0.0001704219030216,0.9996198415756226,0.999410092830658,True,19.31241195533572,robust_percentile_fallback,22.264474417627707,data_driven_global_percentile_thresholds,CASTILLA,28.690147463991256,data_driven_batch_percentile_thresholds,71.30985253600875,False
241,2025-12-10 22:38:32,2025-12-10 22:39:31,CASTILLA,CASTILLA,CASTILLA,0.9995408058166504,0.0002665563661139,0.0001926760596688,0.9995408058166504,0.9992742538452148,True,19.705451550322827,robust_percentile_fallback,22.395666014168256,data_driven_global_percentile_thresholds,CASTILLA,29.95020468200792,data_driven_batch_percentile_thresholds,70.04979531799208,False
242,2025-12-10 22:39:32,2025-12-10 22:40:31,CASTILLA,CASTILLA,CASTILLA,0.9992343187332152,0.0004986505373381,0.0002670465328264,0.9992343187332152,0.9987356662750244,True,18.908148546965737,robust_percentile_fallback,22.46600730507664,data_driven_global_percentile_thresholds,CASTILLA,26.562517708551024,data_driven_batch_percentile_thresholds,73.43748229144897,False
243,2025-12-10 22:40:32,2025-12-10 22:41:31,CASTILLA,CASTILLA,CASTILLA,0.9994101524353028,0.0003390353231225,0.0002508197794668,0.9994101524353028,0.9990711212158204,True,19.43064851271398,robust_percentile_fallback,22.147498341665383,data_driven_global_percentile_thresholds,CASTILLA,29.871275383127976,data_driven_batch_percentile_thresholds,70.12872461687202,False
244,2025-12-10 22:41:32,2025-12-10 22:42:31,CASTILLA,CASTILLA,CASTILLA,0.9995450377464294,0.0002794964239001,0.0001754838303895,0.9995450377464294,0.9992655515670776,True,18.47464386749798,robust_percentile_fallback,20.74607332666444,data_driven_global_percentile_thresholds,CASTILLA,24.54082030495157,data_driven_batch_percentile_thresholds,75.45917969504843,False
245,2025-12-10 22:42:32,2025-12-10 22:43:31,CASTILLA,CASTILLA,CASTILLA,0.9996440410614014,0.000214884057641,0.0001410626282449,0.9996440410614014,0.999429166316986,True,19.01917963287548,robust_percentile_fallback,21.49105185507123,data_driven_global_percentile_thresholds,CASTILLA,26.73482371369212,data_driven_batch_percentile_thresholds,73.26517628630788,False
246,2025-12-10 22:43:32,2025-12-10 22:44:31,CASTILLA,CASTILLA,CASTILLA,0.9995354413986206,0.0002677896700333,0.0001967819844139,0.9995354413986206,0.9992676377296448,True,18.722912274420832,robust_percentile_fallback,20.63603558408536,data_driven_global_percentile_thresholds,CASTILLA,25.924265605447907,data_driven_batch_percentile_thresholds,74.07573439455209,False
247,2025-12-10 22:44:32,2025-12-10 22:45:31,CASTILLA,CASTILLA,CASTILLA,0.9994245767593384,0.0003736681537702,0.0002017403166973,0.9994245767593384,0.9990509152412416,True,19.443592977393436,robust_percentile_fallback,23.016457892146214,data_driven_global_percentile_thresholds,CASTILLA,27.7368212645662,data_driven_batch_percentile_thresholds,72.2631787354338,False
248,2025-12-10 22:45:32,2025-12-10 22:46:31,CASTILLA,CASTILLA,CASTILLA,0.999157190322876,0.0005813141469843,0.0002615277480799,0.999157190322876,0.9985758662223816,True,18.31852673544846,robust_percentile_fallback,20.11495226508237,data_driven_global_percentile_thresholds,CASTILLA,25.506441618963763,data_driven_batch_percentile_thresholds,74.49355838103624,False
249,2025-12-10 22:46:32,2025-12-10 22:47:31,CASTILLA,CASTILLA,CASTILLA,0.9995328187942504,0.0002749767736531,0.000192236402654,0.9995328187942504,0.9992578625679016,True,18.38535755735231,robust_percentile_fallback,20.297960178281546,data_driven_global_percentile_thresholds,CASTILLA,26.24538220305942,data_driven_batch_percentile_thresholds,73.75461779694058,False
250,2025-12-10 22:47:32,2025-12-10 22:48:31,CASTILLA,CASTILLA,CASTILLA,0.9992328882217408,0.0004902541986666,0.0002768313570413,0.9992328882217408,0.9987426400184632,True,19.807172511049878,robust_percentile_fallback,22.907363313818465,data_driven_global_percentile_thresholds,CASTILLA,27.51423490199814,data_driven_batch_percentile_thresholds,72.48576509800186,False
251,2025-12-10 22:48:32,2025-12-10 22:49:31,CASTILLA,CASTILLA,CASTILLA,0.9994774460792542,0.0003210704308003,0.0002014725760091,0.9994774460792542,0.9991563558578492,True,18.21381745739217,robust_percentile_fallback,19.27497514257721,data_driven_global_percentile_thresholds,CASTILLA,23.89832740490378,data_driven_batch_percentile_thresholds,76.10167259509622,False
252,2025-12-10 22:49:32,2025-12-10 22:50:31,CASTILLA,CASTILLA,CASTILLA,0.9996347427368164,0.0002264597278553,0.0001387836673529,0.9996347427368164,0.9994083046913148,True,17.348835454649105,robust_percentile_fallback,18.91215877087924,data_driven_global_percentile_thresholds,CASTILLA,21.22574734987081,data_driven_batch_percentile_thresholds,78.77425265012918,False
253,2025-12-10 22:50:32,2025-12-10 22:51:31,CASTILLA,CASTILLA,CASTILLA,0.99968683719635,0.0001784491323633,0.0001347467332379,0.99968683719635,0.9995083808898926,True,17.08189243464172,robust_percentile_fallback,16.968489015104286,data_driven_global_percentile_thresholds,CASTILLA,19.833733694083787,data_driven_batch_percentile_thresholds,80.16626630591621,False
254,2025-12-10 22:51:32,2025-12-10 22:52:31,CASTILLA,CASTILLA,CASTILLA,0.9995940327644348,0.0002824197581503,0.0001235742383869,0.9995940327644348,0.999311625957489,True,19.44954519813233,robust_percentile_fallback,22.654147189838618,data_driven_global_percentile_thresholds,CASTILLA,25.06935911405033,data_driven_batch_percentile_thresholds,74.93064088594967,False
255,2025-12-10 22:52:32,2025-12-10 22:53:31,CASTILLA,CASTILLA,CASTILLA,0.9994507431983948,0.0003789176989812,0.0001702788722468,0.9994507431983948,0.9990718364715576,True,19.681105950582605,robust_percentile_fallback,23.223799860136204,data_driven_global_percentile_thresholds,CASTILLA,27.189530300840392,data_driven_batch_percentile_thresholds,72.81046969915961,False
256,2025-12-10 22:53:32,2025-12-10 22:54:31,CASTILLA,CASTILLA,CASTILLA,0.9996463060379028,0.0002175168629037,0.000136166869197,0.9996463060379028,0.9994288086891174,True,16.91292169896517,robust_percentile_fallback,17.474196087632876,data_driven_global_percentile_thresholds,CASTILLA,19.528189650181872,data_driven_batch_percentile_thresholds,80.47181034981813,False
257,2025-12-10 22:54:32,2025-12-10 22:55:31,CASTILLA,CASTILLA,CASTILLA,0.9995903372764589,0.0002656007418408,0.0001441118511138,0.9995903372764589,0.9993247389793396,True,17.33673197560391,robust_percentile_fallback,17.685797105878635,data_driven_global_percentile_thresholds,CASTILLA,18.38772906352974,data_driven_batch_percentile_thresholds,81.61227093647025,False
258,2025-12-10 22:55:32,2025-12-10 22:56:31,CASTILLA,CASTILLA,CASTILLA,0.9996867179870604,0.0002078393736155,0.0001054231324815,0.9996867179870604,0.9994788765907288,True,17.170181094240988,robust_percentile_fallback,17.974582135440475,data_driven_global_percentile_thresholds,CASTILLA,18.019236254791355,data_driven_batch_percentile_thresholds,81.98076374520865,False
259,2025-12-10 22:56:32,2025-12-10 22:57:31,CASTILLA,CASTILLA,CASTILLA,0.9992530941963196,0.0005115448147989,0.000235375468037,0.9992530941963196,0.9987415671348572,True,15.40094714624229,robust_percentile_fallback,13.320230604762529,data_driven_global_percentile_thresholds,CASTILLA,14.175387461875356,data_driven_batch_percentile_thresholds,85.82461253812464,False
260,2025-12-10 22:57:32,2025-12-10 22:58:31,CASTILLA,CASTILLA,CASTILLA,0.999617338180542,0.0002537660184316,0.0001289083593292,0.999617338180542,0.9993636012077332,True,17.671751420276006,robust_percentile_fallback,17.614305542359425,data_driven_global_percentile_thresholds,CASTILLA,18.014553871104557,data_driven_batch_percentile_thresholds,81.98544612889545,False
261,2025-12-10 22:58:32,2025-12-10 22:59:31,CASTILLA,CASTILLA,CASTILLA,0.999647617340088,0.0002220400929218,0.0001303771277889,0.999647617340088,0.9994255900382996,True,18.495827851850343,robust_percentile_fallback,21.00356712469125,data_driven_global_percentile_thresholds,CASTILLA,22.852301049061104,data_driven_batch_percentile_thresholds,77.14769895093889,False
262,2025-12-10 22:59:32,2025-12-10 23:00:31,CASTILLA,CASTILLA,CASTILLA,0.9993466734886168,0.0004743054159916,0.0001790212118066,0.9993466734886168,0.9988723397254944,True,16.729734012396886,robust_percentile_fallback,17.42524948514339,data_driven_global_percentile_thresholds,CASTILLA,17.003471203236025,data_driven_batch_percentile_thresholds,82.99652879676398,False
263,2025-12-10 23:00:32,2025-12-10 23:01:31,CASTILLA,CASTILLA,CASTILLA,0.9994155168533324,0.000447583006462,0.0001368625962641,0.9994155168533324,0.998967945575714,True,17.380407011463976,robust_percentile_fallback,17.43743541624916,data_driven_global_percentile_thresholds,CASTILLA,18.206195366927663,data_driven_batch_percentile_thresholds,81.79380463307234,False
264,2025-12-10 23:01:32,2025-12-10 23:02:31,CASTILLA,CASTILLA,CASTILLA,0.9995189905166626,0.0003300566168036,0.0001509840367361,0.9995189905166626,0.9991889595985411,True,17.355365339830076,robust_percentile_fallback,18.896880532086172,data_driven_global_percentile_thresholds,CASTILLA,20.65471085729394,data_driven_batch_percentile_thresholds,79.34528914270606,False
265,2025-12-10 23:02:32,2025-12-10 23:03:31,CASTILLA,CASTILLA,CASTILLA,0.9989689588546752,0.0008224620250985,0.0002085996820824,0.9989689588546752,0.9981464743614196,True,15.053515225053223,robust_percentile_fallback,11.829066971271214,data_driven_global_percentile_thresholds,CASTILLA,12.231678598822862,data_driven_batch_percentile_thresholds,87.76832140117713,False
266,2025-12-10 23:03:32,2025-12-10 23:04:31,CASTILLA,CASTILLA,CASTILLA,0.999341070652008,0.0005140314460732,0.0001448273978894,0.999341070652008,0.9988270401954652,True,14.530322480560844,robust_percentile_fallback,9.09781701633581,data_driven_global_percentile_thresholds,CASTILLA,10.823818063419733,data_driven_batch_percentile_thresholds,89.17618193658026,False
267,2025-12-10 23:04:32,2025-12-10 23:05:31,CASTILLA,CASTILLA,CASTILLA,0.9994348883628844,0.0004087474080733,0.0001563707774039,0.9994348883628844,0.9990261197090148,True,17.412243515579984,robust_percentile_fallback,17.62105432440439,data_driven_global_percentile_thresholds,CASTILLA,19.132528923874627,data_driven_batch_percentile_thresholds,80.86747107612537,False
268,2025-12-10 23:05:32,2025-12-10 23:06:31,CASTILLA,CASTILLA,CASTILLA,0.9995784163475036,0.0002924126456491,0.000129211533931,0.9995784163475036,0.9992859959602356,True,17.507471373804663,robust_percentile_fallback,17.84342591373779,data_driven_global_percentile_thresholds,CASTILLA,19.018604118336818,data_driven_batch_percentile_thresholds,80.98139588166319,False
269,2025-12-10 23:06:32,2025-12-10 23:07:31,CASTILLA,CASTILLA,CASTILLA,0.9996238946914672,0.0002575516700744,0.0001185731671284,0.9996238946914672,0.9993663430213928,True,15.800596660804526,robust_percentile_fallback,13.96955599013904,data_driven_global_percentile_thresholds,CASTILLA,15.818432668991848,data_driven_batch_percentile_thresholds,84.18156733100815,False
270,2025-12-10 23:07:32,2025-12-10 23:08:31,CASTILLA,CASTILLA,CASTILLA,0.9996236562728882,0.0002576135157141,0.0001187566958833,0.9996236562728882,0.999366044998169,True,17.005388728589125,robust_percentile_fallback,17.045697495629465,data_driven_global_percentile_thresholds,CASTILLA,18.3653674284994,data_driven_batch_percentile_thresholds,81.6346325715006,False
271,2025-12-10 23:08:32,2025-12-10 23:09:31,CASTILLA,CASTILLA,CASTILLA,0.9993078708648682,0.0005460204556584,0.0001460729108657,0.9993078708648682,0.9987618327140808,True,17.266356284139412,robust_percentile_fallback,16.759908118972703,data_driven_global_percentile_thresholds,CASTILLA,19.386874431797064,data_driven_batch_percentile_thresholds,80.61312556820293,False
272,2025-12-10 23:09:32,2025-12-10 23:10:31,CASTILLA,CASTILLA,CASTILLA,0.9993951320648192,0.0004986911080777,0.0001061661241692,0.9993951320648192,0.9988964200019836,True,16.54567529975433,robust_percentile_fallback,13.67943660945998,data_driven_global_percentile_thresholds,CASTILLA,15.35406227232348,data_driven_batch_percentile_thresholds,84.64593772767653,False
273,2025-12-10 23:10:32,2025-12-10 23:11:31,CASTILLA,CASTILLA,CASTILLA,0.9994544386863708,0.0004119045333936,0.000133660796564,0.9994544386863708,0.999042510986328,True,15.746157977273471,robust_percentile_fallback,15.88105264227404,data_driven_global_percentile_thresholds,CASTILLA,16.494511603012253,data_driven_batch_percentile_thresholds,83.50548839698774,False
274,2025-12-10 23:11:32,2025-12-10 23:12:31,CASTILLA,CASTILLA,CASTILLA,0.9990018010139464,0.0008223749464377,0.0001758060971042,0.9990018010139464,0.9981794357299804,True,15.364871638638174,robust_percentile_fallback,12.551142199425763,data_driven_global_percentile_thresholds,CASTILLA,14.364256852094892,data_driven_batch_percentile_thresholds,85.6357431479051,False
275,2025-12-10 23:12:32,2025-12-10 23:13:31,CASTILLA,CASTILLA,CASTILLA,0.998217523097992,0.0014807324623689,0.0003017735434696,0.998217523097992,0.9967367649078368,True,16.989646879679775,robust_percentile_fallback,17.453386851334894,data_driven_global_percentile_thresholds,CASTILLA,17.865812314658076,data_driven_batch_percentile_thresholds,82.13418768534193,False
276,2025-12-10 23:13:32,2025-12-10 23:14:31,CASTILLA,CASTILLA,CASTILLA,0.9993539452552797,0.000495278451126,0.000150763138663,0.9993539452552797,0.9988586902618408,True,15.756179190818692,robust_percentile_fallback,10.674203528802078,data_driven_global_percentile_thresholds,CASTILLA,14.107776959211304,data_driven_batch_percentile_thresholds,85.89222304078869,False
277,2025-12-10 23:14:32,2025-12-10 23:15:31,CASTILLA,CASTILLA,CASTILLA,0.9980687499046326,0.00161980825942,0.0003114023420494,0.9980687499046326,0.9964489340782166,True,16.173407680491596,robust_percentile_fallback,17.413799324237182,data_driven_global_percentile_thresholds,CASTILLA,18.192184883219184,data_driven_batch_percentile_thresholds,81.80781511678082,False
278,2025-12-10 23:15:32,2025-12-10 23:16:31,CASTILLA,CASTILLA,CASTILLA,0.998690903186798,0.0011039545061066,0.0002051059273071,0.998690903186798,0.9975869655609132,True,16.915348634906938,robust_percentile_fallback,18.06760831425776,data_driven_global_percentile_thresholds,CASTILLA,20.846909388400302,data_driven_batch_percentile_thresholds,79.1530906115997,False
279,2025-12-10 23:16:32,2025-12-10 23:17:31,CASTILLA,CASTILLA,CASTILLA,0.9990850687026978,0.0007265282329171,0.0001884458179119,0.9990850687026978,0.9983585476875304,True,17.66478913858786,robust_percentile_fallback,19.071600202064133,data_driven_global_percentile_thresholds,CASTILLA,21.400246932343254,data_driven_batch_percentile_thresholds,78.59975306765675,False
280,2025-12-10 23:17:32,2025-12-10 23:18:31,CASTILLA,CASTILLA,CASTILLA,0.9990482926368712,0.0007546840934082,0.0001970191224245,0.9990482926368712,0.99829363822937,True,12.103488807339843,robust_percentile_fallback,8.103369455405845,data_driven_global_percentile_thresholds,CASTILLA,9.495434545925626,data_driven_batch_percentile_thresholds,90.50456545407437,False
281,2025-12-10 23:18:32,2025-12-10 23:19:31,CASTILLA,CASTILLA,CASTILLA,0.999090313911438,0.0007261260761879,0.0001835280563682,0.999090313911438,0.9983642101287842,True,13.448701323612005,robust_percentile_fallback,8.750309084441321,data_driven_global_percentile_thresholds,CASTILLA,9.904319388249004,data_driven_batch_percentile_thresholds,90.09568061175099,False
282,2025-12-10 23:19:32,2025-12-10 23:20:31,CASTILLA,CASTILLA,CASTILLA,0.9991542100906372,0.000641735154204,0.0002040822146227,0.9991542100906372,0.9985124468803406,True,15.862212221208484,robust_percentile_fallback,15.732698508205743,data_driven_global_percentile_thresholds,CASTILLA,16.172994327692717,data_driven_batch_percentile_thresholds,83.82700567230728,False
283,2025-12-10 23:20:32,2025-12-10 23:21:31,CASTILLA,CASTILLA,CASTILLA,0.9986943602561952,0.0010071550495922,0.0002985180472023,0.9986943602561952,0.9976872205734252,True,15.359099111673748,robust_percentile_fallback,12.101548011880784,data_driven_global_percentile_thresholds,CASTILLA,13.454924497869373,data_driven_batch_percentile_thresholds,86.54507550213063,False
284,2025-12-10 23:21:32,2025-12-10 23:22:31,CASTILLA,CASTILLA,CASTILLA,0.999138593673706,0.0006282975082285,0.0002330864808754,0.999138593673706,0.9985103011131288,True,17.93939082833133,robust_percentile_fallback,20.206218850027557,data_driven_global_percentile_thresholds,CASTILLA,21.216350026156395,data_driven_batch_percentile_thresholds,78.78364997384361,False
285,2025-12-10 23:22:32,2025-12-10 23:23:31,CASTILLA,CASTILLA,CASTILLA,0.998831570148468,0.0009617818286642,0.0002066305605694,0.998831570148468,0.9978697896003724,True,13.035974323641485,robust_percentile_fallback,9.17961502601608,data_driven_global_percentile_thresholds,CASTILLA,9.075008213863452,data_driven_batch_percentile_thresholds,90.92499178613654,False
286,2025-12-10 23:23:32,2025-12-10 23:24:31,CASTILLA,CASTILLA,CASTILLA,0.9990746974945068,0.0007252189097926,0.0002000445674639,0.9990746974945068,0.9983494877815248,True,15.891724205904644,robust_percentile_fallback,14.335780149732935,data_driven_global_percentile_thresholds,CASTILLA,14.081000380504564,data_driven_batch_percentile_thresholds,85.91899961949544,False
287,2025-12-10 23:24:32,2025-12-10 23:25:31,CASTILLA,CASTILLA,CASTILLA,0.9991512298583984,0.000682727782987,0.0001660021662246,0.9991512298583984,0.9984685182571412,True,13.650754844006824,robust_percentile_fallback,9.559444673743116,data_driven_global_percentile_thresholds,CASTILLA,10.161644951610334,data_driven_batch_percentile_thresholds,89.83835504838967,False
288,2025-12-10 23:25:32,2025-12-10 23:26:31,CASTILLA,CASTILLA,CASTILLA,0.999273717403412,0.0005906967562623,0.0001356179127469,0.999273717403412,0.9986830353736876,True,11.797324481167909,robust_percentile_fallback,7.616114226316443,data_driven_global_percentile_thresholds,CASTILLA,7.733872129186746,data_driven_batch_percentile_thresholds,92.26612787081325,False
289,2025-12-10 23:26:32,2025-12-10 23:27:31,CASTILLA,CASTILLA,CASTILLA,0.9985746145248412,0.0011214545229449,0.000303912180243,0.9985746145248412,0.9974531531333924,True,14.468441202043866,robust_percentile_fallback,13.942709869796444,data_driven_global_percentile_thresholds,CASTILLA,12.584267393784067,data_driven_batch_percentile_thresholds,87.41573260621593,False
290,2025-12-10 23:27:32,2025-12-10 23:28:31,CASTILLA,CASTILLA,CASTILLA,0.9986806511878968,0.0010333978570997,0.0002859921369235,0.9986806511878968,0.997647225856781,True,14.174344435328509,robust_percentile_fallback,11.646164258509652,data_driven_global_percentile_thresholds,CASTILLA,11.295591859558533,data_driven_batch_percentile_thresholds,88.70440814044147,False
291,2025-12-10 23:28:32,2025-12-10 23:29:31,CASTILLA,CASTILLA,CASTILLA,0.9987383484840392,0.0009824126027524,0.0002792777959257,0.9987383484840392,0.9977559447288512,True,15.141044467598542,robust_percentile_fallback,10.894059178213904,data_driven_global_percentile_thresholds,CASTILLA,10.559248961763052,data_driven_batch_percentile_thresholds,89.44075103823695,False
292,2025-12-10 23:29:32,2025-12-10 23:30:31,CASTILLA,CASTILLA,CASTILLA,0.9990050196647644,0.0007600669632665,0.0002349566639168,0.9990050196647644,0.9982449412345886,True,15.820034719551684,robust_percentile_fallback,15.369347079017285,data_driven_global_percentile_thresholds,CASTILLA,15.100492164248903,data_driven_batch_percentile_thresholds,84.8995078357511,False
293,2025-12-10 23:30:32,2025-12-10 23:31:31,CASTILLA,CASTILLA,CASTILLA,0.999121367931366,0.0007336668204516,0.0001450215058866,0.999121367931366,0.9983876943588256,True,14.361787807581674,robust_percentile_fallback,10.481434556826253,data_driven_global_percentile_thresholds,CASTILLA,9.127522711783431,data_driven_batch_percentile_thresholds,90.87247728821657,False
294,2025-12-10 23:31:32,2025-12-10 23:32:31,CASTILLA,CASTILLA,CASTILLA,0.9992198944091796,0.0005748072871938,0.000205333402846,0.9992198944091796,0.9986450672149658,True,16.797476853764532,robust_percentile_fallback,18.87424200916624,data_driven_global_percentile_thresholds,CASTILLA,16.834353914395518,data_driven_batch_percentile_thresholds,83.16564608560448,False
295,2025-12-10 23:32:32,2025-12-10 23:33:31,CASTILLA,CASTILLA,CASTILLA,0.9989824891090392,0.000749894126784,0.0002676058211363,0.9989824891090392,0.99823260307312,True,13.810666777306505,robust_percentile_fallback,8.941554278527487,data_driven_global_percentile_thresholds,CASTILLA,8.919748740876887,data_driven_batch_percentile_thresholds,91.08025125912312,False
296,2025-12-10 23:33:32,2025-12-10 23:34:31,CASTILLA,CASTILLA,CASTILLA,0.9992857575416564,0.0005407236167229,0.0001735022378852,0.9992857575416564,0.9987450242042542,True,13.161793749623705,robust_percentile_fallback,9.353736925964649,data_driven_global_percentile_thresholds,CASTILLA,9.325628118624714,data_driven_batch_percentile_thresholds,90.6743718813753,False
297,2025-12-10 23:34:32,2025-12-10 23:35:31,CASTILLA,CASTILLA,CASTILLA,0.9986031651496888,0.0011544796871021,0.0002423574478598,0.9986031651496888,0.9974486827850342,True,12.744396850813088,robust_percentile_fallback,7.201703499686242,data_driven_global_percentile_thresholds,CASTILLA,8.810449744601033,data_driven_batch_percentile_thresholds,91.18955025539897,False
298,2025-12-10 23:35:32,2025-12-10 23:36:31,CASTILLA,CASTILLA,CASTILLA,0.9985400438308716,0.0011084339348599,0.0003515302960295,0.9985400438308716,0.9974316358566284,True,14.152728743602808,robust_percentile_fallback,9.722392386289927,data_driven_global_percentile_thresholds,CASTILLA,10.569794742737134,data_driven_batch_percentile_thresholds,89.43020525726287,False
299,2025-12-10 23:36:32,2025-12-10 23:37:31,CASTILLA,CASTILLA,CASTILLA,0.9987255930900574,0.000931441609282,0.0003430001961532,0.9987255930900574,0.9977941513061525,True,13.533999671028733,robust_percentile_fallback,7.829309114098272,data_driven_global_percentile_thresholds,CASTILLA,8.794728036897082,data_driven_batch_percentile_thresholds,91.20527196310292,False
300,2025-12-10 23:37:32,2025-12-10 23:38:31,CASTILLA,CASTILLA,CASTILLA,0.998976707458496,0.0008035561768338,0.0002197443536715,0.998976707458496,0.998173177242279,True,15.22590779305652,robust_percentile_fallback,9.785045203044298,data_driven_global_percentile_thresholds,CASTILLA,12.68947687586052,data_driven_batch_percentile_thresholds,87.31052312413948,False
301,2025-12-10 23:38:32,2025-12-10 23:39:31,CASTILLA,CASTILLA,CASTILLA,0.9991518259048462,0.0006424663006328,0.0002057525998679,0.9991518259048462,0.9985093474388124,True,13.369151824613308,robust_percentile_fallback,6.457567304960072,data_driven_global_percentile_thresholds,CASTILLA,9.301686299222048,data_driven_batch_percentile_thresholds,90.69831370077796,False
302,2025-12-10 23:39:32,2025-12-10 23:40:31,CASTILLA,CASTILLA,CASTILLA,0.9982060194015504,0.0015419691335409,0.0002519671688787,0.9982060194015504,0.9966640472412108,True,13.186688044140244,robust_percentile_fallback,6.198221310358264,data_driven_global_percentile_thresholds,CASTILLA,8.86193703821248,data_driven_batch_percentile_thresholds,91.13806296178753,False
303,2025-12-10 23:40:32,2025-12-10 23:41:31,CASTILLA,CASTILLA,CASTILLA,0.998753547668457,0.000955777359195,0.0002906201407313,0.998753547668457,0.9977977871894836,True,12.94984449957449,robust_percentile_fallback,7.537022036923726,data_driven_global_percentile_thresholds,CASTILLA,8.556643909614031,data_driven_batch_percentile_thresholds,91.44335609038598,False
304,2025-12-10 23:41:32,2025-12-10 23:42:31,CASTILLA,CASTILLA,CASTILLA,0.9842528700828552,0.0151632521301507,0.0005838719662278,0.9842528700828552,0.9690896272659302,True,16.2016373357698,robust_percentile_fallback,16.741627761289237,data_driven_global_percentile_thresholds,CASTILLA,16.259692553943623,data_driven_batch_percentile_thresholds,83.74030744605638,False
305,2025-12-10 23:42:32,2025-12-10 23:43:31,CASTILLA,CASTILLA,CASTILLA,0.9736392498016356,0.0257616359740495,0.0005991255748085,0.9736392498016356,0.9478775858879088,True,10.890817469085224,robust_percentile_fallback,11.801732741984369,data_driven_global_percentile_thresholds,CASTILLA,11.899529478097833,data_driven_batch_percentile_thresholds,88.10047052190217,False
306,2025-12-10 23:43:32,2025-12-10 23:44:31,CASTILLA,CASTILLA,CASTILLA,0.9836859107017516,0.0156207587569952,0.0006932816468179,0.9836859107017516,0.9680651426315308,True,10.7217077161253,robust_percentile_fallback,10.951465909325837,data_driven_global_percentile_thresholds,CASTILLA,11.322669549735645,data_driven_batch_percentile_thresholds,88.67733045026435,False
307,2025-12-10 23:44:32,2025-12-10 23:45:31,CASTILLA,CASTILLA,CASTILLA,0.9774431586265564,0.0219730380922555,0.0005837494973093,0.9774431586265564,0.9554701447486876,True,9.37443987271285,robust_percentile_fallback,9.247208188134678,data_driven_global_percentile_thresholds,CASTILLA,10.266071988188102,data_driven_batch_percentile_thresholds,89.7339280118119,False
308,2025-12-10 23:45:32,2025-12-10 23:46:31,CASTILLA,CASTILLA,CASTILLA,0.9779531359672546,0.0213953722268342,0.0006514714332297,0.9779531359672546,0.9565577507019044,True,8.779934792961747,robust_percentile_fallback,7.554492969578328,data_driven_global_percentile_thresholds,CASTILLA,9.636832759609064,data_driven_batch_percentile_thresholds,90.36316724039094,False
309,2025-12-10 23:46:32,2025-12-10 23:47:31,CASTILLA,CASTILLA,CASTILLA,0.9764248132705688,0.0228876732289791,0.00068752001971,0.9764248132705688,0.9535371661186218,True,9.144253776073532,robust_percentile_fallback,7.601023607900565,data_driven_global_percentile_thresholds,CASTILLA,8.752769141682329,data_driven_batch_percentile_thresholds,91.24723085831766,False
310,2025-12-10 23:47:32,2025-12-10 23:48:31,CASTILLA,CASTILLA,CASTILLA,0.976179838180542,0.0231098104268312,0.0007103995885699,0.976179838180542,0.9530700445175172,True,7.812962503362269,robust_percentile_fallback,6.020945583228298,data_driven_global_percentile_thresholds,CASTILLA,8.115734088702984,data_driven_batch_percentile_thresholds,91.88426591129702,False
311,2025-12-10 23:48:32,2025-12-10 23:49:31,CASTILLA,CASTILLA,CASTILLA,0.983217477798462,0.0161809436976909,0.000601532519795,0.983217477798462,0.9670365452766418,True,8.202477616073844,robust_percentile_fallback,6.401977159115526,data_driven_global_percentile_thresholds,CASTILLA,8.711256598710408,data_driven_batch_percentile_thresholds,91.2887434012896,False
312,2025-12-10 23:49:32,2025-12-10 23:50:31,CASTILLA,CASTILLA,CASTILLA,0.974482536315918,0.0246599912643432,0.0008573928498663,0.974482536315918,0.9498225450515748,True,8.524412364355697,robust_percentile_fallback,6.822756704648325,data_driven_global_percentile_thresholds,CASTILLA,8.347201790392573,data_driven_batch_percentile_thresholds,91.65279820960743,False
313,2025-12-10 23:50:32,2025-12-10 23:51:31,CASTILLA,CASTILLA,CASTILLA,0.9675973057746888,0.031665876507759,0.0007368188234977,0.9675973057746888,0.9359314441680908,True,9.31481898428945,robust_percentile_fallback,7.993368468393929,data_driven_global_percentile_thresholds,CASTILLA,9.84893989549396,data_driven_batch_percentile_thresholds,90.15106010450604,False
317,2025-12-10 23:54:32,2025-12-10 23:55:31,MEZCLA,MEZCLA,MEZCLA,0.0268981475383043,0.972302496433258,0.0007992935716174,0.972302496433258,0.9454043507575988,True,11.427547054996747,robust_percentile_fallback,9.434953214369216,data_driven_global_percentile_thresholds,MEZCLA,12.441143511758256,data_driven_batch_percentile_thresholds,87.55885648824174,False
318,2025-12-10 23:55:32,2025-12-10 23:56:31,MEZCLA,MEZCLA,MEZCLA,0.0070806313306093,0.9922989010810852,0.0006204535602591,0.9922989010810852,0.9852182865142822,True,8.807697587798382,robust_percentile_fallback,5.678095932960722,data_driven_global_percentile_thresholds,MEZCLA,8.943949787104758,data_driven_batch_percentile_thresholds,91.05605021289524,False
319,2025-12-10 23:56:32,2025-12-10 23:57:31,MEZCLA,MEZCLA,MEZCLA,0.0037663034163415,0.9957973957061768,0.00043629531865,0.9957973957061768,0.9920310974121094,True,9.17393757921893,robust_percentile_fallback,5.350248098440185,data_driven_global_percentile_thresholds,MEZCLA,8.54327122585609,data_driven_batch_percentile_thresholds,91.45672877414391,False
320,2025-12-10 23:57:32,2025-12-10 23:58:31,MEZCLA,MEZCLA,MEZCLA,0.0080182934179902,0.9913431406021118,0.0006385368178598,0.9913431406021118,0.9833248257637024,True,10.43853862666408,robust_percentile_fallback,8.166978729001288,data_driven_global_percentile_thresholds,MEZCLA,12.1351785713565,data_driven_batch_percentile_thresholds,87.8648214286435,False
321,2025-12-10 23:58:32,2025-12-10 23:59:31,MEZCLA,MEZCLA,MEZCLA,0.0047356453724205,0.9948008060455322,0.0004635732911992,0.9948008060455322,0.9900651574134828,True,10.53596901366006,robust_percentile_fallback,8.811904945691861,data_driven_global_percentile_thresholds,MEZCLA,11.791391274075924,data_driven_batch_percentile_thresholds,88.20860872592408,False
322,2025-12-10 23:59:32,2025-12-11 00:00:31,MEZCLA,MEZCLA,MEZCLA,0.0054384726099669,0.9939892292022704,0.0005722609348595,0.9939892292022704,0.9885507822036744,True,10.480845476426868,robust_percentile_fallback,7.009714938302267,data_driven_global_percentile_thresholds,MEZCLA,9.28534952064564,data_driven_batch_percentile_thresholds,90.71465047935436,False
323,2025-12-11 00:00:32,2025-12-11 00:01:31,MEZCLA,MEZCLA,MEZCLA,0.0118239130824804,0.9872835874557496,0.0008924727444536,0.9872835874557496,0.9754596948623656,True,9.949690635642131,robust_percentile_fallback,6.68349533680934,data_driven_global_percentile_thresholds,MEZCLA,9.951996670152896,data_driven_batch_percentile_thresholds,90.0480033298471,False
324,2025-12-11 00:01:32,2025-12-11 00:02:31,MEZCLA,MEZCLA,MEZCLA,0.0369484759867191,0.961753249168396,0.0012982356129214,0.961753249168396,0.9248047471046448,True,8.910302217534909,robust_percentile_fallback,5.825170703292123,data_driven_global_percentile_thresholds,MEZCLA,8.55276683504654,data_driven_batch_percentile_thresholds,91.44723316495346,False
325,2025-12-11 00:02:32,2025-12-11 00:03:31,MEZCLA,MEZCLA,MEZCLA,0.0037732417695224,0.9958391189575196,0.0003876166883856,0.9958391189575196,0.9920659065246582,True,10.82667757041128,robust_percentile_fallback,7.230723798989318,data_driven_global_percentile_thresholds,MEZCLA,9.168661683075351,data_driven_batch_percentile_thresholds,90.83133831692464,False
326,2025-12-11 00:03:32,2025-12-11 00:04:31,MEZCLA,MEZCLA,MEZCLA,0.0026520795654505,0.996971845626831,0.0003760385152418,0.996971845626831,0.99431973695755,True,11.259529771512009,robust_percentile_fallback,7.692571338332155,data_driven_global_percentile_thresholds,MEZCLA,10.358718300181714,data_driven_batch_percentile_thresholds,89.64128169981828,False
327,2025-12-11 00:04:32,2025-12-11 00:05:31,MEZCLA,MEZCLA,MEZCLA,0.0026694785337895,0.997056245803833,0.0002743244986049,0.997056245803833,0.9943867921829224,True,11.093295593496626,robust_percentile_fallback,6.407927923820659,data_driven_global_percentile_thresholds,MEZCLA,8.056211268612735,data_driven_batch_percentile_thresholds,91.94378873138726,False
328,2025-12-11 00:05:32,2025-12-11 00:06:31,MEZCLA,MEZCLA,MEZCLA,0.0027997689321637,0.9967901110649108,0.0004100565274711,0.9967901110649108,0.9939903616905212,True,11.800293379226687,robust_percentile_fallback,7.866634199039535,data_driven_global_percentile_thresholds,MEZCLA,9.359798314841052,data_driven_batch_percentile_thresholds,90.64020168515894,False
329,2025-12-11 00:06:32,2025-12-11 00:07:31,MEZCLA,MEZCLA,MEZCLA,0.004077882040292,0.9955615997314452,0.0003605026286095,0.9955615997314452,0.9914836883544922,True,12.249143142631477,robust_percentile_fallback,8.372544634518452,data_driven_global_percentile_thresholds,MEZCLA,10.489637863759777,data_driven_batch_percentile_thresholds,89.51036213624022,False
330,2025-12-11 00:07:32,2025-12-11 00:08:31,MEZCLA,MEZCLA,MEZCLA,0.0027917134575545,0.9969172477722168,0.000291089847451,0.9969172477722168,0.9941255450248718,True,10.64099880718267,robust_percentile_fallback,5.768646995799792,data_driven_global_percentile_thresholds,MEZCLA,8.502512421267742,data_driven_batch_percentile_thresholds,91.49748757873226,False
331,2025-12-11 00:08:32,2025-12-11 00:09:31,MEZCLA,MEZCLA,MEZCLA,0.0038227110635489,0.9957408905029296,0.0004363972402643,0.9957408905029296,0.9919182062149048,True,9.541153465723111,robust_percentile_fallback,4.683244520902905,data_driven_global_percentile_thresholds,MEZCLA,8.99231757008435,data_driven_batch_percentile_thresholds,91.00768242991565,False
332,2025-12-11 00:09:32,2025-12-11 00:10:31,MEZCLA,MEZCLA,MEZCLA,0.0023933316115289,0.9972525238990784,0.0003541499318089,0.9972525238990784,0.994859218597412,True,9.146632861715997,robust_percentile_fallback,3.135766189005724,data_driven_global_percentile_thresholds,MEZCLA,6.85393131722318,data_driven_batch_percentile_thresholds,93.14606868277681,False
333,2025-12-11 00:10:32,2025-12-11 00:11:31,MEZCLA,MEZCLA,MEZCLA,0.0037622756790369,0.9958500862121582,0.0003876627306453,0.9958500862121582,0.9920877814292908,True,8.712114761062615,robust_percentile_fallback,4.891481401201471,data_driven_global_percentile_thresholds,MEZCLA,9.071531517697233,data_driven_batch_percentile_thresholds,90.92846848230276,False
334,2025-12-11 00:11:32,2025-12-11 00:12:31,MEZCLA,MEZCLA,MEZCLA,0.0028397901915013,0.9968938827514648,0.0002662676270119,0.9968938827514648,0.994054079055786,True,8.827483598361345,robust_percentile_fallback,5.498243284738982,data_driven_global_percentile_thresholds,MEZCLA,9.421308142667636,data_driven_batch_percentile_thresholds,90.57869185733236,False
335,2025-12-11 00:12:32,2025-12-11 00:13:31,MEZCLA,MEZCLA,MEZCLA,0.0036702004726976,0.996061146259308,0.0002686573425307,0.996061146259308,0.9923909306526184,True,8.387596180448188,robust_percentile_fallback,3.3580278030034862,data_driven_global_percentile_thresholds,MEZCLA,6.968896906860775,data_driven_batch_percentile_thresholds,93.03110309313922,False
336,2025-12-11 00:13:32,2025-12-11 00:14:31,MEZCLA,MEZCLA,MEZCLA,0.0084901489317417,0.9911394715309144,0.0003703505790326,0.9911394715309144,0.9826493263244628,True,7.109006655776158,robust_percentile_fallback,1.9804199660576487,data_driven_global_percentile_thresholds,MEZCLA,6.2226281431408985,data_driven_batch_percentile_thresholds,93.7773718568591,False
337,2025-12-11 00:14:32,2025-12-11 00:15:31,MEZCLA,MEZCLA,MEZCLA,0.0018954278202727,0.997904896736145,0.0001997232757275,0.997904896736145,0.9960094690322876,True,9.80404673124674,robust_percentile_fallback,6.161621848894785,data_driven_global_percentile_thresholds,MEZCLA,10.13812959741236,data_driven_batch_percentile_thresholds,89.86187040258764,False
338,2025-12-11 00:15:32,2025-12-11 00:16:31,MEZCLA,MEZCLA,MEZCLA,0.0021825868170708,0.9975581169128418,0.0002593222016002,0.9975581169128418,0.9953755140304564,True,9.445551642703348,robust_percentile_fallback,4.622040246140318,data_driven_global_percentile_thresholds,MEZCLA,8.157726822463523,data_driven_batch_percentile_thresholds,91.84227317753647,False
339,2025-12-11 00:16:32,2025-12-11 00:17:31,MEZCLA,MEZCLA,MEZCLA,0.0019473211141303,0.9978635907173156,0.0001891134161269,0.9978635907173156,0.9959162473678588,True,10.767242113026146,robust_percentile_fallback,6.494424286691223,data_driven_global_percentile_thresholds,MEZCLA,9.712836743101253,data_driven_batch_percentile_thresholds,90.28716325689875,False
340,2025-12-11 00:17:32,2025-12-11 00:18:31,MEZCLA,MEZCLA,MEZCLA,0.0023231154773384,0.9974544644355774,0.0002224514901172,0.9974544644355774,0.9951313734054564,True,8.771643996391274,robust_percentile_fallback,4.870321566015702,data_driven_global_percentile_thresholds,MEZCLA,8.602521817319865,data_driven_batch_percentile_thresholds,91.39747818268013,False
341,2025-12-11 00:18:32,2025-12-11 00:19:31,MEZCLA,MEZCLA,MEZCLA,0.0029236730188131,0.9968708157539368,0.0002055451768683,0.9968708157539368,0.9939471483230592,True,11.004590904011344,robust_percentile_fallback,7.561600888884787,data_driven_global_percentile_thresholds,MEZCLA,10.824507650075772,data_driven_batch_percentile_thresholds,89.17549234992423,False
342,2025-12-11 00:19:32,2025-12-11 00:20:31,MEZCLA,MEZCLA,MEZCLA,0.0023403891827911,0.9974381923675536,0.0002213556872447,0.9974381923675536,0.995097815990448,True,11.094792026776704,robust_percentile_fallback,6.683287472832761,data_driven_global_percentile_thresholds,MEZCLA,9.528696429549592,data_driven_batch_percentile_thresholds,90.4713035704504,False
343,2025-12-11 00:20:32,2025-12-11 00:21:31,MEZCLA,MEZCLA,MEZCLA,0.0049700322560966,0.994695484638214,0.0003345396544318,0.994695484638214,0.9897254705429076,True,15.840715574786266,robust_percentile_fallback,20.37492301853163,data_driven_global_percentile_thresholds,MEZCLA,21.74153309204708,data_driven_batch_percentile_thresholds,78.25846690795292,False
344,2025-12-11 00:21:32,2025-12-11 00:22:31,MEZCLA,MEZCLA,MEZCLA,0.0028965778183192,0.9968427419662476,0.0002606638008728,0.9968427419662476,0.993946135044098,True,14.06252483743225,robust_percentile_fallback,15.491787823986884,data_driven_global_percentile_thresholds,MEZCLA,18.53322264078918,data_driven_batch_percentile_thresholds,81.46677735921082,False
345,2025-12-11 00:22:32,2025-12-11 00:23:31,MEZCLA,MEZCLA,MEZCLA,0.0022749858908355,0.9974765181541444,0.0002484420256223,0.9974765181541444,0.9952015280723572,True,13.973203149238682,robust_percentile_fallback,13.009611636038551,data_driven_global_percentile_thresholds,MEZCLA,16.167702822566582,data_driven_batch_percentile_thresholds,83.83229717743342,False
346,2025-12-11 00:23:32,2025-12-11 00:24:31,MEZCLA,MEZCLA,MEZCLA,0.0025435010902583,0.9972840547561646,0.0001724480389384,0.9972840547561646,0.9947405457496644,True,11.32499548797581,robust_percentile_fallback,6.800741752783795,data_driven_global_percentile_thresholds,MEZCLA,9.858453235759814,data_driven_batch_percentile_thresholds,90.14154676424019,False
347,2025-12-11 00:24:32,2025-12-11 00:25:31,MEZCLA,MEZCLA,MEZCLA,0.0031203383114188,0.9965980648994446,0.0002815668412949,0.9965980648994446,0.993477702140808,True,14.20688386907225,robust_percentile_fallback,16.723222717277928,data_driven_global_percentile_thresholds,MEZCLA,18.11542090125044,data_driven_batch_percentile_thresholds,81.88457909874955,False
348,2025-12-11 00:25:32,2025-12-11 00:26:31,MEZCLA,MEZCLA,MEZCLA,0.0023358755279332,0.9974119067192078,0.0002522185095585,0.9974119067192078,0.995076060295105,True,13.350031047022396,robust_percentile_fallback,14.647500146625813,data_driven_global_percentile_thresholds,MEZCLA,17.701708801450593,data_driven_batch_percentile_thresholds,82.2982911985494,False
349,2025-12-11 00:26:32,2025-12-11 00:27:31,MEZCLA,MEZCLA,MEZCLA,0.0015930077061057,0.9981788396835328,0.0002281816123286,0.9981788396835328,0.9965858459472656,True,13.9694952919537,robust_percentile_fallback,15.023394660493048,data_driven_global_percentile_thresholds,MEZCLA,18.20383514356495,data_driven_batch_percentile_thresholds,81.79616485643504,False
350,2025-12-11 00:27:32,2025-12-11 00:28:31,MEZCLA,MEZCLA,MEZCLA,0.0029300372116267,0.9967010617256165,0.0003688558936119,0.9967010617256165,0.9937710165977478,True,14.218158730830009,robust_percentile_fallback,17.377972902857195,data_driven_global_percentile_thresholds,MEZCLA,18.4550750886144,data_driven_batch_percentile_thresholds,81.5449249113856,False
351,2025-12-11 00:28:32,2025-12-11 00:29:31,MEZCLA,MEZCLA,MEZCLA,0.002094839932397,0.9976596832275392,0.0002455231442581,0.9976596832275392,0.9955648183822632,True,13.781627102612592,robust_percentile_fallback,14.979767591161012,data_driven_global_percentile_thresholds,MEZCLA,17.94296591261771,data_driven_batch_percentile_thresholds,82.05703408738229,False
352,2025-12-11 00:29:32,2025-12-11 00:30:31,MEZCLA,MEZCLA,MEZCLA,0.0037843128666281,0.995890498161316,0.0003251371963415,0.995890498161316,0.9921061992645264,True,15.14541943738033,robust_percentile_fallback,17.89241406179113,data_driven_global_percentile_thresholds,MEZCLA,20.179884841248462,data_driven_batch_percentile_thresholds,79.82011515875153,False
353,2025-12-11 00:30:32,2025-12-11 00:31:31,MEZCLA,MEZCLA,MEZCLA,0.0017677276628091,0.997931718826294,0.0003005851758643,0.997931718826294,0.9961639642715454,True,14.858568591747147,robust_percentile_fallback,17.481464734583195,data_driven_global_percentile_thresholds,MEZCLA,19.197076344915654,data_driven_batch_percentile_thresholds,80.80292365508434,False
354,2025-12-11 00:31:32,2025-12-11 00:32:31,MEZCLA,MEZCLA,MEZCLA,0.0017683448968455,0.9980069994926452,0.0002246706571895,0.9980069994926452,0.996238648891449,True,14.320185460955772,robust_percentile_fallback,15.857378693423264,data_driven_global_percentile_thresholds,MEZCLA,18.222201111661345,data_driven_batch_percentile_thresholds,81.77779888833865,False
355,2025-12-11 00:32:32,2025-12-11 00:33:31,MEZCLA,MEZCLA,MEZCLA,0.0030408024322241,0.996639609336853,0.0003195332246832,0.996639609336853,0.9935988187789916,True,14.462052106621302,robust_percentile_fallback,16.05563525633386,data_driven_global_percentile_thresholds,MEZCLA,17.25352310325633,data_driven_batch_percentile_thresholds,82.74647689674367,False
356,2025-12-11 00:33:32,2025-12-11 00:34:31,MEZCLA,MEZCLA,MEZCLA,0.0032644933089613,0.9964126944541932,0.0003228179703,0.9964126944541932,0.9931482076644896,True,17.37703091136116,robust_percentile_fallback,22.714998487178093,data_driven_global_percentile_thresholds,MEZCLA,22.870906922870702,data_driven_batch_percentile_thresholds,77.1290930771293,False
357,2025-12-11 00:34:32,2025-12-11 00:35:31,MEZCLA,MEZCLA,MEZCLA,0.0016352901002392,0.9981239438056946,0.0002407783904345,0.9981239438056946,0.996488630771637,True,14.563268891268525,robust_percentile_fallback,15.950528646962784,data_driven_global_percentile_thresholds,MEZCLA,18.68791580205444,data_driven_batch_percentile_thresholds,81.31208419794555,False
358,2025-12-11 00:35:32,2025-12-11 00:36:31,MEZCLA,MEZCLA,MEZCLA,0.0015204630326479,0.9981921315193176,0.0002873706107493,0.9981921315193176,0.9966716766357422,True,15.26723767942615,robust_percentile_fallback,18.406779781060784,data_driven_global_percentile_thresholds,MEZCLA,19.514989864578872,data_driven_batch_percentile_thresholds,80.48501013542113,False
359,2025-12-11 00:36:32,2025-12-11 00:37:31,MEZCLA,MEZCLA,MEZCLA,0.0036820566747337,0.9959902167320251,0.0003276969655416,0.9959902167320251,0.9923081398010254,True,16.605769172748573,robust_percentile_fallback,21.88845982866091,data_driven_global_percentile_thresholds,MEZCLA,22.61656397542744,data_driven_batch_percentile_thresholds,77.38343602457256,False
360,2025-12-11 00:37:32,2025-12-11 00:38:31,MEZCLA,MEZCLA,MEZCLA,0.003758885199204,0.9958996176719666,0.0003414948005229,0.9958996176719666,0.9921407103538512,True,15.956156147258568,robust_percentile_fallback,21.182243407383822,data_driven_global_percentile_thresholds,MEZCLA,22.933499018863703,data_driven_batch_percentile_thresholds,77.0665009811363,False
361,2025-12-11 00:38:32,2025-12-11 00:39:31,MEZCLA,MEZCLA,MEZCLA,0.0016456430312246,0.998095452785492,0.0002589316572993,0.998095452785492,0.9964498281478882,True,15.216632105901311,robust_percentile_fallback,18.117059881348982,data_driven_global_percentile_thresholds,MEZCLA,19.817750573331416,data_driven_batch_percentile_thresholds,80.18224942666859,False
362,2025-12-11 00:39:32,2025-12-11 00:40:31,MEZCLA,MEZCLA,MEZCLA,0.0068651135079562,0.9927740097045898,0.0003608019906096,0.9927740097045898,0.9859089255332948,True,16.098845235027955,robust_percentile_fallback,21.4875706257198,data_driven_global_percentile_thresholds,MEZCLA,22.637218928676248,data_driven_batch_percentile_thresholds,77.36278107132375,False
363,2025-12-11 00:40:32,2025-12-11 00:41:31,MEZCLA,MEZCLA,MEZCLA,0.0019349214853718,0.997788667678833,0.0002763700904324,0.997788667678833,0.9958537220954896,True,15.518090443958815,robust_percentile_fallback,18.679361583714535,data_driven_global_percentile_thresholds,MEZCLA,18.96025496146573,data_driven_batch_percentile_thresholds,81.03974503853428,False
364,2025-12-11 00:41:32,2025-12-11 00:42:31,MEZCLA,MEZCLA,MEZCLA,0.0026928447186946,0.9970466494560242,0.0002605431363917,0.9970466494560242,0.9943538308143616,True,17.428762792616173,robust_percentile_fallback,21.956417342293,data_driven_global_percentile_thresholds,MEZCLA,23.20860231183643,data_driven_batch_percentile_thresholds,76.79139768816357,False
365,2025-12-11 00:42:32,2025-12-11 00:43:31,MEZCLA,MEZCLA,MEZCLA,0.0028684730641543,0.9968720078468324,0.0002595444966573,0.9968720078468324,0.9940035343170166,True,17.305994927933593,robust_percentile_fallback,21.24458516513544,data_driven_global_percentile_thresholds,MEZCLA,22.88601011061455,data_driven_batch_percentile_thresholds,77.11398988938545,False
366,2025-12-11 00:43:32,2025-12-11 00:44:31,MEZCLA,MEZCLA,MEZCLA,0.0021402351558208,0.9975982308387756,0.0002614994882605,0.9975982308387756,0.9954580068588256,True,17.531980191072325,robust_percentile_fallback,21.8251984858092,data_driven_global_percentile_thresholds,MEZCLA,22.084325146016063,data_driven_batch_percentile_thresholds,77.91567485398394,False
367,2025-12-11 00:44:32,2025-12-11 00:45:31,MEZCLA,MEZCLA,MEZCLA,0.0021425632294267,0.9976434111595154,0.0002140369906555,0.9976434111595154,0.9955008625984192,True,17.356381411006357,robust_percentile_fallback,21.12857484234965,data_driven_global_percentile_thresholds,MEZCLA,21.436072188493124,data_driven_batch_percentile_thresholds,78.56392781150687,False
368,2025-12-11 00:45:32,2025-12-11 00:46:31,MEZCLA,MEZCLA,MEZCLA,0.003105720039457,0.9964545965194702,0.00043965128134,0.9964545965194702,0.9933488965034484,True,16.052273591070815,robust_percentile_fallback,17.251137551895518,data_driven_global_percentile_thresholds,MEZCLA,18.79326631637016,data_driven_batch_percentile_thresholds,81.20673368362984,False
369,2025-12-11 00:46:32,2025-12-11 00:47:31,MEZCLA,MEZCLA,MEZCLA,0.002328562317416,0.9974651336669922,0.0002063445572275,0.9974651336669922,0.995136559009552,True,17.19811461400417,robust_percentile_fallback,21.45703561448401,data_driven_global_percentile_thresholds,MEZCLA,22.432847130312155,data_driven_batch_percentile_thresholds,77.56715286968785,False
370,2025-12-11 00:47:32,2025-12-11 00:48:31,MEZCLA,MEZCLA,MEZCLA,0.0016092393780127,0.998157560825348,0.0002331724826944,0.998157560825348,0.9965482950210572,True,16.84114155465982,robust_percentile_fallback,21.737772796608112,data_driven_global_percentile_thresholds,MEZCLA,22.680334608431032,data_driven_batch_percentile_thresholds,77.31966539156898,False
371,2025-12-11 00:48:32,2025-12-11 00:49:31,MEZCLA,MEZCLA,MEZCLA,0.0041290754452347,0.9955723285675048,0.0002985587343573,0.9955723285675048,0.9914432764053344,True,16.737500134379715,robust_percentile_fallback,21.24531575264915,data_driven_global_percentile_thresholds,MEZCLA,22.81741604927946,data_driven_batch_percentile_thresholds,77.18258395072054,False
372,2025-12-11 00:49:32,2025-12-11 00:50:31,MEZCLA,MEZCLA,MEZCLA,0.0029422643128782,0.9967706203460692,0.000287163129542,0.9967706203460692,0.9938283562660216,True,16.684329323994504,robust_percentile_fallback,22.959446334918457,data_driven_global_percentile_thresholds,MEZCLA,22.97793558969878,data_driven_batch_percentile_thresholds,77.02206441030123,False
373,2025-12-11 00:50:32,2025-12-11 00:51:31,MEZCLA,MEZCLA,MEZCLA,0.0038854863960295,0.995682954788208,0.0004315437108743,0.995682954788208,0.9917974472045898,True,17.36772126172655,robust_percentile_fallback,23.805963750846644,data_driven_global_percentile_thresholds,MEZCLA,24.37134414545221,data_driven_batch_percentile_thresholds,75.62865585454779,False
374,2025-12-11 00:51:32,2025-12-11 00:52:31,MEZCLA,MEZCLA,MEZCLA,0.0041540767997503,0.9954959154129028,0.0003500594757497,0.9954959154129028,0.9913418292999268,True,15.81646787195264,robust_percentile_fallback,20.183309664316376,data_driven_global_percentile_thresholds,MEZCLA,21.914386304404943,data_driven_batch_percentile_thresholds,78.08561369559506,False
375,2025-12-11 00:52:32,2025-12-11 00:53:31,MEZCLA,MEZCLA,MEZCLA,0.0164721570909023,0.983012855052948,0.0005150343640707,0.983012855052948,0.9665406942367554,True,15.182198592646468,robust_percentile_fallback,18.27226695259252,data_driven_global_percentile_thresholds,MEZCLA,19.139128084283048,data_driven_batch_percentile_thresholds,80.86087191571696,False
376,2025-12-11 00:53:32,2025-12-11 00:54:31,MEZCLA,MEZCLA,MEZCLA,0.0045361663214862,0.9951545000076294,0.000309393799398,0.9951545000076294,0.9906183481216432,True,17.01960554979154,robust_percentile_fallback,23.992180379165447,data_driven_global_percentile_thresholds,MEZCLA,24.568626592518516,data_driven_batch_percentile_thresholds,75.43137340748149,False
377,2025-12-11 00:54:32,2025-12-11 00:55:31,MEZCLA,MEZCLA,MEZCLA,0.003343703225255,0.9963907599449158,0.0002654595009516,0.9963907599449158,0.993047058582306,True,17.29199648207699,robust_percentile_fallback,24.649991112984694,data_driven_global_percentile_thresholds,MEZCLA,23.9821590850724,data_driven_batch_percentile_thresholds,76.0178409149276,False
378,2025-12-11 00:55:32,2025-12-11 00:56:31,MEZCLA,MEZCLA,MEZCLA,0.0032484550029039,0.996542990207672,0.000208509285585,0.996542990207672,0.9932945370674132,True,16.60512650451888,robust_percentile_fallback,21.207197967338928,data_driven_global_percentile_thresholds,MEZCLA,22.87641609775545,data_driven_batch_percentile_thresholds,77.12358390224455,False
379,2025-12-11 00:56:32,2025-12-11 00:57:31,MEZCLA,MEZCLA,MEZCLA,0.0059554586187005,0.9936841130256652,0.000360369333066,0.9936841130256652,0.9877286553382874,True,16.99712117820744,robust_percentile_fallback,20.483211766388877,data_driven_global_percentile_thresholds,MEZCLA,22.064334003403378,data_driven_batch_percentile_thresholds,77.93566599659663,False
380,2025-12-11 00:57:32,2025-12-11 00:58:31,MEZCLA,MEZCLA,MEZCLA,0.0076689491979777,0.9919158816337584,0.0004151870089117,0.9919158816337584,0.9842469096183776,True,17.2405126247406,robust_percentile_fallback,20.497982810741377,data_driven_global_percentile_thresholds,MEZCLA,21.549747046537043,data_driven_batch_percentile_thresholds,78.45025295346295,False
381,2025-12-11 00:58:32,2025-12-11 00:59:31,MEZCLA,MEZCLA,MEZCLA,0.0112448148429393,0.9881028532981871,0.0006523306947201,0.9881028532981871,0.9768580198287964,True,12.984494331900212,robust_percentile_fallback,6.152876329477469,data_driven_global_percentile_thresholds,MEZCLA,8.930000831518385,data_driven_batch_percentile_thresholds,91.06999916848162,False
382,2025-12-11 00:59:32,2025-12-11 01:00:31,MEZCLA,MEZCLA,MEZCLA,0.0019203063566237,0.9976542592048644,0.0004254313826095,0.9976542592048644,0.9957339763641356,True,16.191126464034735,robust_percentile_fallback,12.874945465558616,data_driven_global_percentile_thresholds,MEZCLA,13.690058128885262,data_driven_batch_percentile_thresholds,86.30994187111475,False
383,2025-12-11 01:00:32,2025-12-11 01:01:31,MEZCLA,MEZCLA,MEZCLA,0.0004455737653188,0.999432384967804,0.0001220258636749,0.999432384967804,0.998986840248108,True,18.53965339229753,robust_percentile_fallback,16.202752766934356,data_driven_global_percentile_thresholds,MEZCLA,17.51857010514765,data_driven_batch_percentile_thresholds,82.48142989485235,False
384,2025-12-11 01:01:32,2025-12-11 01:02:31,MEZCLA,MEZCLA,MEZCLA,0.0001612607884453,0.9995699524879456,0.000268825009698,0.9995699524879456,0.9993011355400084,True,20.163671913970685,robust_percentile_fallback,18.12204446412266,data_driven_global_percentile_thresholds,MEZCLA,19.11265287138909,data_driven_batch_percentile_thresholds,80.88734712861091,False
385,2025-12-11 01:02:32,2025-12-11 01:03:31,MEZCLA,MEZCLA,MEZCLA,0.0001660195557633,0.9994664788246156,0.0003675427287817,0.9994664788246156,0.9990989565849304,True,22.289502949537027,robust_percentile_fallback,20.562773226233052,data_driven_global_percentile_thresholds,MEZCLA,22.64937098172185,data_driven_batch_percentile_thresholds,77.35062901827814,False
386,2025-12-11 01:03:32,2025-12-11 01:04:31,MEZCLA,MEZCLA,MEZCLA,0.0001888607221189,0.9994091987609864,0.0004019600746687,0.9994091987609864,0.9990072250366212,True,22.861689744308396,robust_percentile_fallback,21.012622399565664,data_driven_global_percentile_thresholds,MEZCLA,23.09096692412948,data_driven_batch_percentile_thresholds,76.90903307587052,False
387,2025-12-11 01:04:32,2025-12-11 01:05:31,MEZCLA,MEZCLA,MEZCLA,0.0001635275402804,0.9994056224822998,0.0004309091600589,0.9994056224822998,0.9989747405052184,True,23.69200097392265,robust_percentile_fallback,23.51822984942995,data_driven_global_percentile_thresholds,MEZCLA,24.37508858914579,data_driven_batch_percentile_thresholds,75.62491141085421,False
388,2025-12-11 01:05:32,2025-12-11 01:06:31,MEZCLA,MEZCLA,MEZCLA,0.0001583777484484,0.9995039701461792,0.0003377037064637,0.9995039701461792,0.9991662502288818,True,24.70093770834322,robust_percentile_fallback,24.202121785023625,data_driven_global_percentile_thresholds,MEZCLA,24.1482947744547,data_driven_batch_percentile_thresholds,75.8517052255453,False
389,2025-12-11 01:06:32,2025-12-11 01:07:31,MEZCLA,MEZCLA,MEZCLA,0.0001106860509025,0.9995982050895692,0.0002911431656684,0.9995982050895692,0.9993070363998412,True,25.24670010299,robust_percentile_fallback,23.885595111565443,data_driven_global_percentile_thresholds,MEZCLA,23.414616253640148,data_driven_batch_percentile_thresholds,76.58538374635985,False
390,2025-12-11 01:07:32,2025-12-11 01:08:31,MEZCLA,MEZCLA,MEZCLA,0.0001517392229288,0.9994538426399232,0.0003944749769289,0.9994538426399232,0.9990593791007996,True,24.431903562426413,robust_percentile_fallback,21.677153817291288,data_driven_global_percentile_thresholds,MEZCLA,21.87304252092552,data_driven_batch_percentile_thresholds,78.12695747907448,False
391,2025-12-11 01:08:32,2025-12-11 01:09:31,MEZCLA,MEZCLA,MEZCLA,0.0001653186918701,0.9994378685951232,0.0003967902157455,0.9994378685951232,0.9990410804748536,True,23.79869083083312,robust_percentile_fallback,19.958694348290468,data_driven_global_percentile_thresholds,MEZCLA,18.52559219905601,data_driven_batch_percentile_thresholds,81.474407800944,False
392,2025-12-11 01:09:32,2025-12-11 01:10:31,MEZCLA,MEZCLA,MEZCLA,8.19295019027777e-05,0.999685764312744,0.0002323789085494,0.999685764312744,0.9994533658027648,True,24.122165545326837,robust_percentile_fallback,19.104686674339604,data_driven_global_percentile_thresholds,MEZCLA,16.3002279448181,data_driven_batch_percentile_thresholds,83.6997720551819,False
393,2025-12-11 01:10:32,2025-12-11 01:11:31,MEZCLA,MEZCLA,MEZCLA,0.0001000852062134,0.9996254444122314,0.0002744667290244,0.9996254444122314,0.9993509650230408,True,24.654327264467085,robust_percentile_fallback,21.14706699688319,data_driven_global_percentile_thresholds,MEZCLA,18.88133197926106,data_driven_batch_percentile_thresholds,81.11866802073894,False
394,2025-12-11 01:11:32,2025-12-11 01:12:31,MEZCLA,MEZCLA,MEZCLA,7.624134741490707e-05,0.9996718168258668,0.0002519600966479,0.9996718168258668,0.9994198679924012,True,24.09745188329747,robust_percentile_fallback,19.370283937135294,data_driven_global_percentile_thresholds,MEZCLA,15.515320928993887,data_driven_batch_percentile_thresholds,84.48467907100611,False
395,2025-12-11 01:12:32,2025-12-11 01:13:31,MEZCLA,MEZCLA,MEZCLA,0.0001295032998314,0.999570906162262,0.000299593550153,0.999570906162262,0.9992713332176208,True,23.782106102374293,robust_percentile_fallback,18.81190266543245,data_driven_global_percentile_thresholds,MEZCLA,15.99746285789706,data_driven_batch_percentile_thresholds,84.00253714210294,False
396,2025-12-11 01:13:32,2025-12-11 01:14:31,MEZCLA,MEZCLA,MEZCLA,0.0001100870867958,0.9996891021728516,0.0002008765004575,0.9996891021728516,0.9994882345199584,True,23.21435864866124,robust_percentile_fallback,19.01381127445886,data_driven_global_percentile_thresholds,MEZCLA,18.400317491203307,data_driven_batch_percentile_thresholds,81.59968250879669,False
397,2025-12-11 01:14:32,2025-12-11 01:15:31,MEZCLA,MEZCLA,MEZCLA,0.0001210056507261,0.9995251893997192,0.0003537971351761,0.9995251893997192,0.9991713762283324,True,23.89694328408784,robust_percentile_fallback,20.951700044174117,data_driven_global_percentile_thresholds,MEZCLA,20.92391084705061,data_driven_batch_percentile_thresholds,79.0760891529494,False
398,2025-12-11 01:15:32,2025-12-11 01:16:31,MEZCLA,MEZCLA,MEZCLA,0.0001067118355422,0.9996658563613892,0.0002273878344567,0.9996658563613892,0.999438464641571,True,23.8151423645802,robust_percentile_fallback,19.021441335284614,data_driven_global_percentile_thresholds,MEZCLA,17.358906211488588,data_driven_batch_percentile_thresholds,82.64109378851141,False
399,2025-12-11 01:16:32,2025-12-11 01:17:31,MEZCLA,MEZCLA,MEZCLA,6.862206646474078e-05,0.9997697472572328,0.0001616814261069,0.9997697472572328,0.999608039855957,True,25.352697427012234,robust_percentile_fallback,22.417186682653,data_driven_global_percentile_thresholds,MEZCLA,16.31993650615157,data_driven_batch_percentile_thresholds,83.68006349384842,False
400,2025-12-11 01:17:32,2025-12-11 01:18:31,MEZCLA,MEZCLA,MEZCLA,0.000107313710032,0.9996616840362548,0.0002309831179445,0.9996616840362548,0.9994307160377502,True,24.01285033341789,robust_percentile_fallback,20.21726205689349,data_driven_global_percentile_thresholds,MEZCLA,15.92795217567902,data_driven_batch_percentile_thresholds,84.07204782432098,False
401,2025-12-11 01:18:32,2025-12-11 01:19:31,MEZCLA,MEZCLA,MEZCLA,0.0001049686834448,0.998768150806427,0.0011268366361036,0.998768150806427,0.9976413249969482,True,23.78961249698933,robust_percentile_fallback,19.36524302489341,data_driven_global_percentile_thresholds,MEZCLA,15.367531609487369,data_driven_batch_percentile_thresholds,84.63246839051263,False
402,2025-12-11 01:19:32,2025-12-11 01:20:31,MEZCLA,MEZCLA,MEZCLA,8.001798414625227e-05,0.9997586607933044,0.0001613166095921,0.9997586607933044,0.9995973706245422,True,24.861315460562416,robust_percentile_fallback,21.147810021405206,data_driven_global_percentile_thresholds,MEZCLA,16.600997174623775,data_driven_batch_percentile_thresholds,83.39900282537623,False
403,2025-12-11 01:20:32,2025-12-11 01:21:31,MEZCLA,MEZCLA,MEZCLA,0.0002113099908456,0.9993446469306946,0.0004440553020685,0.9993446469306946,0.998900592327118,True,23.92092479849781,robust_percentile_fallback,19.54463665667899,data_driven_global_percentile_thresholds,MEZCLA,15.431540056962977,data_driven_batch_percentile_thresholds,84.56845994303703,False
404,2025-12-11 01:21:32,2025-12-11 01:22:31,MEZCLA,MEZCLA,MEZCLA,0.0001174393255496,0.9995961785316468,0.0002863924601115,0.9995961785316468,0.999309778213501,True,25.654403757334443,robust_percentile_fallback,23.12609352111385,data_driven_global_percentile_thresholds,MEZCLA,20.23476447137993,data_driven_batch_percentile_thresholds,79.76523552862007,False
405,2025-12-11 01:22:32,2025-12-11 01:23:31,MEZCLA,MEZCLA,MEZCLA,7.343414472416043e-05,0.99977844953537,0.0001481024519307,0.99977844953537,0.999630331993103,True,32.325360675105784,robust_percentile_fallback,35.275918132131466,data_driven_global_percentile_thresholds,MEZCLA,21.46375173356129,data_driven_batch_percentile_thresholds,78.53624826643872,False
406,2025-12-11 01:23:32,2025-12-11 01:24:31,MEZCLA,MEZCLA,MEZCLA,7.510834984714165e-05,0.9997629523277284,0.0001619500690139,0.9997629523277284,0.9996010065078736,True,30.524823090703848,robust_percentile_fallback,30.42768306438078,data_driven_global_percentile_thresholds,MEZCLA,15.317335005348117,data_driven_batch_percentile_thresholds,84.68266499465189,False
407,2025-12-11 01:24:32,2025-12-11 01:25:31,MEZCLA,MEZCLA,MEZCLA,8.266970689874142e-05,0.999761998653412,0.0001553629699628,0.999761998653412,0.9996066093444824,True,32.390437087540576,robust_percentile_fallback,35.70078222629743,data_driven_global_percentile_thresholds,MEZCLA,23.59577814582701,data_driven_batch_percentile_thresholds,76.40422185417299,False
408,2025-12-11 01:25:32,2025-12-11 01:26:31,MEZCLA,MEZCLA,MEZCLA,3.8332662370521575e-05,0.9998877048492432,7.399221794912592e-05,0.9998877048492432,0.9998137354850768,True,32.6668819459373,robust_percentile_fallback,37.02281366414358,data_driven_global_percentile_thresholds,MEZCLA,26.03139473981378,data_driven_batch_percentile_thresholds,73.96860526018622,False
409,2025-12-11 01:26:32,2025-12-11 01:27:31,MEZCLA,MEZCLA,MEZCLA,4.697857002611272e-05,0.9998725652694702,8.043277921387926e-05,0.9998725652694702,0.9997921586036682,True,32.20901439870184,robust_percentile_fallback,35.11985178624078,data_driven_global_percentile_thresholds,MEZCLA,21.72068209495005,data_driven_batch_percentile_thresholds,78.27931790504995,False
410,2025-12-11 01:27:32,2025-12-11 01:28:31,MEZCLA,MEZCLA,MEZCLA,5.182489258004353e-05,0.9998297691345216,0.0001183968852274,0.9998297691345216,0.9997113943099976,True,32.58819973119201,robust_percentile_fallback,36.40655335365573,data_driven_global_percentile_thresholds,MEZCLA,22.266935519045767,data_driven_batch_percentile_thresholds,77.73306448095423,False
411,2025-12-11 01:28:32,2025-12-11 01:29:31,MEZCLA,MEZCLA,MEZCLA,5.7114877563435584e-05,0.9998425245285034,0.0001003319266601,0.9998425245285034,0.9997422099113464,True,32.09929295991786,robust_percentile_fallback,34.94759469403866,data_driven_global_percentile_thresholds,MEZCLA,21.211682130634703,data_driven_batch_percentile_thresholds,78.7883178693653,False
412,2025-12-11 01:29:32,2025-12-11 01:30:31,MEZCLA,MEZCLA,MEZCLA,5.466286893351935e-05,0.9998544454574584,9.089351078728214e-05,0.9998544454574584,0.999763548374176,True,31.541548035269955,robust_percentile_fallback,32.792984512686054,data_driven_global_percentile_thresholds,MEZCLA,15.926350405239438,data_driven_batch_percentile_thresholds,84.07364959476057,False
413,2025-12-11 01:30:32,2025-12-11 01:31:31,MEZCLA,MEZCLA,MEZCLA,5.673119449056685e-05,0.9998397827148438,0.0001034093656926,0.9998397827148438,0.9997363686561584,True,32.42459350352851,robust_percentile_fallback,35.63216239511371,data_driven_global_percentile_thresholds,MEZCLA,22.88373568379565,data_driven_batch_percentile_thresholds,77.11626431620435,False
414,2025-12-11 01:31:32,2025-12-11 01:32:31,MEZCLA,MEZCLA,MEZCLA,0.0001345494092674,0.999594748020172,0.0002707626845221,0.999594748020172,0.9993239641189576,True,31.539136554894277,robust_percentile_fallback,32.979054058124724,data_driven_global_percentile_thresholds,MEZCLA,20.33457317551184,data_driven_batch_percentile_thresholds,79.66542682448816,False
415,2025-12-11 01:32:32,2025-12-11 01:33:31,MEZCLA,MEZCLA,MEZCLA,5.281643097987399e-05,0.9998358488082886,0.000111367116915,0.9998358488082886,0.999724507331848,True,32.63542221818358,robust_percentile_fallback,36.85056429836172,data_driven_global_percentile_thresholds,MEZCLA,24.80398136076668,data_driven_batch_percentile_thresholds,75.19601863923332,False
416,2025-12-11 01:33:32,2025-12-11 01:34:31,MEZCLA,MEZCLA,MEZCLA,8.704553329152986e-05,0.9997519850730896,0.0001610211911611,0.9997519850730896,0.9995909929275512,True,31.75663498924994,robust_percentile_fallback,33.844397497864584,data_driven_global_percentile_thresholds,MEZCLA,21.27180430851913,data_driven_batch_percentile_thresholds,78.72819569148086,False
417,2025-12-11 01:34:32,2025-12-11 01:35:31,MEZCLA,MEZCLA,MEZCLA,5.650859748129733e-05,0.9998204112052916,0.0001230777270393,0.9998204112052916,0.9996973276138306,True,32.18795569705268,robust_percentile_fallback,34.912212977145735,data_driven_global_percentile_thresholds,MEZCLA,20.435375830560453,data_driven_batch_percentile_thresholds,79.56462416943955,False
418,2025-12-11 01:35:32,2025-12-11 01:36:31,MEZCLA,MEZCLA,MEZCLA,0.0001064490061253,0.9996918439865112,0.0002016942162299,0.9996918439865112,0.9994901418685912,True,31.6679050945339,robust_percentile_fallback,33.242849013623385,data_driven_global_percentile_thresholds,MEZCLA,20.20328992009742,data_driven_batch_percentile_thresholds,79.79671007990258,False
419,2025-12-11 01:36:32,2025-12-11 01:37:31,MEZCLA,MEZCLA,MEZCLA,8.920014079194516e-05,0.9997395873069764,0.0001711520017124,0.9997395873069764,0.9995684623718262,True,32.87774447801257,robust_percentile_fallback,37.522602405174815,data_driven_global_percentile_thresholds,MEZCLA,24.093440150551743,data_driven_batch_percentile_thresholds,75.90655984944826,False
420,2025-12-11 01:37:32,2025-12-11 01:38:31,MEZCLA,MEZCLA,MEZCLA,8.143720333464444e-05,0.9997527003288268,0.0001659186091274,0.9997527003288268,0.9995867609977722,True,32.32365289932489,robust_percentile_fallback,35.73641607349683,data_driven_global_percentile_thresholds,MEZCLA,22.709755255777463,data_driven_batch_percentile_thresholds,77.29024474422253,False
421,2025-12-11 01:38:32,2025-12-11 01:39:31,MEZCLA,MEZCLA,MEZCLA,6.924070476088673e-05,0.9998086094856262,0.0001221241836901,0.9998086094856262,0.9996864795684814,True,32.8435742528547,robust_percentile_fallback,37.14039106166925,data_driven_global_percentile_thresholds,MEZCLA,22.043655285018165,data_driven_batch_percentile_thresholds,77.95634471498184,False
422,2025-12-11 01:39:32,2025-12-11 01:40:31,MEZCLA,MEZCLA,MEZCLA,8.593632810516283e-05,0.999749481678009,0.0001645597076276,0.999749481678009,0.9995849132537842,True,32.206665064393945,robust_percentile_fallback,35.62664859334963,data_driven_global_percentile_thresholds,MEZCLA,22.151770536929423,data_driven_batch_percentile_thresholds,77.84822946307058,False
423,2025-12-11 01:40:32,2025-12-11 01:41:31,MEZCLA,MEZCLA,MEZCLA,5.739614425692707e-05,0.9998455047607422,9.711799066280946e-05,0.9998455047607422,0.9997484087944032,True,32.1272515946206,robust_percentile_fallback,35.133442043613194,data_driven_global_percentile_thresholds,MEZCLA,21.791317234090684,data_driven_batch_percentile_thresholds,78.20868276590932,False
424,2025-12-11 01:41:32,2025-12-11 01:42:31,MEZCLA,MEZCLA,MEZCLA,0.0002412283647572,0.9991713762283324,0.0005874566850252,0.9991713762283324,0.9985839128494264,True,33.24746615064099,robust_percentile_fallback,38.25756517638086,data_driven_global_percentile_thresholds,MEZCLA,26.15286283500138,data_driven_batch_percentile_thresholds,73.84713716499863,False
425,2025-12-11 01:42:32,2025-12-11 01:43:31,MEZCLA,MEZCLA,MEZCLA,7.18774608685635e-05,0.9997621178627014,0.0001660209964029,0.9997621178627014,0.999596118927002,True,32.09810223067264,robust_percentile_fallback,34.982247466625054,data_driven_global_percentile_thresholds,MEZCLA,22.80198411484524,data_driven_batch_percentile_thresholds,77.19801588515476,False
426,2025-12-11 01:43:32,2025-12-11 01:44:31,MEZCLA,MEZCLA,MEZCLA,7.899434422142804e-05,0.9997408986091614,0.0001800511818146,0.9997408986091614,0.9995608329772948,True,31.47899377839056,robust_percentile_fallback,33.2129876944357,data_driven_global_percentile_thresholds,MEZCLA,18.130443541951472,data_driven_batch_percentile_thresholds,81.86955645804852,False
427,2025-12-11 01:44:32,2025-12-11 01:45:31,MEZCLA,MEZCLA,MEZCLA,5.929317921982147e-05,0.9998157620429992,0.0001250139175681,0.9998157620429992,0.9996907711029052,True,32.880523829331075,robust_percentile_fallback,37.21847338782956,data_driven_global_percentile_thresholds,MEZCLA,25.867906552884246,data_driven_batch_percentile_thresholds,74.13209344711575,False
428,2025-12-11 01:45:32,2025-12-11 01:46:31,MEZCLA,MEZCLA,MEZCLA,0.0001242578437086,0.9996938705444336,0.0001819356548367,0.9996938705444336,0.9995119571685792,True,31.14266838173133,robust_percentile_fallback,32.108714286875106,data_driven_global_percentile_thresholds,MEZCLA,21.60143947271919,data_driven_batch_percentile_thresholds,78.39856052728081,False
429,2025-12-11 01:46:32,2025-12-11 01:47:31,MEZCLA,MEZCLA,MEZCLA,5.940722257946618e-05,0.9998270869255066,0.0001135402271756,0.9998270869255066,0.9997135400772096,True,31.319600081030345,robust_percentile_fallback,33.18911433996404,data_driven_global_percentile_thresholds,MEZCLA,20.186780106456112,data_driven_batch_percentile_thresholds,79.81321989354389,False
430,2025-12-11 01:47:32,2025-12-11 01:48:31,MEZCLA,MEZCLA,MEZCLA,7.799718878231943e-05,0.9997766613960266,0.0001453290751669,0.9997766613960266,0.9996313452720642,True,32.5169237178761,robust_percentile_fallback,36.72746049089511,data_driven_global_percentile_thresholds,MEZCLA,25.739280006167007,data_driven_batch_percentile_thresholds,74.26071999383299,False
431,2025-12-11 01:48:32,2025-12-11 01:49:31,MEZCLA,MEZCLA,MEZCLA,5.188513023313135e-05,0.9998527765274048,9.536594006931408e-05,0.9998527765274048,0.9997574090957642,True,31.950948910823683,robust_percentile_fallback,35.48083973632474,data_driven_global_percentile_thresholds,MEZCLA,25.7283109203388,data_driven_batch_percentile_thresholds,74.2716890796612,False
432,2025-12-11 01:49:32,2025-12-11 01:50:31,MEZCLA,MEZCLA,MEZCLA,4.874953083344735e-05,0.9998329877853394,0.0001181998377433,0.9998329877853394,0.9997147917747498,True,32.833675022497694,robust_percentile_fallback,37.99578322585286,data_driven_global_percentile_thresholds,MEZCLA,23.53475406396807,data_driven_batch_percentile_thresholds,76.46524593603193,False
433,2025-12-11 01:50:32,2025-12-11 01:51:31,MEZCLA,MEZCLA,MEZCLA,7.986590208020061e-05,0.9996434450149536,0.0002766307152342,0.9996434450149536,0.999366819858551,True,32.09893658921329,robust_percentile_fallback,35.625559638830374,data_driven_global_percentile_thresholds,MEZCLA,24.51271902329411,data_driven_batch_percentile_thresholds,75.48728097670589,False
434,2025-12-11 01:51:32,2025-12-11 01:52:31,MEZCLA,MEZCLA,MEZCLA,5.8917623391607776e-05,0.9997854828834534,0.00015559142048,0.9997854828834534,0.9996299147605896,True,32.18405248077748,robust_percentile_fallback,35.715876137824395,data_driven_global_percentile_thresholds,MEZCLA,25.807375935860065,data_driven_batch_percentile_thresholds,74.19262406413993,False
435,2025-12-11 01:52:32,2025-12-11 01:53:31,MEZCLA,MEZCLA,MEZCLA,6.758314702892676e-05,0.9997710585594176,0.000161314907018,0.9997710585594176,0.9996097683906556,True,31.87745898138425,robust_percentile_fallback,34.37425098425753,data_driven_global_percentile_thresholds,MEZCLA,22.127821646515716,data_driven_batch_percentile_thresholds,77.87217835348429,False
436,2025-12-11 01:53:32,2025-12-11 01:54:31,MEZCLA,MEZCLA,MEZCLA,7.214031938929111e-05,0.9997312426567078,0.000196602923097,0.9997312426567078,0.9995346665382384,True,31.13877731962334,robust_percentile_fallback,32.470800491218604,data_driven_global_percentile_thresholds,MEZCLA,14.362048105714548,data_driven_batch_percentile_thresholds,85.63795189428545,False
437,2025-12-11 01:54:32,2025-12-11 01:55:31,MEZCLA,MEZCLA,MEZCLA,0.0002165246260119,0.9993782043457032,0.0004052023286931,0.9993782043457032,0.99897301197052,True,31.409626443662333,robust_percentile_fallback,33.616316672654335,data_driven_global_percentile_thresholds,MEZCLA,21.80496444049169,data_driven_batch_percentile_thresholds,78.19503555950831,False
438,2025-12-11 01:55:32,2025-12-11 01:56:31,MEZCLA,MEZCLA,MEZCLA,8.315133163705468e-05,0.9997783303260804,0.0001385478244628,0.9997783303260804,0.9996398091316224,True,31.09005540775864,robust_percentile_fallback,31.254368985865653,data_driven_global_percentile_thresholds,MEZCLA,14.142994105578804,data_driven_batch_percentile_thresholds,85.85700589442119,False
439,2025-12-11 01:56:32,2025-12-11 01:57:31,MEZCLA,MEZCLA,MEZCLA,0.0002695950388442,0.9991499185562134,0.00058046070626,0.9991499185562134,0.9985694289207458,True,30.73093119364875,robust_percentile_fallback,29.727493439281773,data_driven_global_percentile_thresholds,MEZCLA,15.862738905068229,data_driven_batch_percentile_thresholds,84.13726109493177,False
440,2025-12-11 01:57:32,2025-12-11 01:58:31,MEZCLA,MEZCLA,MEZCLA,7.189847383415326e-05,0.9997921586036682,0.0001359748130198,0.9997921586036682,0.9996562004089355,True,32.023879543845624,robust_percentile_fallback,34.07320453802366,data_driven_global_percentile_thresholds,MEZCLA,17.267263584031834,data_driven_batch_percentile_thresholds,82.73273641596816,False
441,2025-12-11 01:58:32,2025-12-11 01:59:31,MEZCLA,MEZCLA,MEZCLA,0.0001718772982712,0.9995490908622742,0.0002790573053061,0.9995490908622742,0.9992700219154358,True,32.274420709973555,robust_percentile_fallback,35.39606947652243,data_driven_global_percentile_thresholds,MEZCLA,21.345986685184887,data_driven_batch_percentile_thresholds,78.65401331481512,False
442,2025-12-11 01:59:32,2025-12-11 02:00:31,MEZCLA,MEZCLA,MEZCLA,6.144846702227369e-05,0.9998356103897096,0.0001028856131597,0.9998356103897096,0.9997327327728271,True,31.651999836311944,robust_percentile_fallback,32.6588675004143,data_driven_global_percentile_thresholds,MEZCLA,17.27399189734377,data_driven_batch_percentile_thresholds,82.72600810265624,False
443,2025-12-11 02:00:32,2025-12-11 02:01:31,MEZCLA,MEZCLA,MEZCLA,0.0001004675432341,0.9996618032455444,0.0002376911579631,0.9996618032455444,0.9994240999221802,True,31.55621032163292,robust_percentile_fallback,32.165600444949135,data_driven_global_percentile_thresholds,MEZCLA,18.04256743505689,data_driven_batch_percentile_thresholds,81.9574325649431,False
444,2025-12-11 02:01:32,2025-12-11 02:02:31,MEZCLA,MEZCLA,MEZCLA,7.940300565678626e-05,0.9997653365135192,0.0001553000911371,0.9997653365135192,0.9996100068092346,True,32.66356772612456,robust_percentile_fallback,35.281880787277295,data_driven_global_percentile_thresholds,MEZCLA,17.60924373316191,data_driven_batch_percentile_thresholds,82.39075626683808,False
445,2025-12-11 02:02:32,2025-12-11 02:03:31,MEZCLA,MEZCLA,MEZCLA,0.0001235868403455,0.9996234178543092,0.0002529306220822,0.9996234178543092,0.9993705153465272,True,31.81119580851348,robust_percentile_fallback,32.956605182030685,data_driven_global_percentile_thresholds,MEZCLA,17.10648784752095,data_driven_batch_percentile_thresholds,82.89351215247905,False
446,2025-12-11 02:03:32,2025-12-11 02:04:31,MEZCLA,MEZCLA,MEZCLA,0.0001176225996459,0.9996181726455688,0.0002641490718815,0.9996181726455688,0.9993540048599244,True,31.743563364679805,robust_percentile_fallback,32.93851406289194,data_driven_global_percentile_thresholds,MEZCLA,15.67104067850332,data_driven_batch_percentile_thresholds,84.32895932149668,False
447,2025-12-11 02:04:32,2025-12-11 02:05:31,MEZCLA,MEZCLA,MEZCLA,8.00412890384905e-05,0.999750316143036,0.0001696367398835,0.999750316143036,0.9995806813240052,True,32.131197282442656,robust_percentile_fallback,35.293101873792125,data_driven_global_percentile_thresholds,MEZCLA,20.67430095225386,data_driven_batch_percentile_thresholds,79.32569904774614,False
448,2025-12-11 02:05:32,2025-12-11 02:06:31,MEZCLA,MEZCLA,MEZCLA,8.636098209535703e-05,0.9997625946998596,0.000151066633407,0.9997625946998596,0.9996115565299988,True,31.52393727006452,robust_percentile_fallback,32.15865126766425,data_driven_global_percentile_thresholds,MEZCLA,16.32671407712476,data_driven_batch_percentile_thresholds,83.67328592287524,False
449,2025-12-11 02:06:32,2025-12-11 02:07:31,MEZCLA,MEZCLA,MEZCLA,7.807667134329677e-05,0.9997785687446594,0.0001433391298633,0.9997785687446594,0.9996352195739746,True,31.844506478186315,robust_percentile_fallback,33.437778359966885,data_driven_global_percentile_thresholds,MEZCLA,17.952875996027522,data_driven_batch_percentile_thresholds,82.04712400397247,False
450,2025-12-11 02:07:32,2025-12-11 02:08:31,MEZCLA,MEZCLA,MEZCLA,0.0001097637868952,0.999414563179016,0.0004757184360641,0.999414563179016,0.9989388585090636,True,32.41493334086261,robust_percentile_fallback,35.030541320063854,data_driven_global_percentile_thresholds,MEZCLA,19.07036065774245,data_driven_batch_percentile_thresholds,80.92963934225754,False
451,2025-12-11 02:08:32,2025-12-11 02:09:31,MEZCLA,MEZCLA,MEZCLA,6.925805064383894e-05,0.9997844099998474,0.0001463142398279,0.9997844099998474,0.9996380805969238,True,33.306511076420875,robust_percentile_fallback,38.20726910574524,data_driven_global_percentile_thresholds,MEZCLA,22.60591313921709,data_driven_batch_percentile_thresholds,77.3940868607829,False
452,2025-12-11 02:09:32,2025-12-11 02:10:31,MEZCLA,MEZCLA,MEZCLA,0.0001500981452409,0.9995051622390748,0.0003447245107963,0.9995051622390748,0.9991604089736938,True,32.3067915888886,robust_percentile_fallback,34.98247497005686,data_driven_global_percentile_thresholds,MEZCLA,17.353406759509838,data_driven_batch_percentile_thresholds,82.64659324049016,False
453,2025-12-11 02:10:32,2025-12-11 02:11:31,MEZCLA,MEZCLA,MEZCLA,7.644300058018416e-05,0.999792754650116,0.0001307889760937,0.999792754650116,0.9996619820594788,True,31.64614923696405,robust_percentile_fallback,33.213601574154886,data_driven_global_percentile_thresholds,MEZCLA,16.14081693887801,data_driven_batch_percentile_thresholds,83.859183061122,False
454,2025-12-11 02:11:32,2025-12-11 02:12:31,MEZCLA,MEZCLA,MEZCLA,5.924308061366901e-05,0.999790608882904,0.0001502086088294,0.999790608882904,0.99964040517807,True,31.463124521744614,robust_percentile_fallback,32.90594794261751,data_driven_global_percentile_thresholds,MEZCLA,16.32044792231031,data_driven_batch_percentile_thresholds,83.67955207768969,False
455,2025-12-11 02:12:32,2025-12-11 02:13:31,MEZCLA,MEZCLA,MEZCLA,7.976624328875914e-05,0.9997556805610656,0.0001645757874939,0.9997556805610656,0.9995911121368408,True,31.85420549829716,robust_percentile_fallback,33.745865059993456,data_driven_global_percentile_thresholds,MEZCLA,19.50197286975881,data_driven_batch_percentile_thresholds,80.49802713024118,False
456,2025-12-11 02:13:32,2025-12-11 02:14:31,MEZCLA,MEZCLA,MEZCLA,5.996684922138229e-05,0.9997751116752625,0.0001648971374379,0.9997751116752625,0.999610185623169,True,31.87777288784538,robust_percentile_fallback,34.26646414443867,data_driven_global_percentile_thresholds,MEZCLA,19.005493112869768,data_driven_batch_percentile_thresholds,80.99450688713023,False
457,2025-12-11 02:14:32,2025-12-11 02:15:31,MEZCLA,MEZCLA,MEZCLA,9.098235022975132e-05,0.9996174573898317,0.0002915878139901,0.9996174573898317,0.9993258714675904,True,31.95555514127168,robust_percentile_fallback,34.4150286958248,data_driven_global_percentile_thresholds,MEZCLA,17.873691109854516,data_driven_batch_percentile_thresholds,82.12630889014548,False
458,2025-12-11 02:15:32,2025-12-11 02:16:31,MEZCLA,MEZCLA,MEZCLA,9.148196113528684e-05,0.9997264742851256,0.0001820332399802,0.9997264742851256,0.9995444416999816,True,31.720611024217074,robust_percentile_fallback,33.322737843925665,data_driven_global_percentile_thresholds,MEZCLA,17.973881928938685,data_driven_batch_percentile_thresholds,82.02611807106132,False
459,2025-12-11 02:16:32,2025-12-11 02:17:31,MEZCLA,MEZCLA,MEZCLA,8.396302291657776e-05,0.9996936321258544,0.0002224850613856,0.9996936321258544,0.999471127986908,True,32.04109172876644,robust_percentile_fallback,34.731299094037816,data_driven_global_percentile_thresholds,MEZCLA,20.84522058666318,data_driven_batch_percentile_thresholds,79.15477941333683,False
460,2025-12-11 02:17:32,2025-12-11 02:18:31,MEZCLA,MEZCLA,MEZCLA,6.277862848946825e-05,0.9998053908348083,0.000131849621539,0.9998053908348083,0.9996735453605652,True,33.04386965637589,robust_percentile_fallback,37.92536207233143,data_driven_global_percentile_thresholds,MEZCLA,25.92307448334591,data_driven_batch_percentile_thresholds,74.07692551665409,False
461,2025-12-11 02:18:32,2025-12-11 02:19:31,MEZCLA,MEZCLA,MEZCLA,0.0001420939806848,0.9993844032287598,0.0004734682443086,0.9993844032287598,0.9989109635353088,True,33.36099597027037,robust_percentile_fallback,38.62001304546714,data_driven_global_percentile_thresholds,MEZCLA,28.854963550210023,data_driven_batch_percentile_thresholds,71.14503644978998,False
462,2025-12-11 02:19:32,2025-12-11 02:20:31,MEZCLA,MEZCLA,MEZCLA,4.752109452965669e-05,0.9998438358306884,0.0001086769043467,0.9998438358306884,0.9997351765632628,True,33.67680542672409,robust_percentile_fallback,40.521268267869935,data_driven_global_percentile_thresholds,MEZCLA,32.1381057416666,data_driven_batch_percentile_thresholds,67.8618942583334,False
463,2025-12-11 02:20:32,2025-12-11 02:21:31,MEZCLA,MEZCLA,MEZCLA,4.1289415094070137e-05,0.9998241066932678,0.000134601330501,0.9998241066932678,0.999689519405365,True,34.078353976160656,robust_percentile_fallback,41.47164678383464,data_driven_global_percentile_thresholds,MEZCLA,32.33362453939272,data_driven_batch_percentile_thresholds,67.66637546060727,False
464,2025-12-11 02:21:32,2025-12-11 02:22:31,MEZCLA,MEZCLA,MEZCLA,0.0001003294819383,0.9996293783187866,0.0002703254576772,0.9996293783187866,0.9993590712547302,True,32.68289759147589,robust_percentile_fallback,36.49987861825889,data_driven_global_percentile_thresholds,MEZCLA,23.24066081361088,data_driven_batch_percentile_thresholds,76.75933918638913,False
465,2025-12-11 02:22:32,2025-12-11 02:23:31,MEZCLA,MEZCLA,MEZCLA,8.776797767495736e-05,0.9997013211250304,0.0002108500484609,0.9997013211250304,0.99949049949646,True,31.32818842473065,robust_percentile_fallback,33.12671564799829,data_driven_global_percentile_thresholds,MEZCLA,17.562614776320224,data_driven_batch_percentile_thresholds,82.43738522367977,False
466,2025-12-11 02:23:32,2025-12-11 02:24:31,MEZCLA,MEZCLA,MEZCLA,7.407511293422431e-05,0.9997944235801696,0.0001315677072852,0.9997944235801696,0.9996628761291504,True,31.953221706203795,robust_percentile_fallback,34.32748469203265,data_driven_global_percentile_thresholds,MEZCLA,17.631253421495476,data_driven_batch_percentile_thresholds,82.36874657850453,False
467,2025-12-11 02:24:32,2025-12-11 02:25:31,MEZCLA,MEZCLA,MEZCLA,0.0001547999272588,0.999576985836029,0.0002681734622456,0.999576985836029,0.9993088245391846,True,32.157003750789706,robust_percentile_fallback,35.34090281592748,data_driven_global_percentile_thresholds,MEZCLA,19.83473318659861,data_driven_batch_percentile_thresholds,80.16526681340139,False
468,2025-12-11 02:25:32,2025-12-11 02:26:31,MEZCLA,MEZCLA,MEZCLA,9.387277532368898e-05,0.9997348189353944,0.0001713528909021,0.9997348189353944,0.999563455581665,True,33.35254288409754,robust_percentile_fallback,39.1857434700168,data_driven_global_percentile_thresholds,MEZCLA,25.783361890234584,data_driven_batch_percentile_thresholds,74.21663810976541,False
469,2025-12-11 02:26:32,2025-12-11 02:27:31,MEZCLA,MEZCLA,MEZCLA,9.89364052657038e-05,0.999605119228363,0.000296018726658,0.999605119228363,0.9993091225624084,True,33.49419081430084,robust_percentile_fallback,39.03546791438632,data_driven_global_percentile_thresholds,MEZCLA,25.756220256292853,data_driven_batch_percentile_thresholds,74.24377974370715,False
470,2025-12-11 02:27:32,2025-12-11 02:28:31,MEZCLA,MEZCLA,MEZCLA,0.0001210030386573,0.99961519241333,0.000263824040303,0.99961519241333,0.9993513822555542,True,32.81671325406749,robust_percentile_fallback,36.98258893281561,data_driven_global_percentile_thresholds,MEZCLA,26.660460650932304,data_driven_batch_percentile_thresholds,73.33953934906769,False
471,2025-12-11 02:28:32,2025-12-11 02:29:31,MEZCLA,MEZCLA,MEZCLA,9.852377843344584e-05,0.9996294975280762,0.0002720165357459,0.9996294975280762,0.9993574619293212,True,32.48637280826723,robust_percentile_fallback,36.38310293974837,data_driven_global_percentile_thresholds,MEZCLA,21.53494187105164,data_driven_batch_percentile_thresholds,78.46505812894836,False
472,2025-12-11 02:29:32,2025-12-11 02:30:31,MEZCLA,MEZCLA,MEZCLA,7.185836875578389e-05,0.9997376799583436,0.000190459380974,0.9997376799583436,0.999547243118286,True,33.284732187416324,robust_percentile_fallback,39.11499732519239,data_driven_global_percentile_thresholds,MEZCLA,28.309083256421644,data_driven_batch_percentile_thresholds,71.69091674357836,False
473,2025-12-11 02:30:32,2025-12-11 02:31:31,MEZCLA,MEZCLA,MEZCLA,6.0537528042914346e-05,0.9997223019599916,0.0002171166124753,0.9997223019599916,0.9995051622390748,True,33.811294309241966,robust_percentile_fallback,41.39045827618124,data_driven_global_percentile_thresholds,MEZCLA,31.290069832041254,data_driven_batch_percentile_thresholds,68.70993016795875,False
474,2025-12-11 02:31:32,2025-12-11 02:32:31,MEZCLA,MEZCLA,MEZCLA,9.299333032686263e-05,0.9997358918190002,0.000171052000951,0.9997358918190002,0.9995648264884948,True,34.57361174803388,robust_percentile_fallback,43.57384500239691,data_driven_global_percentile_thresholds,MEZCLA,37.929654335494384,data_driven_batch_percentile_thresholds,62.070345664505616,False
475,2025-12-11 02:32:32,2025-12-11 02:33:31,MEZCLA,MEZCLA,MEZCLA,5.865280400030315e-05,0.999811589717865,0.0001297880953643,0.999811589717865,0.999681830406189,True,33.46814753414054,robust_percentile_fallback,41.10833091163047,data_driven_global_percentile_thresholds,MEZCLA,31.14544820639872,data_driven_batch_percentile_thresholds,68.85455179360127,False
476,2025-12-11 02:33:32,2025-12-11 02:34:31,MEZCLA,MEZCLA,MEZCLA,4.719719072454609e-05,0.9998338222503662,0.0001189708782476,0.9998338222503662,0.9997148513793944,True,34.57758556580393,robust_percentile_fallback,44.07217201279008,data_driven_global_percentile_thresholds,MEZCLA,34.24758052207159,data_driven_batch_percentile_thresholds,65.75241947792841,False
477,2025-12-11 02:34:32,2025-12-11 02:35:31,MEZCLA,MEZCLA,MEZCLA,6.357771781040356e-05,0.9997468590736388,0.0001895608875202,0.9997468590736388,0.9995573163032532,True,33.77893870168922,robust_percentile_fallback,39.58938375089711,data_driven_global_percentile_thresholds,MEZCLA,29.421662522258625,data_driven_batch_percentile_thresholds,70.57833747774137,False
478,2025-12-11 02:35:32,2025-12-11 02:36:31,MEZCLA,MEZCLA,MEZCLA,6.17803743807599e-05,0.9998248219490052,0.0001134837875724,0.9998248219490052,0.9997113347053528,True,33.17148006737764,robust_percentile_fallback,37.523204722287474,data_driven_global_percentile_thresholds,MEZCLA,27.584645259800997,data_driven_batch_percentile_thresholds,72.415354740199,False
479,2025-12-11 02:36:32,2025-12-11 02:37:31,MEZCLA,MEZCLA,MEZCLA,0.000113663933007,0.999578058719635,0.0003082216135226,0.999578058719635,0.9992698431015016,True,33.04103738889736,robust_percentile_fallback,39.09812278896074,data_driven_global_percentile_thresholds,MEZCLA,24.95107831705402,data_driven_batch_percentile_thresholds,75.04892168294597,False
480,2025-12-11 02:37:32,2025-12-11 02:38:31,MEZCLA,MEZCLA,MEZCLA,0.0001714811223791,0.9993711113929749,0.0004573741462081,0.9993711113929749,0.9989137649536132,True,32.076239413726604,robust_percentile_fallback,35.70746424286789,data_driven_global_percentile_thresholds,MEZCLA,18.179244387830902,data_driven_batch_percentile_thresholds,81.8207556121691,False
481,2025-12-11 02:38:32,2025-12-11 02:39:31,MEZCLA,MEZCLA,MEZCLA,6.669787399005145e-05,0.9997767806053162,0.0001565376733196,0.9997767806053162,0.999620258808136,True,31.83480457852704,robust_percentile_fallback,34.08092213297222,data_driven_global_percentile_thresholds,MEZCLA,19.4569215482942,data_driven_batch_percentile_thresholds,80.5430784517058,False
482,2025-12-11 02:39:32,2025-12-11 02:40:31,MEZCLA,MEZCLA,MEZCLA,8.464056736556813e-05,0.9995511174201964,0.0003642211959231,0.9995511174201964,0.999186873435974,True,31.843668147198485,robust_percentile_fallback,35.078882715565975,data_driven_global_percentile_thresholds,MEZCLA,19.412043227914392,data_driven_batch_percentile_thresholds,80.5879567720856,False
483,2025-12-11 02:40:32,2025-12-11 02:41:31,MEZCLA,MEZCLA,MEZCLA,8.877011714503169e-05,0.9996554851531982,0.0002557773259468,0.9996554851531982,0.999399721622467,True,30.44871834608536,robust_percentile_fallback,30.594708224548707,data_driven_global_percentile_thresholds,MEZCLA,15.12253309646297,data_driven_batch_percentile_thresholds,84.87746690353703,False
484,2025-12-11 02:41:32,2025-12-11 02:42:31,MEZCLA,MEZCLA,MEZCLA,0.0002285949158249,0.9987583160400392,0.0010131043381989,0.9987583160400392,0.9977452158927916,True,31.279486316663128,robust_percentile_fallback,32.32725394318679,data_driven_global_percentile_thresholds,MEZCLA,18.19808559838796,data_driven_batch_percentile_thresholds,81.80191440161204,False
485,2025-12-11 02:42:32,2025-12-11 02:43:31,MEZCLA,MEZCLA,MEZCLA,0.0001147900547948,0.9995653033256532,0.0003198974591214,0.9995653033256532,0.9992454051971436,True,32.449177401171404,robust_percentile_fallback,34.6942933572171,data_driven_global_percentile_thresholds,MEZCLA,21.412671929809832,data_driven_batch_percentile_thresholds,78.58732807019017,False
486,2025-12-11 02:43:32,2025-12-11 02:44:31,MEZCLA,MEZCLA,MEZCLA,0.0001222262653755,0.9995197057724,0.0003580909396987,0.9995197057724,0.9991616010665894,True,33.13816019859843,robust_percentile_fallback,37.15106567088239,data_driven_global_percentile_thresholds,MEZCLA,25.443875437055134,data_driven_batch_percentile_thresholds,74.55612456294486,False
487,2025-12-11 02:44:32,2025-12-11 02:45:31,MEZCLA,MEZCLA,MEZCLA,5.869617234566249e-05,0.9997629523277284,0.0001783711923053,0.9997629523277284,0.9995845556259156,True,34.59415089275479,robust_percentile_fallback,42.58465786794786,data_driven_global_percentile_thresholds,MEZCLA,32.836781690528206,data_driven_batch_percentile_thresholds,67.1632183094718,False
488,2025-12-11 02:45:32,2025-12-11 02:46:31,MEZCLA,MEZCLA,MEZCLA,0.0001009612969937,0.9997329115867616,0.0001661151327425,0.9997329115867616,0.9995667934417723,True,33.694030646441576,robust_percentile_fallback,39.20642576715883,data_driven_global_percentile_thresholds,MEZCLA,29.49670433539169,data_driven_batch_percentile_thresholds,70.50329566460832,False
489,2025-12-11 02:46:32,2025-12-11 02:47:31,MEZCLA,MEZCLA,MEZCLA,9.177462925435977e-05,0.9997324347496032,0.0001757475401973,0.9997324347496032,0.9995566606521606,True,31.896790394928,robust_percentile_fallback,34.16940035693812,data_driven_global_percentile_thresholds,MEZCLA,19.634269203043136,data_driven_batch_percentile_thresholds,80.36573079695687,False
490,2025-12-11 02:47:32,2025-12-11 02:48:31,MEZCLA,MEZCLA,MEZCLA,8.562042057747021e-05,0.9997993111610411,0.0001151388569269,0.9997993111610411,0.9996841549873352,True,31.65350643042405,robust_percentile_fallback,33.790950418069045,data_driven_global_percentile_thresholds,MEZCLA,20.227720284120505,data_driven_batch_percentile_thresholds,79.77227971587949,False
491,2025-12-11 02:48:32,2025-12-11 02:49:31,MEZCLA,MEZCLA,MEZCLA,0.0001506730041,0.9995130300521852,0.0003362477582413,0.9995130300521852,0.9991768002510072,True,32.64259961639604,robust_percentile_fallback,35.96550379224066,data_driven_global_percentile_thresholds,MEZCLA,23.762259681682263,data_driven_batch_percentile_thresholds,76.23774031831773,False
492,2025-12-11 02:49:32,2025-12-11 02:50:31,MEZCLA,MEZCLA,MEZCLA,0.0001245314342668,0.9992183446884156,0.0006571332341991,0.9992183446884156,0.9985612034797668,True,32.97199769259408,robust_percentile_fallback,36.45755654287175,data_driven_global_percentile_thresholds,MEZCLA,22.86769409673093,data_driven_batch_percentile_thresholds,77.13230590326907,False
493,2025-12-11 02:50:32,2025-12-11 02:51:31,MEZCLA,MEZCLA,MEZCLA,0.0001045907774823,0.9997040629386902,0.0001912899460876,0.9997040629386902,0.999512791633606,True,31.33603923401792,robust_percentile_fallback,32.719316033925345,data_driven_global_percentile_thresholds,MEZCLA,17.577007556212227,data_driven_batch_percentile_thresholds,82.42299244378778,False
494,2025-12-11 02:51:32,2025-12-11 02:52:31,MEZCLA,MEZCLA,MEZCLA,0.0001077879351214,0.9994753003120422,0.0004168747691437,0.9994753003120422,0.9990584254264832,True,31.45414357165447,robust_percentile_fallback,32.29663544120653,data_driven_global_percentile_thresholds,MEZCLA,16.835270123374425,data_driven_batch_percentile_thresholds,83.16472987662557,False
495,2025-12-11 02:52:32,2025-12-11 02:53:31,MEZCLA,MEZCLA,MEZCLA,0.0001653942599659,0.9984806180000304,0.0013540558284148,0.9984806180000304,0.997126579284668,True,31.80635278227749,robust_percentile_fallback,33.155603439049486,data_driven_global_percentile_thresholds,MEZCLA,18.208119104118374,data_driven_batch_percentile_thresholds,81.79188089588163,False
496,2025-12-11 02:53:32,2025-12-11 02:54:31,MEZCLA,MEZCLA,MEZCLA,0.0001438311737729,0.9994814991950988,0.0003746752627193,0.9994814991950988,0.9991068243980408,True,32.35880547840033,robust_percentile_fallback,34.66454259252168,data_driven_global_percentile_thresholds,MEZCLA,21.038575806685536,data_driven_batch_percentile_thresholds,78.96142419331446,False
497,2025-12-11 02:54:32,2025-12-11 02:55:31,MEZCLA,MEZCLA,MEZCLA,0.0001192087438539,0.9994252920150756,0.0004555140330921,0.9994252920150756,0.998969793319702,True,31.678881389665264,robust_percentile_fallback,32.57824178327924,data_driven_global_percentile_thresholds,MEZCLA,18.996126915909485,data_driven_batch_percentile_thresholds,81.00387308409051,False
498,2025-12-11 02:55:32,2025-12-11 02:56:31,MEZCLA,MEZCLA,MEZCLA,0.0001198765530716,0.9992934465408324,0.0005866466672159,0.9992934465408324,0.9987068176269532,True,31.77056179377856,robust_percentile_fallback,32.86645301634599,data_driven_global_percentile_thresholds,MEZCLA,19.283891614319558,data_driven_batch_percentile_thresholds,80.71610838568044,False
499,2025-12-11 02:56:32,2025-12-11 02:57:31,MEZCLA,MEZCLA,MEZCLA,0.0001048539561452,0.9994058609008788,0.0004892733413726,0.9994058609008788,0.9989165663719176,True,32.675863140491735,robust_percentile_fallback,35.457908536507,data_driven_global_percentile_thresholds,MEZCLA,23.374379628035904,data_driven_batch_percentile_thresholds,76.62562037196409,False
500,2025-12-11 02:57:32,2025-12-11 02:58:31,MEZCLA,MEZCLA,MEZCLA,0.0001303686294704,0.9985553622245787,0.0013142916141077,0.9985553622245787,0.9972410798072816,True,33.388316021221165,robust_percentile_fallback,37.49885740333927,data_driven_global_percentile_thresholds,MEZCLA,25.897815905765047,data_driven_batch_percentile_thresholds,74.10218409423496,False
501,2025-12-11 02:58:32,2025-12-11 02:59:31,MEZCLA,MEZCLA,MEZCLA,0.0001070324360625,0.998672604560852,0.0012203599326312,0.998672604560852,0.9974522590637208,True,33.138110998037206,robust_percentile_fallback,37.097239724100646,data_driven_global_percentile_thresholds,MEZCLA,25.286127110565683,data_driven_batch_percentile_thresholds,74.71387288943431,False
502,2025-12-11 02:59:32,2025-12-11 03:00:31,MEZCLA,MEZCLA,MEZCLA,0.000107733409095,0.9990678429603576,0.0008244974305853,0.9990678429603576,0.9982433319091796,True,32.44255076404879,robust_percentile_fallback,35.20794923287136,data_driven_global_percentile_thresholds,MEZCLA,19.09317598107805,data_driven_batch_percentile_thresholds,80.90682401892195,False
503,2025-12-11 03:00:32,2025-12-11 03:01:31,MEZCLA,MEZCLA,MEZCLA,0.0001327742211287,0.9985042810440063,0.0013629600871354,0.9985042810440063,0.9971413016319276,True,32.31977384109399,robust_percentile_fallback,35.22886682367554,data_driven_global_percentile_thresholds,MEZCLA,22.49704332471092,data_driven_batch_percentile_thresholds,77.50295667528908,False
504,2025-12-11 03:01:32,2025-12-11 03:02:31,MEZCLA,MEZCLA,MEZCLA,0.0001188949463539,0.9992557168006896,0.0006253650062717,0.9992557168006896,0.9986303448677064,True,33.51026203119264,robust_percentile_fallback,38.08702132598552,data_driven_global_percentile_thresholds,MEZCLA,23.925716364322057,data_driven_batch_percentile_thresholds,76.07428363567794,False
505,2025-12-11 03:02:32,2025-12-11 03:03:31,MEZCLA,MEZCLA,MEZCLA,0.0001096995765692,0.9992110729217528,0.0006791686755605,0.9992110729217528,0.9985318779945374,True,32.164555747998484,robust_percentile_fallback,34.63612160892589,data_driven_global_percentile_thresholds,MEZCLA,24.598083732633317,data_driven_batch_percentile_thresholds,75.40191626736669,False
506,2025-12-11 03:03:32,2025-12-11 03:04:31,MEZCLA,MEZCLA,MEZCLA,8.49506541271694e-05,0.9994972944259644,0.0004177989612799,0.9994972944259644,0.9990794658660888,True,33.196498670287326,robust_percentile_fallback,38.34096997837134,data_driven_global_percentile_thresholds,MEZCLA,26.68361827035239,data_driven_batch_percentile_thresholds,73.31638172964762,False
507,2025-12-11 03:04:32,2025-12-11 03:05:31,MEZCLA,MEZCLA,MEZCLA,0.0001242142607225,0.9992526173591614,0.0006231641746126,0.9992526173591614,0.9986294507980348,True,32.14510720088007,robust_percentile_fallback,35.06660042117665,data_driven_global_percentile_thresholds,MEZCLA,22.84570363813696,data_driven_batch_percentile_thresholds,77.15429636186303,False
508,2025-12-11 03:05:32,2025-12-11 03:06:31,MEZCLA,MEZCLA,MEZCLA,9.684512042440474e-05,0.9995554089546204,0.0003477060527075,0.9995554089546204,0.9992076754570008,True,32.16356434878656,robust_percentile_fallback,35.38837219698325,data_driven_global_percentile_thresholds,MEZCLA,22.697945668465977,data_driven_batch_percentile_thresholds,77.30205433153402,False
509,2025-12-11 03:06:32,2025-12-11 03:07:31,MEZCLA,MEZCLA,MEZCLA,8.713146962691098e-05,0.9996267557144164,0.0002860458334907,0.9996267557144164,0.9993407130241394,True,32.90014316654858,robust_percentile_fallback,37.49030490706499,data_driven_global_percentile_thresholds,MEZCLA,22.905444659754608,data_driven_batch_percentile_thresholds,77.09455534024539,False
510,2025-12-11 03:07:32,2025-12-11 03:08:31,MEZCLA,MEZCLA,MEZCLA,7.57631059968844e-05,0.9997814297676086,0.0001428642135579,0.9997814297676086,0.999638557434082,True,32.50800060303758,robust_percentile_fallback,36.22204573497365,data_driven_global_percentile_thresholds,MEZCLA,21.064576187469928,data_driven_batch_percentile_thresholds,78.93542381253008,False
511,2025-12-11 03:08:32,2025-12-11 03:09:31,MEZCLA,MEZCLA,MEZCLA,4.92878862132784e-05,0.9997054934501648,0.0002451495092827,0.9997054934501648,0.9994603395462036,True,33.56273630444577,robust_percentile_fallback,41.14807574463913,data_driven_global_percentile_thresholds,MEZCLA,27.04146768784791,data_driven_batch_percentile_thresholds,72.95853231215209,False
512,2025-12-11 03:09:32,2025-12-11 03:10:31,MEZCLA,MEZCLA,MEZCLA,6.199640483828261e-05,0.999710500240326,0.0002275131846545,0.999710500240326,0.9994829893112184,True,33.95074040440856,robust_percentile_fallback,40.424734210118736,data_driven_global_percentile_thresholds,MEZCLA,26.589546775682773,data_driven_batch_percentile_thresholds,73.41045322431722,False
513,2025-12-11 03:10:32,2025-12-11 03:11:31,MEZCLA,MEZCLA,MEZCLA,9.05021370272152e-05,0.9994543194770812,0.0004552291647996,0.9994543194770812,0.9989991188049316,True,33.13790055748341,robust_percentile_fallback,38.86758691455192,data_driven_global_percentile_thresholds,MEZCLA,22.77777221794542,data_driven_batch_percentile_thresholds,77.22222778205457,False
514,2025-12-11 03:11:32,2025-12-11 03:12:31,MEZCLA,MEZCLA,MEZCLA,6.686367123620585e-05,0.9996531009674072,0.0002800245129037,0.9996531009674072,0.9993730783462524,True,33.24470301795373,robust_percentile_fallback,39.23580448104433,data_driven_global_percentile_thresholds,MEZCLA,25.29123761660564,data_driven_batch_percentile_thresholds,74.70876238339436,False
515,2025-12-11 03:12:32,2025-12-11 03:13:31,MEZCLA,MEZCLA,MEZCLA,7.926616672193632e-05,0.999535083770752,0.0003856465918943,0.999535083770752,0.9991494417190552,True,31.836876143741577,robust_percentile_fallback,34.84479208976945,data_driven_global_percentile_thresholds,MEZCLA,19.134594801956617,data_driven_batch_percentile_thresholds,80.86540519804339,False
516,2025-12-11 03:13:32,2025-12-11 03:14:31,MEZCLA,MEZCLA,MEZCLA,4.917425030726008e-05,0.9998252987861632,0.0001255775423487,0.9998252987861632,0.9996997117996216,True,33.98051034081836,robust_percentile_fallback,41.20745214604315,data_driven_global_percentile_thresholds,MEZCLA,27.15333810963211,data_driven_batch_percentile_thresholds,72.8466618903679,False
517,2025-12-11 03:14:32,2025-12-11 03:15:31,MEZCLA,MEZCLA,MEZCLA,6.130230758571997e-05,0.9997774958610536,0.0001612179912626,0.9997774958610536,0.999616265296936,True,33.699766936872734,robust_percentile_fallback,40.319093594246354,data_driven_global_percentile_thresholds,MEZCLA,24.60610129795593,data_driven_batch_percentile_thresholds,75.39389870204407,False
518,2025-12-11 03:15:32,2025-12-11 03:16:31,MEZCLA,MEZCLA,MEZCLA,8.299572800751776e-05,0.999497890472412,0.0004191153566353,0.999497890472412,0.9990787506103516,True,33.38395690865774,robust_percentile_fallback,39.53097047525712,data_driven_global_percentile_thresholds,MEZCLA,26.458734315183406,data_driven_batch_percentile_thresholds,73.5412656848166,False
519,2025-12-11 03:16:32,2025-12-11 03:17:31,MEZCLA,MEZCLA,MEZCLA,6.470232619903982e-05,0.9996886253356934,0.0002467360463924,0.9996886253356934,0.9994418621063232,True,33.45251859969426,robust_percentile_fallback,38.798339529135056,data_driven_global_percentile_thresholds,MEZCLA,24.06097272739661,data_driven_batch_percentile_thresholds,75.9390272726034,False
520,2025-12-11 03:17:32,2025-12-11 03:18:31,MEZCLA,MEZCLA,MEZCLA,0.0001261192082893,0.999206840991974,0.0006670780712738,0.999206840991974,0.9985397458076476,True,33.270848738640034,robust_percentile_fallback,38.91260761851339,data_driven_global_percentile_thresholds,MEZCLA,25.47007067195968,data_driven_batch_percentile_thresholds,74.52992932804032,False
521,2025-12-11 03:18:32,2025-12-11 03:19:31,MEZCLA,MEZCLA,MEZCLA,8.53982346598059e-05,0.9993402361869812,0.0005743271904066,0.9993402361869812,0.9987658858299256,True,31.370607696564797,robust_percentile_fallback,33.76010288169566,data_driven_global_percentile_thresholds,MEZCLA,20.78968133227631,data_driven_batch_percentile_thresholds,79.2103186677237,False
522,2025-12-11 03:19:32,2025-12-11 03:20:31,MEZCLA,MEZCLA,MEZCLA,8.101388084469363e-05,0.998775064945221,0.0011438999790698,0.998775064945221,0.9976311922073364,True,30.61094798167372,robust_percentile_fallback,32.19306190423919,data_driven_global_percentile_thresholds,MEZCLA,17.109551374084475,data_driven_batch_percentile_thresholds,82.89044862591552,False
523,2025-12-11 03:20:32,2025-12-11 03:21:31,MEZCLA,MEZCLA,MEZCLA,0.0001676310785114,0.9977325201034546,0.0020998767577111,0.9977325201034546,0.9956326484680176,True,32.29115472353364,robust_percentile_fallback,36.094600862542656,data_driven_global_percentile_thresholds,MEZCLA,23.660778372415944,data_driven_batch_percentile_thresholds,76.33922162758405,False
524,2025-12-11 03:21:32,2025-12-11 03:22:31,MEZCLA,MEZCLA,MEZCLA,0.0001168682210845,0.9989551305770874,0.0009280226076953,0.9989551305770874,0.9980270862579346,True,33.55369227956945,robust_percentile_fallback,40.61327370472032,data_driven_global_percentile_thresholds,MEZCLA,26.63469160896957,data_driven_batch_percentile_thresholds,73.36530839103042,False
525,2025-12-11 03:22:32,2025-12-11 03:23:31,MEZCLA,MEZCLA,MEZCLA,0.0001278521376661,0.9994962215423584,0.0003759686369448,0.9994962215423584,0.9991202354431152,True,32.51943067389762,robust_percentile_fallback,38.05077741697356,data_driven_global_percentile_thresholds,MEZCLA,25.588004464330933,data_driven_batch_percentile_thresholds,74.41199553566906,False
526,2025-12-11 03:23:32,2025-12-11 03:24:31,MEZCLA,MEZCLA,MEZCLA,0.0001413231802871,0.9978038668632508,0.0020547492895275,0.9978038668632508,0.9957491159439088,True,32.23964801225818,robust_percentile_fallback,36.4537097530628,data_driven_global_percentile_thresholds,MEZCLA,21.25787426620833,data_driven_batch_percentile_thresholds,78.74212573379167,False
527,2025-12-11 03:24:32,2025-12-11 03:25:31,MEZCLA,MEZCLA,MEZCLA,0.0003355652152094,0.997622549533844,0.0020419200882315,0.997622549533844,0.9955806136131288,True,30.917469679309413,robust_percentile_fallback,33.41388390092108,data_driven_global_percentile_thresholds,MEZCLA,17.745121317916936,data_driven_batch_percentile_thresholds,82.25487868208306,False
528,2025-12-11 03:25:32,2025-12-11 03:26:31,MEZCLA,MEZCLA,MEZCLA,0.0001534949988126,0.9992265701293944,0.0006198899936862,0.9992265701293944,0.9986066818237304,True,30.47404882591413,robust_percentile_fallback,31.593243988756534,data_driven_global_percentile_thresholds,MEZCLA,18.24499274488686,data_driven_batch_percentile_thresholds,81.75500725511314,False
529,2025-12-11 03:26:32,2025-12-11 03:27:31,MEZCLA,MEZCLA,MEZCLA,0.0001073774838005,0.9995310306549072,0.0003616474277805,0.9995310306549072,0.9991694092750548,True,32.4110987171114,robust_percentile_fallback,36.044620064787225,data_driven_global_percentile_thresholds,MEZCLA,22.50059580384311,data_driven_batch_percentile_thresholds,77.49940419615689,False
530,2025-12-11 03:27:32,2025-12-11 03:28:31,MEZCLA,MEZCLA,MEZCLA,8.263441122835502e-05,0.9990720748901368,0.000845275062602,0.9990720748901368,0.9982268214225768,True,32.08711187454089,robust_percentile_fallback,36.16740667025287,data_driven_global_percentile_thresholds,MEZCLA,19.203099076250847,data_driven_batch_percentile_thresholds,80.79690092374915,False
531,2025-12-11 03:28:32,2025-12-11 03:29:31,MEZCLA,MEZCLA,MEZCLA,0.000113211601274,0.9987384676933287,0.0011483393609523,0.9987384676933287,0.9975901246070862,True,31.993032996657625,robust_percentile_fallback,36.52531926668797,data_driven_global_percentile_thresholds,MEZCLA,19.853415322859835,data_driven_batch_percentile_thresholds,80.14658467714017,False
532,2025-12-11 03:29:32,2025-12-11 03:30:31,MEZCLA,MEZCLA,MEZCLA,0.0001380964677082,0.9988086223602296,0.0010532545857131,0.9988086223602296,0.9977553486824036,True,32.66256651995008,robust_percentile_fallback,37.63894633920168,data_driven_global_percentile_thresholds,MEZCLA,23.283151656307925,data_driven_batch_percentile_thresholds,76.71684834369208,False
533,2025-12-11 03:30:32,2025-12-11 03:31:31,MEZCLA,MEZCLA,MEZCLA,9.054652036866172e-05,0.9990971088409424,0.0008123100851662,0.9990971088409424,0.9982848167419434,True,32.028159779493286,robust_percentile_fallback,36.025656534336115,data_driven_global_percentile_thresholds,MEZCLA,21.58683928481821,data_driven_batch_percentile_thresholds,78.41316071518179,False
534,2025-12-11 03:31:32,2025-12-11 03:32:31,MEZCLA,MEZCLA,MEZCLA,0.0001151397882495,0.9981753826141356,0.0017094217473641,0.9981753826141356,0.9964659810066224,True,32.257822919468204,robust_percentile_fallback,36.76934101853522,data_driven_global_percentile_thresholds,MEZCLA,20.17794734129052,data_driven_batch_percentile_thresholds,79.82205265870948,False
535,2025-12-11 03:32:32,2025-12-11 03:33:31,MEZCLA,MEZCLA,MEZCLA,0.0001157415754278,0.9987611770629884,0.0011231428943574,0.9987611770629884,0.9976380467414856,True,31.90669612826623,robust_percentile_fallback,35.926854734112446,data_driven_global_percentile_thresholds,MEZCLA,21.699461310669825,data_driven_batch_percentile_thresholds,78.30053868933018,False
536,2025-12-11 03:33:32,2025-12-11 03:34:31,MEZCLA,MEZCLA,MEZCLA,0.0001263571466552,0.9978463649749756,0.0020273134578019,0.9978463649749756,0.9958190321922302,True,32.147031797959784,robust_percentile_fallback,35.534446938356574,data_driven_global_percentile_thresholds,MEZCLA,21.82529992951636,data_driven_batch_percentile_thresholds,78.17470007048364,False
537,2025-12-11 03:34:32,2025-12-11 03:35:31,MEZCLA,MEZCLA,MEZCLA,7.577571523142979e-05,0.9993528723716736,0.00057131156791,0.9993528723716736,0.9987815618515016,True,31.630912161847736,robust_percentile_fallback,35.532366886835035,data_driven_global_percentile_thresholds,MEZCLA,16.5205603200015,data_driven_batch_percentile_thresholds,83.4794396799985,False
538,2025-12-11 03:35:32,2025-12-11 03:36:31,MEZCLA,MEZCLA,MEZCLA,9.652646258473396e-05,0.9991933703422546,0.000710116000846,0.9991933703422546,0.9984832406044006,True,33.2739255956907,robust_percentile_fallback,39.83552985426041,data_driven_global_percentile_thresholds,MEZCLA,25.20343368895972,data_driven_batch_percentile_thresholds,74.79656631104028,False
539,2025-12-11 03:36:32,2025-12-11 03:37:31,MEZCLA,MEZCLA,MEZCLA,9.934650734066965e-05,0.9985907673835754,0.0013098384952172,0.9985907673835754,0.9972809553146362,True,32.04331941989455,robust_percentile_fallback,36.84675836016402,data_driven_global_percentile_thresholds,MEZCLA,20.891831290503703,data_driven_batch_percentile_thresholds,79.1081687094963,False
540,2025-12-11 03:37:32,2025-12-11 03:38:31,MEZCLA,MEZCLA,MEZCLA,6.308138108579442e-05,0.9995484948158264,0.0003884450707118,0.9995484948158264,0.9991600513458252,True,32.27812625053581,robust_percentile_fallback,37.72513779467069,data_driven_global_percentile_thresholds,MEZCLA,21.606100013766603,data_driven_batch_percentile_thresholds,78.3938999862334,False
541,2025-12-11 03:38:32,2025-12-11 03:39:31,MEZCLA,MEZCLA,MEZCLA,8.447279105894268e-05,0.9974746108055116,0.0024408444296568,0.9974746108055116,0.9950337409973145,True,32.795869926652784,robust_percentile_fallback,37.93507608953859,data_driven_global_percentile_thresholds,MEZCLA,22.874312233676267,data_driven_batch_percentile_thresholds,77.12568776632374,False
542,2025-12-11 03:39:32,2025-12-11 03:40:31,MEZCLA,MEZCLA,MEZCLA,0.0001007373211905,0.9990002512931824,0.000899001955986,0.9990002512931824,0.9981012344360352,True,32.162056377759946,robust_percentile_fallback,36.60522392440173,data_driven_global_percentile_thresholds,MEZCLA,19.970070837662004,data_driven_batch_percentile_thresholds,80.029929162338,False
543,2025-12-11 03:40:32,2025-12-11 03:41:31,MEZCLA,MEZCLA,MEZCLA,9.43022096180357e-05,0.998757004737854,0.0011486958246678,0.998757004737854,0.9976083040237428,True,30.979392226560478,robust_percentile_fallback,34.00354490277557,data_driven_global_percentile_thresholds,MEZCLA,17.715661087719667,data_driven_batch_percentile_thresholds,82.28433891228033,False
544,2025-12-11 03:41:32,2025-12-11 03:42:31,MEZCLA,MEZCLA,MEZCLA,6.61414087517187e-05,0.9987637996673584,0.0011700824834406,0.9987637996673584,0.9975937008857728,True,32.393018615372284,robust_percentile_fallback,36.838058096789815,data_driven_global_percentile_thresholds,MEZCLA,25.444670769407907,data_driven_batch_percentile_thresholds,74.5553292305921,False
545,2025-12-11 03:42:32,2025-12-11 03:43:31,MEZCLA,MEZCLA,MEZCLA,5.745480302721262e-05,0.999486207962036,0.0004563318798318,0.999486207962036,0.9990298748016356,True,33.1781011022961,robust_percentile_fallback,39.07319393265153,data_driven_global_percentile_thresholds,MEZCLA,26.34376322855957,data_driven_batch_percentile_thresholds,73.65623677144043,False
546,2025-12-11 03:43:32,2025-12-11 03:44:31,MEZCLA,MEZCLA,MEZCLA,7.393397390842438e-05,0.9988644123077391,0.0010616759536787,0.9988644123077391,0.997802734375,True,32.36860161278635,robust_percentile_fallback,37.50786477204163,data_driven_global_percentile_thresholds,MEZCLA,24.58605707787988,data_driven_batch_percentile_thresholds,75.41394292212013,False
547,2025-12-11 03:44:32,2025-12-11 03:45:31,MEZCLA,MEZCLA,MEZCLA,5.356305337045342e-05,0.9994231462478638,0.0005233269184827,0.9994231462478638,0.9988998174667358,True,33.9418114753829,robust_percentile_fallback,41.65822717950216,data_driven_global_percentile_thresholds,MEZCLA,28.917794277615307,data_driven_batch_percentile_thresholds,71.08220572238469,False
548,2025-12-11 03:45:32,2025-12-11 03:46:31,MEZCLA,MEZCLA,MEZCLA,0.0001035242821672,0.9979865550994872,0.0019098999910056,0.9979865550994872,0.9960766434669496,True,33.43596045022196,robust_percentile_fallback,40.206995943170014,data_driven_global_percentile_thresholds,MEZCLA,30.821331946801216,data_driven_batch_percentile_thresholds,69.17866805319878,False
549,2025-12-11 03:46:32,2025-12-11 03:47:31,MEZCLA,MEZCLA,MEZCLA,0.0001184640204883,0.9942193031311036,0.0056621953845024,0.9942193031311036,0.9885571002960204,True,33.936653008974936,robust_percentile_fallback,42.52068410514654,data_driven_global_percentile_thresholds,MEZCLA,30.896670351450588,data_driven_batch_percentile_thresholds,69.10332964854942,False
550,2025-12-11 03:47:32,2025-12-11 03:48:31,MEZCLA,MEZCLA,MEZCLA,0.0001244352024514,0.995566189289093,0.0043093175627291,0.995566189289093,0.9912568926811218,True,31.96370594953003,robust_percentile_fallback,36.44895739652016,data_driven_global_percentile_thresholds,MEZCLA,18.25504215802341,data_driven_batch_percentile_thresholds,81.74495784197659,False
551,2025-12-11 03:48:32,2025-12-11 03:49:31,MEZCLA,MEZCLA,MEZCLA,0.0001865735539468,0.9965671300888062,0.0032462293747812,0.9965671300888062,0.993320882320404,True,32.02526167831359,robust_percentile_fallback,36.96450062030232,data_driven_global_percentile_thresholds,MEZCLA,22.49366276827931,data_driven_batch_percentile_thresholds,77.50633723172069,False
552,2025-12-11 03:49:32,2025-12-11 03:50:31,MEZCLA,MEZCLA,MEZCLA,9.29746456677094e-05,0.9984717965126038,0.0014352689031511,0.9984717965126038,0.9970365166664124,True,33.59666959865791,robust_percentile_fallback,41.28258906762732,data_driven_global_percentile_thresholds,MEZCLA,25.540019996046816,data_driven_batch_percentile_thresholds,74.45998000395318,False
553,2025-12-11 03:50:32,2025-12-11 03:51:31,MEZCLA,MEZCLA,MEZCLA,8.969697228167206e-05,0.9983592629432678,0.0015510594239458,0.9983592629432678,0.9968082308769226,True,32.120720133616615,robust_percentile_fallback,35.696168646608626,data_driven_global_percentile_thresholds,MEZCLA,20.977541823431345,data_driven_batch_percentile_thresholds,79.02245817656865,False
554,2025-12-11 03:51:32,2025-12-11 03:52:31,MEZCLA,MEZCLA,MEZCLA,0.000115197719424,0.9980682730674744,0.0018165393266826,0.9980682730674744,0.9962517619132996,True,33.3704643825297,robust_percentile_fallback,39.12060265610048,data_driven_global_percentile_thresholds,MEZCLA,26.76336910962217,data_driven_batch_percentile_thresholds,73.23663089037782,False
555,2025-12-11 03:52:32,2025-12-11 03:53:31,MEZCLA,MEZCLA,MEZCLA,0.0001076713742804,0.9959210157394408,0.0039713159203529,0.9959210157394408,0.9919496774673462,True,33.15049209850226,robust_percentile_fallback,38.32830591777578,data_driven_global_percentile_thresholds,MEZCLA,21.41021067964081,data_driven_batch_percentile_thresholds,78.58978932035919,False
556,2025-12-11 03:53:32,2025-12-11 03:54:31,MEZCLA,MEZCLA,MEZCLA,0.0001063733725459,0.9976600408554076,0.0022336188703775,0.9976600408554076,0.9954264163970948,True,32.3970946608481,robust_percentile_fallback,36.88035781445273,data_driven_global_percentile_thresholds,MEZCLA,18.47437581736491,data_driven_batch_percentile_thresholds,81.52562418263508,False
557,2025-12-11 03:54:32,2025-12-11 03:55:31,MEZCLA,MEZCLA,MEZCLA,0.0001986572460737,0.9889492988586426,0.0108520295470952,0.9889492988586426,0.9780972599983216,True,32.39742876653435,robust_percentile_fallback,37.174406488175386,data_driven_global_percentile_thresholds,MEZCLA,20.9579050485385,data_driven_batch_percentile_thresholds,79.04209495146151,False
558,2025-12-11 03:55:32,2025-12-11 03:56:31,MEZCLA,MEZCLA,MEZCLA,0.0001118938744184,0.9992142915725708,0.0006737904041074,0.9992142915725708,0.9985405206680298,True,32.98278767281479,robust_percentile_fallback,38.437343359413774,data_driven_global_percentile_thresholds,MEZCLA,24.76001625389166,data_driven_batch_percentile_thresholds,75.23998374610834,False
559,2025-12-11 03:56:32,2025-12-11 03:57:31,MEZCLA,MEZCLA,MEZCLA,9.428472549188882e-05,0.9980872273445128,0.0018183990614488,0.9980872273445128,0.9962688088417052,True,32.39351945186707,robust_percentile_fallback,37.67296559311027,data_driven_global_percentile_thresholds,MEZCLA,20.47782098052992,data_driven_batch_percentile_thresholds,79.52217901947009,False
560,2025-12-11 03:57:32,2025-12-11 03:58:31,MEZCLA,MEZCLA,MEZCLA,0.0001278682029806,0.99896240234375,0.0009097160655073,0.99896240234375,0.9980526566505432,True,32.82505093074206,robust_percentile_fallback,39.05821138180673,data_driven_global_percentile_thresholds,MEZCLA,22.80950025495276,data_driven_batch_percentile_thresholds,77.19049974504725,False
561,2025-12-11 03:58:32,2025-12-11 03:59:31,MEZCLA,MEZCLA,MEZCLA,0.0001117847277782,0.9965636134147644,0.0033245563972741,0.9965636134147644,0.9932390451431274,True,33.61063497263601,robust_percentile_fallback,40.66649530717932,data_driven_global_percentile_thresholds,MEZCLA,25.316414162960022,data_driven_batch_percentile_thresholds,74.68358583703997,False
562,2025-12-11 03:59:32,2025-12-11 04:00:31,MEZCLA,MEZCLA,MEZCLA,0.0001243631268152,0.9982876181602478,0.0015880268765613,0.9982876181602478,0.9966995716094972,True,34.685683178294134,robust_percentile_fallback,43.72224255830909,data_driven_global_percentile_thresholds,MEZCLA,31.133228648727894,data_driven_batch_percentile_thresholds,68.8667713512721,False
563,2025-12-11 04:00:32,2025-12-11 04:01:31,MEZCLA,MEZCLA,MEZCLA,9.086920181289317e-05,0.9989086389541626,0.0010005307849496,0.9989086389541626,0.9979081153869628,True,32.08443076708821,robust_percentile_fallback,35.963442338562295,data_driven_global_percentile_thresholds,MEZCLA,19.448601077911945,data_driven_batch_percentile_thresholds,80.55139892208805,False
564,2025-12-11 04:01:32,2025-12-11 04:02:31,MEZCLA,MEZCLA,MEZCLA,8.824865653878078e-05,0.9986246824264526,0.0012871208600699,0.9986246824264526,0.9973375797271729,True,33.200335424609854,robust_percentile_fallback,40.57051712862815,data_driven_global_percentile_thresholds,MEZCLA,23.97378570019044,data_driven_batch_percentile_thresholds,76.02621429980957,False
565,2025-12-11 04:02:32,2025-12-11 04:03:31,MEZCLA,MEZCLA,MEZCLA,7.474193262169138e-05,0.999051868915558,0.0008733863942325,0.999051868915558,0.998178482055664,True,34.00160666722156,robust_percentile_fallback,42.56213824917483,data_driven_global_percentile_thresholds,MEZCLA,27.277193027471306,data_driven_batch_percentile_thresholds,72.7228069725287,False
566,2025-12-11 04:03:32,2025-12-11 04:04:31,MEZCLA,MEZCLA,MEZCLA,6.060834493837319e-05,0.9993600249290466,0.000579404819291,0.9993600249290466,0.9987806081771852,True,34.21180671716837,robust_percentile_fallback,43.64572732699176,data_driven_global_percentile_thresholds,MEZCLA,27.07068109201173,data_driven_batch_percentile_thresholds,72.92931890798828,False
567,2025-12-11 04:04:32,2025-12-11 04:05:31,MEZCLA,MEZCLA,MEZCLA,7.15640198905021e-05,0.9989724159240724,0.0009560765465721,0.9989724159240724,0.998016357421875,True,32.90488402824353,robust_percentile_fallback,38.9263719551829,data_driven_global_percentile_thresholds,MEZCLA,25.53147879939737,data_driven_batch_percentile_thresholds,74.46852120060262,False
568,2025-12-11 04:05:32,2025-12-11 04:06:31,MEZCLA,MEZCLA,MEZCLA,6.608921103179455e-05,0.9992840886116028,0.000649805413559,0.9992840886116028,0.9986342787742616,True,33.56622119305927,robust_percentile_fallback,40.7092320904109,data_driven_global_percentile_thresholds,MEZCLA,25.16629638075804,data_driven_batch_percentile_thresholds,74.83370361924196,False
569,2025-12-11 04:06:32,2025-12-11 04:07:31,MEZCLA,MEZCLA,MEZCLA,0.0001847565290518,0.9969282746315002,0.0028869600500911,0.9969282746315002,0.9940413236618042,True,33.831650661802065,robust_percentile_fallback,42.35586479385641,data_driven_global_percentile_thresholds,MEZCLA,29.75279631466534,data_driven_batch_percentile_thresholds,70.24720368533465,False
570,2025-12-11 04:07:32,2025-12-11 04:08:31,MEZCLA,MEZCLA,MEZCLA,0.0002194375410908,0.9932369589805604,0.0065436521545052,0.9932369589805604,0.9866933226585388,True,32.71235581363614,robust_percentile_fallback,38.535631480161776,data_driven_global_percentile_thresholds,MEZCLA,20.233891189212777,data_driven_batch_percentile_thresholds,79.76610881078722,False
571,2025-12-11 04:08:32,2025-12-11 04:09:31,MEZCLA,MEZCLA,MEZCLA,0.0001589633902767,0.9942658543586732,0.005575222428888,0.9942658543586732,0.9886906147003174,True,34.03284642766065,robust_percentile_fallback,42.575693136021854,data_driven_global_percentile_thresholds,MEZCLA,28.29412489040969,data_driven_batch_percentile_thresholds,71.70587510959031,False
572,2025-12-11 04:09:32,2025-12-11 04:10:31,MEZCLA,MEZCLA,MEZCLA,0.0001396060542901,0.9940574169158936,0.0058029927313327,0.9940574169158936,0.9882544279098512,True,35.011960469608454,robust_percentile_fallback,45.0580452364622,data_driven_global_percentile_thresholds,MEZCLA,35.23692100392688,data_driven_batch_percentile_thresholds,64.76307899607312,False
573,2025-12-11 04:10:32,2025-12-11 04:11:31,MEZCLA,MEZCLA,MEZCLA,5.907951344852336e-05,0.998977541923523,0.0009633458103053,0.998977541923523,0.9980142116546632,True,34.51571987727335,robust_percentile_fallback,45.83213629640155,data_driven_global_percentile_thresholds,MEZCLA,35.05228082712586,data_driven_batch_percentile_thresholds,64.94771917287414,False
574,2025-12-11 04:11:32,2025-12-11 04:12:31,MEZCLA,MEZCLA,MEZCLA,0.0001367038057651,0.9938275218009948,0.0060357749462127,0.9938275218009948,0.9877917766571044,True,33.46162124032306,robust_percentile_fallback,40.75920698997385,data_driven_global_percentile_thresholds,MEZCLA,25.783509045325584,data_driven_batch_percentile_thresholds,74.21649095467441,False
575,2025-12-11 04:12:32,2025-12-11 04:13:31,MEZCLA,MEZCLA,MEZCLA,4.31122025474906e-05,0.9995347261428832,0.0004221277195028,0.9995347261428832,0.999112606048584,True,33.05519928491308,robust_percentile_fallback,38.88383455013509,data_driven_global_percentile_thresholds,MEZCLA,25.97116033136249,data_driven_batch_percentile_thresholds,74.02883966863752,False
576,2025-12-11 04:13:32,2025-12-11 04:14:31,MEZCLA,MEZCLA,MEZCLA,0.000132358749397,0.9965460896492004,0.0033215712755918,0.9965460896492004,0.9932245016098022,True,33.40036456708082,robust_percentile_fallback,40.5864416851753,data_driven_global_percentile_thresholds,MEZCLA,24.025387509338994,data_driven_batch_percentile_thresholds,75.974612490661,False
577,2025-12-11 04:14:32,2025-12-11 04:15:31,MEZCLA,MEZCLA,MEZCLA,0.0001649464684305,0.9941111207008362,0.0057239718735218,0.9941111207008362,0.988387167453766,True,35.014249219442256,robust_percentile_fallback,46.08845379010631,data_driven_global_percentile_thresholds,MEZCLA,32.3473199259583,data_driven_batch_percentile_thresholds,67.6526800740417,False
578,2025-12-11 04:15:32,2025-12-11 04:16:31,MEZCLA,MEZCLA,MEZCLA,0.0009291671449318,0.954383909702301,0.044686920940876,0.954383909702301,0.9096969962120056,True,33.21913135834539,robust_percentile_fallback,40.69545241705477,data_driven_global_percentile_thresholds,MEZCLA,23.83099559484743,data_driven_batch_percentile_thresholds,76.16900440515258,False
579,2025-12-11 04:16:32,2025-12-11 04:17:31,MEZCLA,MEZCLA,MEZCLA,0.0002254380524391,0.99042409658432,0.0093504590913653,0.99042409658432,0.9810736179351808,True,31.98450437079732,robust_percentile_fallback,36.04018449137944,data_driven_global_percentile_thresholds,MEZCLA,19.75422296484102,data_driven_batch_percentile_thresholds,80.24577703515898,False
580,2025-12-11 04:17:32,2025-12-11 04:18:31,MEZCLA,MEZCLA,MEZCLA,0.0001342835457762,0.9976404905319214,0.0022252947092056,0.9976404905319214,0.995415210723877,True,32.33574037294024,robust_percentile_fallback,37.6015039271069,data_driven_global_percentile_thresholds,MEZCLA,19.90836687026482,data_driven_batch_percentile_thresholds,80.09163312973519,False
581,2025-12-11 04:18:32,2025-12-11 04:19:31,MEZCLA,MEZCLA,MEZCLA,0.0001629413600312,0.9977062940597534,0.0021307480055838,0.9977062940597534,0.9955755472183228,True,32.32222656799935,robust_percentile_fallback,37.0092727013508,data_driven_global_percentile_thresholds,MEZCLA,21.00348625347671,data_driven_batch_percentile_thresholds,78.99651374652329,False
582,2025-12-11 04:19:32,2025-12-11 04:20:31,MEZCLA,MEZCLA,MEZCLA,6.186757673276588e-05,0.9992127418518066,0.0007254208321683,0.9992127418518066,0.9984872937202454,True,33.72177922961369,robust_percentile_fallback,41.63338716203821,data_driven_global_percentile_thresholds,MEZCLA,29.72084670251416,data_driven_batch_percentile_thresholds,70.27915329748583,False
586,2025-12-11 04:23:32,2025-12-11 04:24:31,RUBIALES,RUBIALES,RUBIALES,0.0014365689130499,0.015264643356204,0.9832988381385804,0.9832988381385804,0.9680342078208924,True,35.00606536797792,robust_percentile_fallback,45.18820893996119,data_driven_global_percentile_thresholds,RUBIALES,49.405342952579424,data_driven_batch_percentile_thresholds,50.594657047420576,False
587,2025-12-11 04:24:32,2025-12-11 04:25:31,RUBIALES,RUBIALES,RUBIALES,0.0007793721160851,0.0157179068773984,0.9835026860237122,0.9835026860237122,0.9677847623825072,True,34.14732292354966,robust_percentile_fallback,43.21465738051004,data_driven_global_percentile_thresholds,RUBIALES,46.23751042300538,data_driven_batch_percentile_thresholds,53.76248957699462,False
588,2025-12-11 04:25:32,2025-12-11 04:26:31,RUBIALES,RUBIALES,RUBIALES,0.0003413515805732,0.0049662077799439,0.9946923851966858,0.9946923851966858,0.989726185798645,True,33.89023800925167,robust_percentile_fallback,41.01432382013858,data_driven_global_percentile_thresholds,RUBIALES,42.62097036879208,data_driven_batch_percentile_thresholds,57.37902963120792,False
589,2025-12-11 04:26:32,2025-12-11 04:27:31,RUBIALES,RUBIALES,RUBIALES,0.0004998705117031,0.0090619074180722,0.9904382824897766,0.9904382824897766,0.9813763499259948,True,34.03875018970351,robust_percentile_fallback,44.09052793411659,data_driven_global_percentile_thresholds,RUBIALES,46.03924590643172,data_driven_batch_percentile_thresholds,53.96075409356828,False
590,2025-12-11 04:27:32,2025-12-11 04:28:31,RUBIALES,RUBIALES,RUBIALES,0.0005294563015922,0.0067797061055898,0.9926908612251282,0.9926908612251282,0.9859111309051514,True,33.96958493424064,robust_percentile_fallback,42.12347006607273,data_driven_global_percentile_thresholds,RUBIALES,44.06756865850227,data_driven_batch_percentile_thresholds,55.93243134149773,False
591,2025-12-11 04:28:32,2025-12-11 04:29:31,RUBIALES,RUBIALES,RUBIALES,0.0003779661492444,0.0038379945326596,0.9957839846611024,0.9957839846611024,0.99194598197937,True,33.15071945237072,robust_percentile_fallback,39.74721379274879,data_driven_global_percentile_thresholds,RUBIALES,40.75379907732646,data_driven_batch_percentile_thresholds,59.24620092267354,False
592,2025-12-11 04:29:32,2025-12-11 04:30:31,RUBIALES,RUBIALES,RUBIALES,0.0005444023991003,0.0039624273777008,0.9954931735992432,0.9954931735992432,0.9915307760238647,True,32.83257509559268,robust_percentile_fallback,37.35624252963222,data_driven_global_percentile_thresholds,RUBIALES,39.01173791738924,data_driven_batch_percentile_thresholds,60.98826208261076,False
593,2025-12-11 04:30:32,2025-12-11 04:31:31,RUBIALES,RUBIALES,RUBIALES,0.0006512304535135,0.0061015905812382,0.9932471513748168,0.9932471513748168,0.9871455430984496,True,32.423442494876426,robust_percentile_fallback,38.0169708303507,data_driven_global_percentile_thresholds,RUBIALES,39.954691240840994,data_driven_batch_percentile_thresholds,60.045308759159006,False
594,2025-12-11 04:31:32,2025-12-11 04:32:31,RUBIALES,RUBIALES,RUBIALES,0.0004478404880501,0.0052204318344593,0.99433171749115,0.99433171749115,0.989111304283142,True,34.24512524248631,robust_percentile_fallback,42.95272366364526,data_driven_global_percentile_thresholds,RUBIALES,45.7335488416136,data_driven_batch_percentile_thresholds,54.2664511583864,False
595,2025-12-11 04:32:32,2025-12-11 04:33:31,RUBIALES,RUBIALES,RUBIALES,0.000189514743397,0.0033915382809937,0.9964189529418944,0.9964189529418944,0.99302738904953,True,33.59457676362287,robust_percentile_fallback,41.6587308912033,data_driven_global_percentile_thresholds,RUBIALES,43.94589657173683,data_driven_batch_percentile_thresholds,56.05410342826317,False
596,2025-12-11 04:33:32,2025-12-11 04:34:31,RUBIALES,RUBIALES,RUBIALES,0.0003028492210432,0.0043238708749413,0.9953733086586,0.9953733086586,0.9910494089126588,True,34.16905442654842,robust_percentile_fallback,41.73869693802496,data_driven_global_percentile_thresholds,RUBIALES,43.41856191381317,data_driven_batch_percentile_thresholds,56.58143808618683,False
597,2025-12-11 04:34:32,2025-12-11 04:35:31,RUBIALES,RUBIALES,RUBIALES,0.0003416725085116,0.0025726850144565,0.9970856308937072,0.9970856308937072,0.994512975215912,True,33.44192228139783,robust_percentile_fallback,39.60798005687588,data_driven_global_percentile_thresholds,RUBIALES,41.04739108328375,data_driven_batch_percentile_thresholds,58.95260891671625,False
598,2025-12-11 04:35:32,2025-12-11 04:36:31,RUBIALES,RUBIALES,RUBIALES,0.0003439276479184,0.0026354047004133,0.997020661830902,0.997020661830902,0.9943852424621582,True,32.92272417044362,robust_percentile_fallback,37.82107616098895,data_driven_global_percentile_thresholds,RUBIALES,39.34732412466121,data_driven_batch_percentile_thresholds,60.65267587533879,False
599,2025-12-11 04:36:32,2025-12-11 04:37:31,RUBIALES,RUBIALES,RUBIALES,0.0002097637916449,0.002089949324727,0.9977002739906312,0.9977002739906312,0.9956102967262268,True,32.63315772052074,robust_percentile_fallback,37.0376905081388,data_driven_global_percentile_thresholds,RUBIALES,38.66578625822885,data_driven_batch_percentile_thresholds,61.33421374177115,False
600,2025-12-11 04:37:32,2025-12-11 04:38:31,RUBIALES,RUBIALES,RUBIALES,0.0004823473864234,0.0051725404337048,0.9943451881408693,0.9943451881408693,0.989172637462616,True,32.62361764817268,robust_percentile_fallback,37.72182140285714,data_driven_global_percentile_thresholds,RUBIALES,41.117512627772975,data_driven_batch_percentile_thresholds,58.882487372227025,False
601,2025-12-11 04:38:32,2025-12-11 04:39:31,RUBIALES,RUBIALES,RUBIALES,0.0001771186070982,0.000951359339524,0.9988715052604676,0.9988715052604676,0.9979201555252076,True,32.33942053834295,robust_percentile_fallback,37.256281597608,data_driven_global_percentile_thresholds,RUBIALES,39.05043260379803,data_driven_batch_percentile_thresholds,60.94956739620197,False
602,2025-12-11 04:39:32,2025-12-11 04:40:31,RUBIALES,RUBIALES,RUBIALES,0.0003121268237009,0.00299290753901,0.9966949224472046,0.9966949224472046,0.993701994419098,True,32.52840709894119,robust_percentile_fallback,35.96372345373299,data_driven_global_percentile_thresholds,RUBIALES,37.29922180856608,data_driven_batch_percentile_thresholds,62.70077819143392,False
603,2025-12-11 04:40:32,2025-12-11 04:41:31,RUBIALES,RUBIALES,RUBIALES,0.0001906222460092,0.0019346380140632,0.9978747367858888,0.9978747367858888,0.995940089225769,True,32.91916509334573,robust_percentile_fallback,37.31156022454791,data_driven_global_percentile_thresholds,RUBIALES,38.484211359379145,data_driven_batch_percentile_thresholds,61.515788640620855,False
604,2025-12-11 04:41:32,2025-12-11 04:42:31,RUBIALES,RUBIALES,RUBIALES,0.0001142789042205,0.0006812529172748,0.9992044568061828,0.9992044568061828,0.9985231757164,True,31.914114767356462,robust_percentile_fallback,34.74793952236111,data_driven_global_percentile_thresholds,RUBIALES,34.70206949547893,data_driven_batch_percentile_thresholds,65.29793050452108,False
605,2025-12-11 04:42:32,2025-12-11 04:43:31,RUBIALES,RUBIALES,RUBIALES,0.0003069146478082,0.00278902775608,0.9969040751457214,0.9969040751457214,0.9941150546073914,True,31.83435011587513,robust_percentile_fallback,34.58635136946346,data_driven_global_percentile_thresholds,RUBIALES,36.09465583065338,data_driven_batch_percentile_thresholds,63.90534416934662,False
606,2025-12-11 04:43:32,2025-12-11 04:44:31,RUBIALES,RUBIALES,RUBIALES,0.0003219563513994,0.0037389267235994,0.9959391355514526,0.9959391355514526,0.9922001957893372,True,33.561666589373736,robust_percentile_fallback,38.53075141071555,data_driven_global_percentile_thresholds,RUBIALES,40.46369116220266,data_driven_batch_percentile_thresholds,59.53630883779734,False
607,2025-12-11 04:44:32,2025-12-11 04:45:31,RUBIALES,RUBIALES,RUBIALES,0.0009047118946909,0.0159409362822771,0.9831543564796448,0.9831543564796448,0.9672133922576904,True,32.64372513151103,robust_percentile_fallback,36.18972344208764,data_driven_global_percentile_thresholds,RUBIALES,38.40756296283318,data_driven_batch_percentile_thresholds,61.59243703716682,False
608,2025-12-11 04:45:32,2025-12-11 04:46:31,RUBIALES,RUBIALES,RUBIALES,0.0002225392090622,0.0021855817176401,0.9975918531417848,0.9975918531417848,0.9954062700271606,True,32.817622472319485,robust_percentile_fallback,38.401573934228345,data_driven_global_percentile_thresholds,RUBIALES,38.96849047859196,data_driven_batch_percentile_thresholds,61.03150952140804,False
609,2025-12-11 04:46:32,2025-12-11 04:47:31,RUBIALES,RUBIALES,RUBIALES,0.0002056105877272,0.0023248959332704,0.9974695444107056,0.9974695444107056,0.9951446652412416,True,33.64590911195035,robust_percentile_fallback,40.74276020406528,data_driven_global_percentile_thresholds,RUBIALES,42.41656131483719,data_driven_batch_percentile_thresholds,57.58343868516281,False
610,2025-12-11 04:47:32,2025-12-11 04:48:31,RUBIALES,RUBIALES,RUBIALES,0.0001993332261918,0.0020564924925565,0.9977442026138306,0.9977442026138306,0.99568772315979,True,34.03790583522061,robust_percentile_fallback,42.068831562930384,data_driven_global_percentile_thresholds,RUBIALES,44.46893732552175,data_driven_batch_percentile_thresholds,55.53106267447825,False
611,2025-12-11 04:48:32,2025-12-11 04:49:31,RUBIALES,RUBIALES,RUBIALES,0.0001524316030554,0.0015179867623373,0.9983295798301696,0.9983295798301696,0.99681156873703,True,32.90354217565059,robust_percentile_fallback,37.64448810952713,data_driven_global_percentile_thresholds,RUBIALES,38.418739964403215,data_driven_batch_percentile_thresholds,61.581260035596785,False
612,2025-12-11 04:49:32,2025-12-11 04:50:31,RUBIALES,RUBIALES,RUBIALES,0.0001252182846656,0.0016502439975738,0.9982245564460754,0.9982245564460754,0.9965742826461792,True,32.6579233746094,robust_percentile_fallback,37.381196259508826,data_driven_global_percentile_thresholds,RUBIALES,38.94599242202929,data_driven_batch_percentile_thresholds,61.05400757797071,False
613,2025-12-11 04:50:32,2025-12-11 04:51:31,RUBIALES,RUBIALES,RUBIALES,8.804327080724761e-05,0.0005348935374058,0.9993770718574524,0.9993770718574524,0.998842179775238,True,31.89646063973673,robust_percentile_fallback,35.21950555289922,data_driven_global_percentile_thresholds,RUBIALES,36.20529667591539,data_driven_batch_percentile_thresholds,63.79470332408461,False
614,2025-12-11 04:51:32,2025-12-11 04:52:31,RUBIALES,RUBIALES,RUBIALES,0.0001413277350366,0.0011524151777848,0.9987062215805054,0.9987062215805054,0.997553825378418,True,32.9097764612038,robust_percentile_fallback,36.31064383940642,data_driven_global_percentile_thresholds,RUBIALES,38.19133758194766,data_driven_batch_percentile_thresholds,61.80866241805234,False
615,2025-12-11 04:52:32,2025-12-11 04:53:31,RUBIALES,RUBIALES,RUBIALES,0.0003365274169482,0.006631520576775,0.9930319786071776,0.9930319786071776,0.9864004850387572,True,32.57084604156036,robust_percentile_fallback,36.886627034422496,data_driven_global_percentile_thresholds,RUBIALES,38.85079600978327,data_driven_batch_percentile_thresholds,61.14920399021673,False
616,2025-12-11 04:53:32,2025-12-11 04:54:31,RUBIALES,RUBIALES,RUBIALES,0.0001179297032649,0.0011879357043653,0.998694121837616,0.998694121837616,0.9975062012672424,True,31.2168222175421,robust_percentile_fallback,32.998935256093034,data_driven_global_percentile_thresholds,RUBIALES,35.65561951029423,data_driven_batch_percentile_thresholds,64.34438048970577,False
617,2025-12-11 04:54:32,2025-12-11 04:55:31,RUBIALES,RUBIALES,RUBIALES,8.896453800844029e-05,0.000883562315721,0.9990274906158448,0.9990274906158448,0.9981439113616944,True,31.02046853329102,robust_percentile_fallback,32.276787511985155,data_driven_global_percentile_thresholds,RUBIALES,33.51034643395596,data_driven_batch_percentile_thresholds,66.48965356604404,False
618,2025-12-11 04:55:32,2025-12-11 04:56:31,RUBIALES,RUBIALES,RUBIALES,8.653516852064058e-05,0.0008154123788699,0.9990980625152588,0.9990980625152588,0.9982826709747314,True,31.67983090730497,robust_percentile_fallback,33.83767740158957,data_driven_global_percentile_thresholds,RUBIALES,35.44183261743685,data_driven_batch_percentile_thresholds,64.55816738256314,False
619,2025-12-11 04:56:32,2025-12-11 04:57:31,RUBIALES,RUBIALES,RUBIALES,8.651993266539648e-05,0.0012257159687578,0.9986878037452698,0.9986878037452698,0.9974620938301086,True,30.893881343762008,robust_percentile_fallback,32.779454886906315,data_driven_global_percentile_thresholds,RUBIALES,33.74137059730964,data_driven_batch_percentile_thresholds,66.25862940269036,False
620,2025-12-11 04:57:32,2025-12-11 04:58:31,RUBIALES,RUBIALES,RUBIALES,0.0001014704612316,0.0027489846106618,0.9971495270729064,0.9971495270729064,0.9944005608558656,True,30.83988667568321,robust_percentile_fallback,32.54785184715638,data_driven_global_percentile_thresholds,RUBIALES,34.132655219884924,data_driven_batch_percentile_thresholds,65.86734478011508,False
621,2025-12-11 04:58:32,2025-12-11 04:59:31,RUBIALES,RUBIALES,RUBIALES,0.0001079584399121,0.0009423269657418,0.9989497065544128,0.9989497065544128,0.998007357120514,True,30.551868896557597,robust_percentile_fallback,30.99207339346557,data_driven_global_percentile_thresholds,RUBIALES,31.362121925217817,data_driven_batch_percentile_thresholds,68.63787807478218,False
622,2025-12-11 04:59:32,2025-12-11 05:00:31,RUBIALES,RUBIALES,RUBIALES,0.000103645666968,0.0010901932837441,0.9988061189651488,0.9988061189651488,0.997715950012207,True,29.65095822208569,robust_percentile_fallback,29.77260318464544,data_driven_global_percentile_thresholds,RUBIALES,31.937205391406263,data_driven_batch_percentile_thresholds,68.06279460859373,False
623,2025-12-11 05:00:32,2025-12-11 05:01:31,RUBIALES,RUBIALES,RUBIALES,0.0001350881357211,0.003893603105098,0.9959712624549866,0.9959712624549866,0.992077648639679,True,29.592418702072266,robust_percentile_fallback,30.090404993466827,data_driven_global_percentile_thresholds,RUBIALES,31.692106567836117,data_driven_batch_percentile_thresholds,68.30789343216388,False
624,2025-12-11 05:01:32,2025-12-11 05:02:31,RUBIALES,RUBIALES,RUBIALES,8.597905980423093e-05,0.0002643181651365,0.9996496438980104,0.9996496438980104,0.9993852972984314,True,29.1890328917286,robust_percentile_fallback,28.192937299382265,data_driven_global_percentile_thresholds,RUBIALES,28.73742461029696,data_driven_batch_percentile_thresholds,71.26257538970304,False
625,2025-12-11 05:02:32,2025-12-11 05:03:31,RUBIALES,RUBIALES,RUBIALES,0.0001223869912791,0.0008715907461009,0.9990060925483704,0.9990060925483704,0.9981344938278198,True,27.43606805936377,robust_percentile_fallback,22.754730967577448,data_driven_global_percentile_thresholds,RUBIALES,16.872344077253782,data_driven_batch_percentile_thresholds,83.12765592274621,False
626,2025-12-11 05:03:32,2025-12-11 05:04:31,RUBIALES,RUBIALES,RUBIALES,0.0001457424368709,0.0003748153103515,0.9994794726371764,0.9994794726371764,0.9991046786308287,True,28.175258078499603,robust_percentile_fallback,24.56740134043588,data_driven_global_percentile_thresholds,RUBIALES,18.540757996895728,data_driven_batch_percentile_thresholds,81.45924200310426,False
627,2025-12-11 05:04:32,2025-12-11 05:05:31,RUBIALES,RUBIALES,RUBIALES,7.938362250570208e-05,0.0003393689985387,0.9995812773704528,0.9995812773704528,0.9992418885231018,True,27.269068069963076,robust_percentile_fallback,21.309012239526844,data_driven_global_percentile_thresholds,RUBIALES,18.07465613283748,data_driven_batch_percentile_thresholds,81.92534386716252,False
628,2025-12-11 05:05:32,2025-12-11 05:06:31,RUBIALES,RUBIALES,RUBIALES,0.0001259596319869,0.0001560287637403,0.9997180104255676,0.9997180104255676,0.9995619654655457,True,26.855520417016667,robust_percentile_fallback,19.137049348287672,data_driven_global_percentile_thresholds,RUBIALES,14.213011719398857,data_driven_batch_percentile_thresholds,85.78698828060115,False
629,2025-12-11 05:06:32,2025-12-11 05:07:31,RUBIALES,RUBIALES,RUBIALES,0.0002031259646173,0.0035720570012927,0.9962247610092164,0.9962247610092164,0.992652714252472,True,27.77032540613518,robust_percentile_fallback,22.56136138494957,data_driven_global_percentile_thresholds,RUBIALES,19.450183714607924,data_driven_batch_percentile_thresholds,80.54981628539207,False
630,2025-12-11 05:07:32,2025-12-11 05:08:31,RUBIALES,RUBIALES,RUBIALES,0.0001086828342522,0.0002417441573925,0.9996495246887208,0.9996495246887208,0.9994077682495116,True,29.03523216660294,robust_percentile_fallback,22.738158285261083,data_driven_global_percentile_thresholds,RUBIALES,20.87370644648224,data_driven_batch_percentile_thresholds,79.12629355351775,False
631,2025-12-11 05:08:32,2025-12-11 05:09:31,RUBIALES,RUBIALES,RUBIALES,0.0001161940890597,0.0004608558665495,0.9994230270385742,0.9994230270385742,0.9989621639251708,True,29.552579374813096,robust_percentile_fallback,26.48476680986085,data_driven_global_percentile_thresholds,RUBIALES,22.20201180698411,data_driven_batch_percentile_thresholds,77.7979881930159,False
632,2025-12-11 05:09:32,2025-12-11 05:10:31,RUBIALES,RUBIALES,RUBIALES,0.0001381269539706,0.0002896017685998,0.999572217464447,0.999572217464447,0.9992825984954834,True,27.773277849798188,robust_percentile_fallback,23.96750077443386,data_driven_global_percentile_thresholds,RUBIALES,19.62751328411374,data_driven_batch_percentile_thresholds,80.37248671588625,False
633,2025-12-11 05:10:32,2025-12-11 05:11:31,RUBIALES,RUBIALES,RUBIALES,0.0001258756092283,0.0002052578201983,0.999668836593628,0.999668836593628,0.9994635581970216,True,28.008697735888813,robust_percentile_fallback,23.03245122752337,data_driven_global_percentile_thresholds,RUBIALES,17.87211901875642,data_driven_batch_percentile_thresholds,82.12788098124358,False
634,2025-12-11 05:11:32,2025-12-11 05:12:31,RUBIALES,RUBIALES,RUBIALES,0.0001067844277713,0.0004684470477513,0.9994248151779176,0.9994248151779176,0.9989563822746276,True,29.209885352886943,robust_percentile_fallback,22.95718978876748,data_driven_global_percentile_thresholds,RUBIALES,23.342740715445437,data_driven_batch_percentile_thresholds,76.65725928455456,False
635,2025-12-11 05:12:32,2025-12-11 05:13:31,RUBIALES,RUBIALES,RUBIALES,0.0001054239619406,0.0006842234870418,0.9992103576660156,0.9992103576660156,0.9985261559486388,True,28.82127743440403,robust_percentile_fallback,22.173020696027965,data_driven_global_percentile_thresholds,RUBIALES,23.7540120583407,data_driven_batch_percentile_thresholds,76.24598794165931,False
636,2025-12-11 05:13:32,2025-12-11 05:14:31,RUBIALES,RUBIALES,RUBIALES,0.0001172724951175,0.0002938445250038,0.999588906764984,0.999588906764984,0.9992950558662416,True,27.99117674235773,robust_percentile_fallback,21.78251548282841,data_driven_global_percentile_thresholds,RUBIALES,15.644710408972298,data_driven_batch_percentile_thresholds,84.3552895910277,False
637,2025-12-11 05:14:32,2025-12-11 05:15:31,RUBIALES,RUBIALES,RUBIALES,8.833456377033144e-05,0.000136548289447,0.9997751116752625,0.9997751116752625,0.999638557434082,True,29.29436835405794,robust_percentile_fallback,23.39039741733028,data_driven_global_percentile_thresholds,RUBIALES,20.371213644964456,data_driven_batch_percentile_thresholds,79.62878635503554,False
638,2025-12-11 05:15:32,2025-12-11 05:16:31,RUBIALES,RUBIALES,RUBIALES,9.422133007319644e-05,0.000299489009194,0.9996063113212584,0.9996063113212584,0.9993067979812622,True,29.15015857803483,robust_percentile_fallback,22.88159478622322,data_driven_global_percentile_thresholds,RUBIALES,24.90025996519193,data_driven_batch_percentile_thresholds,75.09974003480806,False
639,2025-12-11 05:16:32,2025-12-11 05:17:31,RUBIALES,RUBIALES,RUBIALES,7.002936763456091e-05,7.95656960690394e-05,0.9998503923416138,0.9998503923416138,0.9997708201408386,True,28.406647606618563,robust_percentile_fallback,21.036486018805984,data_driven_global_percentile_thresholds,RUBIALES,18.82695595799887,data_driven_batch_percentile_thresholds,81.17304404200112,False
640,2025-12-11 05:17:32,2025-12-11 05:18:31,RUBIALES,RUBIALES,RUBIALES,7.50231629353948e-05,9.153923747362568e-05,0.9998334646224976,0.9998334646224976,0.9997419118881226,True,28.878725181412428,robust_percentile_fallback,24.078392495454157,data_driven_global_percentile_thresholds,RUBIALES,18.610021516189057,data_driven_batch_percentile_thresholds,81.38997848381095,False
641,2025-12-11 05:18:32,2025-12-11 05:19:31,RUBIALES,RUBIALES,RUBIALES,7.483616354875267e-05,8.962304127635434e-05,0.99983549118042,0.99983549118042,0.9997458457946776,True,27.99033019725225,robust_percentile_fallback,20.754100840833857,data_driven_global_percentile_thresholds,RUBIALES,15.716277642514209,data_driven_batch_percentile_thresholds,84.28372235748579,False
642,2025-12-11 05:19:32,2025-12-11 05:20:31,RUBIALES,RUBIALES,RUBIALES,7.447139796568081e-05,9.23755651456304e-05,0.9998331069946288,0.9998331069946288,0.999740719795227,True,28.503012256428388,robust_percentile_fallback,21.595992910992923,data_driven_global_percentile_thresholds,RUBIALES,21.780997530057427,data_driven_batch_percentile_thresholds,78.21900246994258,False
643,2025-12-11 05:20:32,2025-12-11 05:21:31,RUBIALES,RUBIALES,RUBIALES,7.049051055219024e-05,0.000116048635391,0.9998134970664978,0.9998134970664978,0.99969744682312,True,29.11954127562446,robust_percentile_fallback,23.07215410513725,data_driven_global_percentile_thresholds,RUBIALES,23.019499155052426,data_driven_batch_percentile_thresholds,76.98050084494757,False
644,2025-12-11 05:21:32,2025-12-11 05:22:31,RUBIALES,RUBIALES,RUBIALES,5.968194818706252e-05,4.761855234391987e-05,0.9998927116394044,0.9998927116394044,0.999833047389984,True,28.889651667724973,robust_percentile_fallback,22.246137426092528,data_driven_global_percentile_thresholds,RUBIALES,21.065370613306364,data_driven_batch_percentile_thresholds,78.93462938669364,False
645,2025-12-11 05:22:32,2025-12-11 05:23:31,RUBIALES,RUBIALES,RUBIALES,5.11231628479436e-05,4.19369425799232e-05,0.9999068975448608,0.9999068975448608,0.9998557567596436,True,29.275437365378693,robust_percentile_fallback,24.73816461960337,data_driven_global_percentile_thresholds,RUBIALES,26.497464324207737,data_driven_batch_percentile_thresholds,73.50253567579226,False
646,2025-12-11 05:23:32,2025-12-11 05:24:31,RUBIALES,RUBIALES,RUBIALES,6.464641774073243e-05,5.737972605857067e-05,0.9998779296875,0.9998779296875,0.9998132586479188,True,29.27050877169426,robust_percentile_fallback,23.479727166786184,data_driven_global_percentile_thresholds,RUBIALES,20.32307948122812,data_driven_batch_percentile_thresholds,79.67692051877188,False
647,2025-12-11 05:24:32,2025-12-11 05:25:31,RUBIALES,RUBIALES,RUBIALES,7.783179898979142e-05,6.340836989693344e-05,0.9998587369918824,0.9998587369918824,0.9997808933258056,True,28.638452210252265,robust_percentile_fallback,23.0740274796058,data_driven_global_percentile_thresholds,RUBIALES,16.217327119650587,data_driven_batch_percentile_thresholds,83.78267288034941,False
648,2025-12-11 05:25:32,2025-12-11 05:26:31,RUBIALES,RUBIALES,RUBIALES,4.40809853898827e-05,3.51470080204308e-05,0.9999207258224488,0.9999207258224488,0.9998766183853148,True,27.88412737268857,robust_percentile_fallback,20.73790567353311,data_driven_global_percentile_thresholds,RUBIALES,15.17186440678596,data_driven_batch_percentile_thresholds,84.82813559321404,False
649,2025-12-11 05:26:32,2025-12-11 05:27:31,RUBIALES,RUBIALES,RUBIALES,7.746326446067542e-05,7.120648660929874e-05,0.9998513460159302,0.9998513460159302,0.9997738599777222,True,25.791271904856565,robust_percentile_fallback,18.816691857333996,data_driven_global_percentile_thresholds,RUBIALES,10.56189209504624,data_driven_batch_percentile_thresholds,89.43810790495377,False
650,2025-12-11 05:27:32,2025-12-11 05:28:31,RUBIALES,RUBIALES,RUBIALES,5.4947238822933286e-05,4.488723425311037e-05,0.9999001026153564,0.9999001026153564,0.9998451471328736,True,28.39677104006346,robust_percentile_fallback,24.752117903411406,data_driven_global_percentile_thresholds,RUBIALES,18.916095304655755,data_driven_batch_percentile_thresholds,81.08390469534424,False
651,2025-12-11 05:28:32,2025-12-11 05:29:31,RUBIALES,RUBIALES,RUBIALES,6.629157724091783e-05,5.678726301994175e-05,0.999876856803894,0.999876856803894,0.9998105764389038,True,27.540630659773534,robust_percentile_fallback,22.2475974000554,data_driven_global_percentile_thresholds,RUBIALES,15.179761321469298,data_driven_batch_percentile_thresholds,84.8202386785307,False
652,2025-12-11 05:29:32,2025-12-11 05:30:31,RUBIALES,RUBIALES,RUBIALES,4.944688407704234e-05,4.079269274370745e-05,0.99990975856781,0.99990975856781,0.9998602867126464,True,27.04129990870825,robust_percentile_fallback,19.03746913789751,data_driven_global_percentile_thresholds,RUBIALES,13.33558464822218,data_driven_batch_percentile_thresholds,86.66441535177782,False
653,2025-12-11 05:30:32,2025-12-11 05:31:31,RUBIALES,RUBIALES,RUBIALES,5.722144123865292e-05,5.1951868954347447e-05,0.9998908042907716,0.9998908042907716,0.9998335838317872,True,26.970395586279807,robust_percentile_fallback,21.72208050166304,data_driven_global_percentile_thresholds,RUBIALES,15.7079246423992,data_driven_batch_percentile_thresholds,84.2920753576008,False
654,2025-12-11 05:31:32,2025-12-11 05:32:31,RUBIALES,RUBIALES,RUBIALES,6.432329973904416e-05,9.042052988661452e-05,0.9998452663421632,0.9998452663421632,0.9997548460960388,True,28.090461865344277,robust_percentile_fallback,22.59374733197348,data_driven_global_percentile_thresholds,RUBIALES,21.629515904882552,data_driven_batch_percentile_thresholds,78.37048409511745,False
655,2025-12-11 05:32:32,2025-12-11 05:33:31,RUBIALES,RUBIALES,RUBIALES,5.804603642900474e-05,8.477313531329855e-05,0.9998571872711182,0.9998571872711182,0.9997724294662476,True,27.536608230822136,robust_percentile_fallback,20.71721114667248,data_driven_global_percentile_thresholds,RUBIALES,19.57402025074482,data_driven_batch_percentile_thresholds,80.42597974925518,False
656,2025-12-11 05:33:32,2025-12-11 05:34:31,RUBIALES,RUBIALES,RUBIALES,5.764094748883508e-05,6.934013072168455e-05,0.9998730421066284,0.9998730421066284,0.9998037219047546,True,27.618011904736512,robust_percentile_fallback,21.42907642484926,data_driven_global_percentile_thresholds,RUBIALES,20.694037910279597,data_driven_batch_percentile_thresholds,79.3059620897204,False
657,2025-12-11 05:34:32,2025-12-11 05:35:31,RUBIALES,RUBIALES,RUBIALES,5.984419112792239e-05,7.82910647103563e-05,0.9998618364334106,0.9998618364334106,0.9997835159301758,True,27.930256701481717,robust_percentile_fallback,21.796615100209745,data_driven_global_percentile_thresholds,RUBIALES,21.640841979263467,data_driven_batch_percentile_thresholds,78.35915802073653,False
658,2025-12-11 05:35:32,2025-12-11 05:36:31,RUBIALES,RUBIALES,RUBIALES,4.6033732360228896e-05,5.564921593759209e-05,0.9998983144760132,0.9998983144760132,0.999842643737793,True,29.192605711557157,robust_percentile_fallback,25.10651732563049,data_driven_global_percentile_thresholds,RUBIALES,25.883615783615152,data_driven_batch_percentile_thresholds,74.11638421638484,False
659,2025-12-11 05:36:32,2025-12-11 05:37:31,RUBIALES,RUBIALES,RUBIALES,5.991447324049659e-05,8.606367191532627e-05,0.9998539686203004,0.9998539686203004,0.9997678995132446,True,27.572202351496934,robust_percentile_fallback,20.154828263669632,data_driven_global_percentile_thresholds,RUBIALES,18.199170481108837,data_driven_batch_percentile_thresholds,81.80082951889116,False
660,2025-12-11 05:37:32,2025-12-11 05:38:31,RUBIALES,RUBIALES,RUBIALES,6.931972893653437e-05,7.43548953323625e-05,0.9998563528060912,0.9998563528060912,0.9997820258140564,True,29.24417407815088,robust_percentile_fallback,24.33900608236007,data_driven_global_percentile_thresholds,RUBIALES,20.636786574822747,data_driven_batch_percentile_thresholds,79.36321342517725,False
661,2025-12-11 05:38:32,2025-12-11 05:39:31,RUBIALES,RUBIALES,RUBIALES,5.413895269157365e-05,7.465698581654578e-05,0.9998711347579956,0.9998711347579956,0.999796450138092,True,28.42097687373923,robust_percentile_fallback,21.716448303895472,data_driven_global_percentile_thresholds,RUBIALES,19.97598694343529,data_driven_batch_percentile_thresholds,80.02401305656471,False
662,2025-12-11 05:39:32,2025-12-11 05:40:31,RUBIALES,RUBIALES,RUBIALES,5.863132173544727e-05,7.37288428354077e-05,0.9998676776885986,0.9998676776885986,0.9997939467430116,True,29.097365686829253,robust_percentile_fallback,24.89732269353921,data_driven_global_percentile_thresholds,RUBIALES,26.38860240732353,data_driven_batch_percentile_thresholds,73.61139759267647,False
663,2025-12-11 05:40:32,2025-12-11 05:41:31,RUBIALES,RUBIALES,RUBIALES,4.886003080173396e-05,5.510554910870269e-05,0.9998960494995116,0.9998960494995116,0.9998409152030944,True,28.372779110466887,robust_percentile_fallback,23.49054244356028,data_driven_global_percentile_thresholds,RUBIALES,22.83787093067934,data_driven_batch_percentile_thresholds,77.16212906932066,False
664,2025-12-11 05:41:32,2025-12-11 05:42:31,RUBIALES,RUBIALES,RUBIALES,8.433109178440645e-05,7.754228863632306e-05,0.99983811378479,0.99983811378479,0.9997537732124328,True,27.25377486146844,robust_percentile_fallback,21.388857769142405,data_driven_global_percentile_thresholds,RUBIALES,15.909441468244696,data_driven_batch_percentile_thresholds,84.0905585317553,False
665,2025-12-11 05:42:32,2025-12-11 05:43:31,RUBIALES,RUBIALES,RUBIALES,8.283209172077477e-05,7.733002712484449e-05,0.9998397827148438,0.9998397827148438,0.999756932258606,True,28.07589990846919,robust_percentile_fallback,22.764027324769067,data_driven_global_percentile_thresholds,RUBIALES,18.633799945697675,data_driven_batch_percentile_thresholds,81.36620005430233,False
666,2025-12-11 05:43:32,2025-12-11 05:44:31,RUBIALES,RUBIALES,RUBIALES,9.839938138611616e-05,0.000105035083834,0.9997965693473816,0.9997965693473816,0.9996915459632874,True,30.260442848320547,robust_percentile_fallback,25.75751216329969,data_driven_global_percentile_thresholds,RUBIALES,24.70161942785245,data_driven_batch_percentile_thresholds,75.29838057214755,False
667,2025-12-11 05:44:32,2025-12-11 05:45:31,RUBIALES,RUBIALES,RUBIALES,0.0001031110950862,0.0001570562890265,0.9997398257255554,0.9997398257255554,0.9995827674865724,True,28.50431117053726,robust_percentile_fallback,25.19156879659316,data_driven_global_percentile_thresholds,RUBIALES,21.84437431973719,data_driven_batch_percentile_thresholds,78.1556256802628,False
668,2025-12-11 05:45:32,2025-12-11 05:46:31,RUBIALES,RUBIALES,RUBIALES,7.00341843185015e-05,9.46396539802663e-05,0.9998352527618408,0.9998352527618408,0.9997406005859376,True,29.340235303102357,robust_percentile_fallback,25.23176804188414,data_driven_global_percentile_thresholds,RUBIALES,27.255424005407864,data_driven_batch_percentile_thresholds,72.74457599459214,False
669,2025-12-11 05:46:32,2025-12-11 05:47:31,RUBIALES,RUBIALES,RUBIALES,0.0001690715725999,0.0002068077592412,0.9996241331100464,0.9996241331100464,0.9994173049926758,True,28.72148174081565,robust_percentile_fallback,24.540472001372816,data_driven_global_percentile_thresholds,RUBIALES,19.32440873875264,data_driven_batch_percentile_thresholds,80.67559126124736,False
670,2025-12-11 05:47:32,2025-12-11 05:48:31,RUBIALES,RUBIALES,RUBIALES,0.0001108916549128,0.0001517417258583,0.9997373223304749,0.9997373223304749,0.9995855689048768,True,28.844224853852523,robust_percentile_fallback,25.46939861065176,data_driven_global_percentile_thresholds,RUBIALES,27.72394027185644,data_driven_batch_percentile_thresholds,72.27605972814357,False
671,2025-12-11 05:48:32,2025-12-11 05:49:31,RUBIALES,RUBIALES,RUBIALES,0.0001443891233066,0.0002657196891959,0.9995898604393004,0.9995898604393004,0.9993241429328918,True,31.026947200805783,robust_percentile_fallback,29.15233639019158,data_driven_global_percentile_thresholds,RUBIALES,32.18644895060904,data_driven_batch_percentile_thresholds,67.81355104939095,False
672,2025-12-11 05:49:32,2025-12-11 05:50:31,RUBIALES,RUBIALES,RUBIALES,0.0002562970330473,0.0004042851505801,0.9993394017219543,0.9993394017219543,0.9989351034164428,True,28.40244487001037,robust_percentile_fallback,22.27309464596884,data_driven_global_percentile_thresholds,RUBIALES,18.85266463290773,data_driven_batch_percentile_thresholds,81.14733536709227,False
673,2025-12-11 05:50:32,2025-12-11 05:51:31,RUBIALES,RUBIALES,RUBIALES,0.0001282837038161,0.0002595779951661,0.9996121525764464,0.9996121525764464,0.9993525743484496,True,26.89813737704826,robust_percentile_fallback,22.98537857252637,data_driven_global_percentile_thresholds,RUBIALES,18.14855146401549,data_driven_batch_percentile_thresholds,81.8514485359845,False
674,2025-12-11 05:51:32,2025-12-11 05:52:31,RUBIALES,RUBIALES,RUBIALES,0.0001325125776929,0.0002393066824879,0.9996281862258912,0.9996281862258912,0.999388873577118,True,27.643304460177227,robust_percentile_fallback,23.885321898345296,data_driven_global_percentile_thresholds,RUBIALES,19.41148937564565,data_driven_batch_percentile_thresholds,80.58851062435434,False
675,2025-12-11 05:52:32,2025-12-11 05:53:31,RUBIALES,RUBIALES,RUBIALES,0.0002557340194471,0.0004677412798628,0.9992765784263612,0.9992765784263612,0.9988088607788086,True,28.30924249462248,robust_percentile_fallback,23.21492347058172,data_driven_global_percentile_thresholds,RUBIALES,19.549876519295747,data_driven_batch_percentile_thresholds,80.45012348070425,False
676,2025-12-11 05:53:32,2025-12-11 05:54:31,RUBIALES,RUBIALES,RUBIALES,0.0001622792187845,0.0004866642702836,0.9993510842323304,0.9993510842323304,0.9988644123077391,True,30.02085275948651,robust_percentile_fallback,28.394786291867668,data_driven_global_percentile_thresholds,RUBIALES,32.876733159583985,data_driven_batch_percentile_thresholds,67.12326684041602,False
677,2025-12-11 05:54:32,2025-12-11 05:55:31,RUBIALES,RUBIALES,RUBIALES,0.0001561831013532,0.0002633041585795,0.9995805621147156,0.9995805621147156,0.999317228794098,True,26.93696908448024,robust_percentile_fallback,20.985241758643337,data_driven_global_percentile_thresholds,RUBIALES,16.84785937114604,data_driven_batch_percentile_thresholds,83.15214062885396,False
678,2025-12-11 05:55:32,2025-12-11 05:56:31,RUBIALES,RUBIALES,RUBIALES,0.0001991768513107,0.0004042886139359,0.999396562576294,0.999396562576294,0.9989922642707824,True,28.29371133332375,robust_percentile_fallback,23.75995801812102,data_driven_global_percentile_thresholds,RUBIALES,21.7538760293722,data_driven_batch_percentile_thresholds,78.24612397062779,False
679,2025-12-11 05:56:32,2025-12-11 05:57:31,RUBIALES,RUBIALES,RUBIALES,0.0001854995643952,0.0003562069032341,0.9994582533836364,0.9994582533836364,0.9991020560264589,True,28.04419645033932,robust_percentile_fallback,22.12962220363824,data_driven_global_percentile_thresholds,RUBIALES,21.879465120588662,data_driven_batch_percentile_thresholds,78.12053487941134,False
680,2025-12-11 05:57:32,2025-12-11 05:58:31,RUBIALES,RUBIALES,RUBIALES,0.0001744901383062,0.0004934468888677,0.9993320107460022,0.9993320107460022,0.9988385438919068,True,29.008442990598365,robust_percentile_fallback,27.229882191556115,data_driven_global_percentile_thresholds,RUBIALES,25.50999510873468,data_driven_batch_percentile_thresholds,74.49000489126531,False
681,2025-12-11 05:58:32,2025-12-11 05:59:31,RUBIALES,RUBIALES,RUBIALES,0.0001394164137309,0.0003375443338882,0.9995230436325072,0.9995230436325072,0.9991855025291444,True,28.53977014949665,robust_percentile_fallback,23.482236115863348,data_driven_global_percentile_thresholds,RUBIALES,23.012191800124143,data_driven_batch_percentile_thresholds,76.98780819987586,False
682,2025-12-11 05:59:32,2025-12-11 06:00:31,RUBIALES,RUBIALES,RUBIALES,9.55680152401328e-05,0.0002323469088878,0.9996720552444458,0.9996720552444458,0.9994397163391112,True,27.780266091524187,robust_percentile_fallback,22.57307359323702,data_driven_global_percentile_thresholds,RUBIALES,19.19080937848617,data_driven_batch_percentile_thresholds,80.80919062151384,False
683,2025-12-11 06:00:32,2025-12-11 06:01:31,RUBIALES,RUBIALES,RUBIALES,0.0001455446763429,0.0003461787709966,0.999508261680603,0.999508261680603,0.9991620779037476,True,29.44734570206916,robust_percentile_fallback,24.97008003689148,data_driven_global_percentile_thresholds,RUBIALES,23.752865413133623,data_driven_batch_percentile_thresholds,76.24713458686638,False
684,2025-12-11 06:01:32,2025-12-11 06:02:31,RUBIALES,RUBIALES,RUBIALES,0.0006007442716509,0.003843463724479,0.995555818080902,0.995555818080902,0.9917123317718506,True,32.29089497129417,robust_percentile_fallback,38.15694897909114,data_driven_global_percentile_thresholds,RUBIALES,35.10030898212458,data_driven_batch_percentile_thresholds,64.89969101787543,False
685,2025-12-11 06:02:32,2025-12-11 06:03:31,RUBIALES,RUBIALES,RUBIALES,0.0006533340201713,0.0083763394504785,0.990970253944397,0.990970253944397,0.9825938940048218,True,33.644418202208946,robust_percentile_fallback,39.87115948017381,data_driven_global_percentile_thresholds,RUBIALES,38.550847386958026,data_driven_batch_percentile_thresholds,61.449152613041974,False
686,2025-12-11 06:03:32,2025-12-11 06:04:31,RUBIALES,RUBIALES,RUBIALES,0.0004416062438394,0.0039926837198436,0.9955657124519348,0.9955657124519348,0.9915730357170104,True,34.98558755661118,robust_percentile_fallback,43.480342668833394,data_driven_global_percentile_thresholds,RUBIALES,50.78568723807844,data_driven_batch_percentile_thresholds,49.21431276192156,False
687,2025-12-11 06:04:32,2025-12-11 06:05:31,RUBIALES,RUBIALES,RUBIALES,0.0002557713305577,0.0007564138504676,0.9989878535270692,0.9989878535270692,0.9982314109802246,True,31.618379944389677,robust_percentile_fallback,33.57998157374863,data_driven_global_percentile_thresholds,RUBIALES,30.160823104197565,data_driven_batch_percentile_thresholds,69.83917689580244,False
688,2025-12-11 06:05:32,2025-12-11 06:06:31,RUBIALES,RUBIALES,RUBIALES,0.0005470379255712,0.0023455610498785,0.9971074461936952,0.9971074461936952,0.994761884212494,True,32.237393478369086,robust_percentile_fallback,34.80713756363737,data_driven_global_percentile_thresholds,RUBIALES,32.13459792333303,data_driven_batch_percentile_thresholds,67.86540207666697,False
689,2025-12-11 06:06:32,2025-12-11 06:07:31,RUBIALES,RUBIALES,RUBIALES,0.0001825871295295,0.0002636971476022,0.9995537400245668,0.9995537400245668,0.9992900490760804,True,31.57369024227989,robust_percentile_fallback,32.48685819215022,data_driven_global_percentile_thresholds,RUBIALES,34.265798579116066,data_driven_batch_percentile_thresholds,65.73420142088393,False
690,2025-12-11 06:07:32,2025-12-11 06:08:31,RUBIALES,RUBIALES,RUBIALES,0.0001148608425864,0.0002516406821087,0.9996334314346312,0.9996334314346312,0.9993817806243896,True,30.81999505012924,robust_percentile_fallback,28.325456129031696,data_driven_global_percentile_thresholds,RUBIALES,27.99050218241149,data_driven_batch_percentile_thresholds,72.00949781758851,False
691,2025-12-11 06:08:32,2025-12-11 06:09:31,RUBIALES,RUBIALES,RUBIALES,0.000111502391519,0.0003073152911383,0.9995811581611632,0.9995811581611632,0.9992738366127014,True,25.302067633218563,robust_percentile_fallback,19.667175463974207,data_driven_global_percentile_thresholds,RUBIALES,16.784192860266128,data_driven_batch_percentile_thresholds,83.21580713973387,False
692,2025-12-11 06:09:32,2025-12-11 06:10:31,RUBIALES,RUBIALES,RUBIALES,9.418433182872832e-05,0.0002573404635768,0.9996484518051147,0.9996484518051147,0.9993911385536194,True,24.328804643900234,robust_percentile_fallback,18.68889183430459,data_driven_global_percentile_thresholds,RUBIALES,16.61218689172181,data_driven_batch_percentile_thresholds,83.3878131082782,False
693,2025-12-11 06:10:32,2025-12-11 06:11:31,RUBIALES,RUBIALES,RUBIALES,0.0001188221067423,0.0002532807702664,0.9996278285980223,0.9996278285980223,0.9993745684623718,True,26.07888523640544,robust_percentile_fallback,22.10782662263764,data_driven_global_percentile_thresholds,RUBIALES,21.23822101728157,data_driven_batch_percentile_thresholds,78.76177898271843,False
694,2025-12-11 06:11:32,2025-12-11 06:12:31,RUBIALES,RUBIALES,RUBIALES,0.0001345568744,0.0005755721940658,0.999289870262146,0.999289870262146,0.9987143278121948,True,25.99491859745137,robust_percentile_fallback,23.88355969508312,data_driven_global_percentile_thresholds,RUBIALES,25.431218334307857,data_driven_batch_percentile_thresholds,74.56878166569214,False
695,2025-12-11 06:12:32,2025-12-11 06:13:31,RUBIALES,RUBIALES,RUBIALES,8.844525291351601e-05,0.0004632865602616,0.9994482398033142,0.9994482398033142,0.9989849328994752,True,25.652245293259934,robust_percentile_fallback,21.866587516285406,data_driven_global_percentile_thresholds,RUBIALES,17.387843197491204,data_driven_batch_percentile_thresholds,82.61215680250879,False
696,2025-12-11 06:13:32,2025-12-11 06:14:31,RUBIALES,RUBIALES,RUBIALES,7.61833944125101e-05,0.0002846753341145,0.9996391534805298,0.9996391534805298,0.9993544816970824,True,24.23402310344704,robust_percentile_fallback,18.050287126445888,data_driven_global_percentile_thresholds,RUBIALES,10.848223806415556,data_driven_batch_percentile_thresholds,89.15177619358444,False
697,2025-12-11 06:14:32,2025-12-11 06:15:31,RUBIALES,RUBIALES,RUBIALES,8.942250133259222e-05,0.000341986247804,0.9995686411857604,0.9995686411857604,0.9992266297340392,True,26.009323732837828,robust_percentile_fallback,21.04371558806288,data_driven_global_percentile_thresholds,RUBIALES,19.1559357199427,data_driven_batch_percentile_thresholds,80.8440642800573,False
698,2025-12-11 06:15:32,2025-12-11 06:16:31,RUBIALES,RUBIALES,RUBIALES,0.0001086322445189,0.0004479638300836,0.9994433522224426,0.9994433522224426,0.9989953637123108,True,24.79524730665464,robust_percentile_fallback,18.631744430480925,data_driven_global_percentile_thresholds,RUBIALES,14.059978741224066,data_driven_batch_percentile_thresholds,85.94002125877593,False
699,2025-12-11 06:16:32,2025-12-11 06:17:31,RUBIALES,RUBIALES,RUBIALES,7.506315159844235e-05,0.0001993672922253,0.9997255206108092,0.9997255206108092,0.9995261430740356,True,25.69897683667714,robust_percentile_fallback,19.485638196585835,data_driven_global_percentile_thresholds,RUBIALES,14.685403062361884,data_driven_batch_percentile_thresholds,85.31459693763811,False
700,2025-12-11 06:17:32,2025-12-11 06:18:31,RUBIALES,RUBIALES,RUBIALES,6.455273978644982e-05,0.0002650663082022,0.999670386314392,0.999670386314392,0.999405324459076,True,26.444405276469727,robust_percentile_fallback,21.61936484713775,data_driven_global_percentile_thresholds,RUBIALES,21.348222899046945,data_driven_batch_percentile_thresholds,78.65177710095305,False
701,2025-12-11 06:18:32,2025-12-11 06:19:31,RUBIALES,RUBIALES,RUBIALES,9.343441342934966e-05,0.0003357619862072,0.9995707869529724,0.9995707869529724,0.9992350339889526,True,26.100161124340413,robust_percentile_fallback,21.089111710168808,data_driven_global_percentile_thresholds,RUBIALES,18.652789259031334,data_driven_batch_percentile_thresholds,81.34721074096866,False
702,2025-12-11 06:19:32,2025-12-11 06:20:31,RUBIALES,RUBIALES,RUBIALES,0.0001037115289364,0.0001903995726024,0.9997058510780334,0.9997058510780334,0.9995154738426208,True,22.857609309187136,robust_percentile_fallback,16.476071690060298,data_driven_global_percentile_thresholds,RUBIALES,8.541227845831438,data_driven_batch_percentile_thresholds,91.45877215416856,False
703,2025-12-11 06:20:32,2025-12-11 06:21:31,RUBIALES,RUBIALES,RUBIALES,7.192237535491586e-05,0.0003060625458601,0.9996219873428344,0.9996219873428344,0.9993159174919128,True,25.258704211531597,robust_percentile_fallback,18.709974354332065,data_driven_global_percentile_thresholds,RUBIALES,13.717390919804275,data_driven_batch_percentile_thresholds,86.28260908019573,False
704,2025-12-11 06:21:32,2025-12-11 06:22:31,RUBIALES,RUBIALES,RUBIALES,6.529688835144043e-05,0.0001979852386284,0.9997367262840272,0.9997367262840272,0.9995387196540833,True,25.47163590546056,robust_percentile_fallback,20.469443321483247,data_driven_global_percentile_thresholds,RUBIALES,12.82098305154861,data_driven_batch_percentile_thresholds,87.17901694845139,False
705,2025-12-11 06:22:32,2025-12-11 06:23:31,RUBIALES,RUBIALES,RUBIALES,7.054079469526187e-05,0.0002048275346169,0.9997245669364928,0.9997245669364928,0.9995197653770448,True,24.76065574968787,robust_percentile_fallback,19.428488792848807,data_driven_global_percentile_thresholds,RUBIALES,11.457336843298958,data_driven_batch_percentile_thresholds,88.54266315670104,False
706,2025-12-11 06:23:32,2025-12-11 06:24:31,RUBIALES,RUBIALES,RUBIALES,0.0001026618410833,0.0005088456673547,0.9993884563446044,0.9993884563446044,0.998879611492157,True,24.544268774496334,robust_percentile_fallback,17.950335640611723,data_driven_global_percentile_thresholds,RUBIALES,10.522129890828642,data_driven_batch_percentile_thresholds,89.47787010917136,False
707,2025-12-11 06:24:32,2025-12-11 06:25:31,RUBIALES,RUBIALES,RUBIALES,8.085269655566663e-05,0.0002885740541387,0.999630570411682,0.999630570411682,0.9993420243263244,True,23.710419843102564,robust_percentile_fallback,17.167083849730663,data_driven_global_percentile_thresholds,RUBIALES,8.192811299553284,data_driven_batch_percentile_thresholds,91.80718870044672,False
708,2025-12-11 06:25:32,2025-12-11 06:26:31,RUBIALES,RUBIALES,RUBIALES,8.394290489377454e-05,0.0002751185384113,0.999640941619873,0.999640941619873,0.9993658065795898,True,22.924048873251195,robust_percentile_fallback,17.23282503611703,data_driven_global_percentile_thresholds,RUBIALES,9.681934094079024,data_driven_batch_percentile_thresholds,90.31806590592097,False
709,2025-12-11 06:26:32,2025-12-11 06:27:31,RUBIALES,RUBIALES,RUBIALES,9.109608799917623e-05,0.0002523917937651,0.9996565580368042,0.9996565580368042,0.9994041919708252,True,23.570280486386203,robust_percentile_fallback,16.45813972307681,data_driven_global_percentile_thresholds,RUBIALES,9.576134094847632,data_driven_batch_percentile_thresholds,90.42386590515237,False
710,2025-12-11 06:27:32,2025-12-11 06:28:31,RUBIALES,RUBIALES,RUBIALES,5.4328618716681376e-05,0.000214685613173,0.9997310042381288,0.9997310042381288,0.9995163083076476,True,25.75302330497829,robust_percentile_fallback,22.23768617407708,data_driven_global_percentile_thresholds,RUBIALES,22.56195141820876,data_driven_batch_percentile_thresholds,77.43804858179124,False
711,2025-12-11 06:28:32,2025-12-11 06:29:31,RUBIALES,RUBIALES,RUBIALES,7.510571595048532e-05,0.0001692735386313,0.999755561351776,0.999755561351776,0.999586284160614,True,24.8672898619638,robust_percentile_fallback,19.25710798413616,data_driven_global_percentile_thresholds,RUBIALES,15.448668216396465,data_driven_batch_percentile_thresholds,84.55133178360353,False
712,2025-12-11 06:29:32,2025-12-11 06:30:31,RUBIALES,RUBIALES,RUBIALES,6.971945549594238e-05,0.0001702443842077,0.999760091304779,0.999760091304779,0.9995898604393004,True,24.71520303527072,robust_percentile_fallback,18.40398853479024,data_driven_global_percentile_thresholds,RUBIALES,14.725421039100269,data_driven_batch_percentile_thresholds,85.27457896089973,False
713,2025-12-11 06:30:32,2025-12-11 06:31:31,RUBIALES,RUBIALES,RUBIALES,5.789918941445649e-05,0.0001365156203974,0.9998056292533876,0.9998056292533876,0.9996691346168518,True,26.99792034040184,robust_percentile_fallback,25.122899957317404,data_driven_global_percentile_thresholds,RUBIALES,27.290048783463117,data_driven_batch_percentile_thresholds,72.70995121653688,False
714,2025-12-11 06:31:32,2025-12-11 06:32:31,RUBIALES,RUBIALES,RUBIALES,6.287233554758132e-05,0.0001699228014331,0.999767243862152,0.999767243862152,0.9995973110198976,True,25.99634640514979,robust_percentile_fallback,21.8682116553262,data_driven_global_percentile_thresholds,RUBIALES,20.755714845592944,data_driven_batch_percentile_thresholds,79.24428515440705,False
715,2025-12-11 06:32:32,2025-12-11 06:33:31,RUBIALES,RUBIALES,RUBIALES,0.0001099118526326,0.0003406701725907,0.9995494484901428,0.9995494484901428,0.9992088079452516,True,26.65942749841304,robust_percentile_fallback,21.86503875385781,data_driven_global_percentile_thresholds,RUBIALES,21.317986798113672,data_driven_batch_percentile_thresholds,78.68201320188632,False
716,2025-12-11 06:33:32,2025-12-11 06:34:31,RUBIALES,RUBIALES,RUBIALES,5.981936556054279e-05,0.0001852524728747,0.9997549653053284,0.9997549653053284,0.9995697140693665,True,26.436051385696093,robust_percentile_fallback,22.72600662243321,data_driven_global_percentile_thresholds,RUBIALES,22.12116279783781,data_driven_batch_percentile_thresholds,77.87883720216219,False
717,2025-12-11 06:34:32,2025-12-11 06:35:31,RUBIALES,RUBIALES,RUBIALES,8.229463855968788e-05,0.0002188842627219,0.9996988773345948,0.9996988773345948,0.9994800090789796,True,26.34047303794285,robust_percentile_fallback,23.067048731908653,data_driven_global_percentile_thresholds,RUBIALES,24.758682960677405,data_driven_batch_percentile_thresholds,75.2413170393226,False
718,2025-12-11 06:35:32,2025-12-11 06:36:31,RUBIALES,RUBIALES,RUBIALES,8.812981832306832e-05,0.0004391539550852,0.999472677707672,0.999472677707672,0.999033510684967,True,25.323847839889005,robust_percentile_fallback,19.29954829725462,data_driven_global_percentile_thresholds,RUBIALES,20.38242416053613,data_driven_batch_percentile_thresholds,79.61757583946387,False
719,2025-12-11 06:36:32,2025-12-11 06:37:31,RUBIALES,RUBIALES,RUBIALES,5.322608558344655e-05,9.221558866556734e-05,0.999854564666748,0.999854564666748,0.9997623562812804,True,24.308058296026555,robust_percentile_fallback,16.252747888297055,data_driven_global_percentile_thresholds,RUBIALES,10.182158702451536,data_driven_batch_percentile_thresholds,89.81784129754847,False
720,2025-12-11 06:37:32,2025-12-11 06:38:31,RUBIALES,RUBIALES,RUBIALES,6.507783837150782e-05,0.0001119632142945,0.999823033809662,0.999823033809662,0.9997110962867736,True,25.93850416161401,robust_percentile_fallback,20.107476771770557,data_driven_global_percentile_thresholds,RUBIALES,17.773148110399916,data_driven_batch_percentile_thresholds,82.22685188960008,False
721,2025-12-11 06:38:32,2025-12-11 06:39:31,RUBIALES,RUBIALES,RUBIALES,7.902436482254416e-05,0.0001463615190004,0.9997746348381042,0.9997746348381042,0.999628245830536,True,25.449197938385264,robust_percentile_fallback,18.429851313901228,data_driven_global_percentile_thresholds,RUBIALES,14.615480327802274,data_driven_batch_percentile_thresholds,85.38451967219773,False
722,2025-12-11 06:39:32,2025-12-11 06:40:31,RUBIALES,RUBIALES,RUBIALES,5.845188570674509e-05,8.535055530956015e-05,0.9998562335968018,0.9998562335968018,0.9997708797454834,True,25.32938777577437,robust_percentile_fallback,18.170058097311387,data_driven_global_percentile_thresholds,RUBIALES,15.05825164341928,data_driven_batch_percentile_thresholds,84.94174835658072,False
723,2025-12-11 06:40:32,2025-12-11 06:41:31,RUBIALES,RUBIALES,RUBIALES,6.447880150517449e-05,0.0001131875615101,0.9998223185539246,0.9998223185539246,0.999709129333496,True,24.513268862484285,robust_percentile_fallback,16.98009920595144,data_driven_global_percentile_thresholds,RUBIALES,9.565642279561333,data_driven_batch_percentile_thresholds,90.43435772043867,False
724,2025-12-11 06:41:32,2025-12-11 06:42:31,RUBIALES,RUBIALES,RUBIALES,4.8521273129154e-05,7.862968777772039e-05,0.9998728036880492,0.9998728036880492,0.9997941851615906,True,24.667463067830777,robust_percentile_fallback,17.261148695909608,data_driven_global_percentile_thresholds,RUBIALES,10.966659727887656,data_driven_batch_percentile_thresholds,89.03334027211234,False
725,2025-12-11 06:42:32,2025-12-11 06:43:31,RUBIALES,RUBIALES,RUBIALES,6.305730494204909e-05,9.4015798822511e-05,0.999842882156372,0.999842882156372,0.9997488856315612,True,24.99696098196551,robust_percentile_fallback,19.235091205825924,data_driven_global_percentile_thresholds,RUBIALES,15.645064713456287,data_driven_batch_percentile_thresholds,84.35493528654371,False
726,2025-12-11 06:43:32,2025-12-11 06:44:31,RUBIALES,RUBIALES,RUBIALES,5.879324089619331e-05,8.044671267271042e-05,0.9998607635498048,0.9998607635498048,0.999780297279358,True,25.13857618751161,robust_percentile_fallback,19.06622804059149,data_driven_global_percentile_thresholds,RUBIALES,12.914731429941911,data_driven_batch_percentile_thresholds,87.08526857005809,False
727,2025-12-11 06:44:32,2025-12-11 06:45:31,RUBIALES,RUBIALES,RUBIALES,7.29092353140004e-05,0.000102005629742,0.9998250603675842,0.9998250603675842,0.9997230768203736,True,24.160838213535868,robust_percentile_fallback,17.004535885193416,data_driven_global_percentile_thresholds,RUBIALES,10.22430401276563,data_driven_batch_percentile_thresholds,89.77569598723437,False
728,2025-12-11 06:45:32,2025-12-11 06:46:31,RUBIALES,RUBIALES,RUBIALES,5.275647345115431e-05,7.613839261466637e-05,0.9998711347579956,0.9998711347579956,0.9997950196266174,True,24.694883303864373,robust_percentile_fallback,17.154243042786682,data_driven_global_percentile_thresholds,RUBIALES,11.951426090032426,data_driven_batch_percentile_thresholds,88.04857390996757,False
729,2025-12-11 06:46:32,2025-12-11 06:47:31,RUBIALES,RUBIALES,RUBIALES,8.72862947289832e-05,0.0001414355647284,0.9997712969779968,0.9997712969779968,0.9996298551559448,True,22.994516780804982,robust_percentile_fallback,15.05413240969475,data_driven_global_percentile_thresholds,RUBIALES,4.376891488850963,data_driven_batch_percentile_thresholds,95.62310851114904,False
730,2025-12-11 06:47:32,2025-12-11 06:48:31,RUBIALES,RUBIALES,RUBIALES,7.88979377830401e-05,0.0001368466619169,0.999784290790558,0.999784290790558,0.9996474385261536,True,24.71194527541857,robust_percentile_fallback,17.763892681985425,data_driven_global_percentile_thresholds,RUBIALES,14.815605792567917,data_driven_batch_percentile_thresholds,85.18439420743208,False
731,2025-12-11 06:48:32,2025-12-11 06:49:31,RUBIALES,RUBIALES,RUBIALES,7.414671563310549e-05,0.0001132114048232,0.999812662601471,0.999812662601471,0.9996994733810424,True,24.046053600440317,robust_percentile_fallback,17.00341332523154,data_driven_global_percentile_thresholds,RUBIALES,7.193817892279161,data_driven_batch_percentile_thresholds,92.80618210772084,False
732,2025-12-11 06:49:32,2025-12-11 06:50:31,RUBIALES,RUBIALES,RUBIALES,7.145581184886396e-05,9.807331662159412e-05,0.9998304843902588,0.9998304843902588,0.9997324347496032,True,24.01698833192872,robust_percentile_fallback,15.89582818988265,data_driven_global_percentile_thresholds,RUBIALES,7.954180997312166,data_driven_batch_percentile_thresholds,92.04581900268784,False
733,2025-12-11 06:50:32,2025-12-11 06:51:31,RUBIALES,RUBIALES,RUBIALES,8.02441718406044e-05,0.0001307915954384,0.9997889399528505,0.9997889399528505,0.9996581673622132,True,24.88601783613153,robust_percentile_fallback,18.508048690454977,data_driven_global_percentile_thresholds,RUBIALES,8.555410949861294,data_driven_batch_percentile_thresholds,91.4445890501387,False
734,2025-12-11 06:51:32,2025-12-11 06:52:31,RUBIALES,RUBIALES,RUBIALES,9.741522808326408e-05,0.000111950932478,0.999790608882904,0.999790608882904,0.999678671360016,True,24.79699622390532,robust_percentile_fallback,18.28316396316148,data_driven_global_percentile_thresholds,RUBIALES,16.379391416154075,data_driven_batch_percentile_thresholds,83.62060858384592,False
735,2025-12-11 06:52:32,2025-12-11 06:53:31,RUBIALES,RUBIALES,RUBIALES,0.000102841957414,5.963797229924239e-05,0.9998375177383424,0.9998375177383424,0.9997346997261048,True,22.83897336858554,robust_percentile_fallback,17.06635470606625,data_driven_global_percentile_thresholds,RUBIALES,6.910640324592211,data_driven_batch_percentile_thresholds,93.08935967540779,False
736,2025-12-11 06:53:32,2025-12-11 06:54:31,RUBIALES,RUBIALES,RUBIALES,6.054483674233779e-05,5.066097219241783e-05,0.9998887777328492,0.9998887777328492,0.9998282194137572,True,24.126859945559424,robust_percentile_fallback,18.141600966201352,data_driven_global_percentile_thresholds,RUBIALES,7.596723347850299,data_driven_batch_percentile_thresholds,92.4032766521497,False
737,2025-12-11 06:54:32,2025-12-11 06:55:31,RUBIALES,RUBIALES,RUBIALES,8.350167627213523e-05,5.7437770010437816e-05,0.999859094619751,0.999859094619751,0.9997755885124208,True,23.72639534180778,robust_percentile_fallback,17.0734717895999,data_driven_global_percentile_thresholds,RUBIALES,6.304384451717441,data_driven_batch_percentile_thresholds,93.69561554828256,False
738,2025-12-11 06:55:32,2025-12-11 06:56:31,RUBIALES,RUBIALES,RUBIALES,6.421286525437608e-05,5.787654663436115e-05,0.9998779296875,0.9998779296875,0.9998137354850768,True,25.99143798167632,robust_percentile_fallback,22.80867601499215,data_driven_global_percentile_thresholds,RUBIALES,13.118818408254471,data_driven_batch_percentile_thresholds,86.88118159174553,False
739,2025-12-11 06:56:32,2025-12-11 06:57:31,RUBIALES,RUBIALES,RUBIALES,7.670297782169655e-05,4.288660784368403e-05,0.9998804330825806,0.9998804330825806,0.9998037219047546,True,26.133655916689445,robust_percentile_fallback,21.6935518019722,data_driven_global_percentile_thresholds,RUBIALES,18.62545784663665,data_driven_batch_percentile_thresholds,81.37454215336335,False
740,2025-12-11 06:57:32,2025-12-11 06:58:31,RUBIALES,RUBIALES,RUBIALES,8.105211600195616e-05,6.621857755817473e-05,0.9998526573181152,0.9998526573181152,0.9997715950012208,True,26.24434676619236,robust_percentile_fallback,22.004672498459342,data_driven_global_percentile_thresholds,RUBIALES,19.7977168875856,data_driven_batch_percentile_thresholds,80.20228311241439,False
741,2025-12-11 06:58:32,2025-12-11 06:59:31,RUBIALES,RUBIALES,RUBIALES,9.16261924430728e-05,6.571087578777224e-05,0.999842643737793,0.999842643737793,0.9997510313987732,True,27.014839057475797,robust_percentile_fallback,24.107306770056883,data_driven_global_percentile_thresholds,RUBIALES,22.85798837123738,data_driven_batch_percentile_thresholds,77.14201162876262,False
742,2025-12-11 06:59:32,2025-12-11 07:00:31,RUBIALES,RUBIALES,RUBIALES,6.763291457900777e-05,6.880780711071566e-05,0.9998635053634644,0.9998635053634644,0.9997947216033936,True,24.09437754710532,robust_percentile_fallback,19.32018085524826,data_driven_global_percentile_thresholds,RUBIALES,8.445614148474116,data_driven_batch_percentile_thresholds,91.55438585152588,False
743,2025-12-11 07:00:32,2025-12-11 07:01:31,RUBIALES,RUBIALES,RUBIALES,7.12262699380517e-05,7.808960071997717e-05,0.9998506307601928,0.9998506307601928,0.9997725486755372,True,25.885500891412008,robust_percentile_fallback,21.069761478816805,data_driven_global_percentile_thresholds,RUBIALES,19.44335977948677,data_driven_batch_percentile_thresholds,80.55664022051323,False
744,2025-12-11 07:01:32,2025-12-11 07:02:31,RUBIALES,RUBIALES,RUBIALES,7.788116636220366e-05,6.25465763732791e-05,0.9998595714569092,0.9998595714569092,0.9997816681861876,True,26.26420907276585,robust_percentile_fallback,22.659524405153856,data_driven_global_percentile_thresholds,RUBIALES,19.783506455831372,data_driven_batch_percentile_thresholds,80.21649354416863,False
745,2025-12-11 07:02:32,2025-12-11 07:03:31,RUBIALES,RUBIALES,RUBIALES,8.885909483069554e-05,7.699131674598902e-05,0.9998341798782348,0.9998341798782348,0.9997453093528748,True,26.369558480335588,robust_percentile_fallback,22.937737866280607,data_driven_global_percentile_thresholds,RUBIALES,19.62183666423779,data_driven_batch_percentile_thresholds,80.37816333576221,False
746,2025-12-11 07:03:32,2025-12-11 07:04:31,RUBIALES,RUBIALES,RUBIALES,0.0001420614571543,0.0001227637549163,0.9997351765632628,0.9997351765632628,0.9995931386947632,True,25.25642310122724,robust_percentile_fallback,20.06133437849905,data_driven_global_percentile_thresholds,RUBIALES,13.996424519102156,data_driven_batch_percentile_thresholds,86.00357548089784,False
747,2025-12-11 07:04:32,2025-12-11 07:05:31,RUBIALES,RUBIALES,RUBIALES,8.619174332125112e-05,7.101084338501096e-05,0.9998427629470824,0.9998427629470824,0.9997565746307372,True,25.63245956656579,robust_percentile_fallback,20.87634231117977,data_driven_global_percentile_thresholds,RUBIALES,15.112784905872862,data_driven_batch_percentile_thresholds,84.88721509412714,False
748,2025-12-11 07:05:32,2025-12-11 07:06:31,RUBIALES,RUBIALES,RUBIALES,7.899143383838236e-05,7.778020517434925e-05,0.9998432397842408,0.9998432397842408,0.9997642636299132,True,24.229532079281668,robust_percentile_fallback,19.31490798917851,data_driven_global_percentile_thresholds,RUBIALES,9.819640809418638,data_driven_batch_percentile_thresholds,90.18035919058136,False
749,2025-12-11 07:06:32,2025-12-11 07:07:31,RUBIALES,RUBIALES,RUBIALES,7.953795284265652e-05,5.631303429254331e-05,0.999864101409912,0.999864101409912,0.9997845888137816,True,28.155484114007468,robust_percentile_fallback,28.046891483254026,data_driven_global_percentile_thresholds,RUBIALES,27.359539636328524,data_driven_batch_percentile_thresholds,72.64046036367148,False
750,2025-12-11 07:07:32,2025-12-11 07:08:31,RUBIALES,RUBIALES,RUBIALES,9.012460941448808e-05,8.499478281009942e-05,0.9998249411582948,0.9998249411582948,0.9997348189353944,True,26.25874721320188,robust_percentile_fallback,23.53693270161728,data_driven_global_percentile_thresholds,RUBIALES,14.20455507980035,data_driven_batch_percentile_thresholds,85.79544492019966,False
751,2025-12-11 07:08:32,2025-12-11 07:09:31,RUBIALES,RUBIALES,RUBIALES,7.698882109252736e-05,8.22656656964682e-05,0.9998407363891602,0.9998407363891602,0.99975848197937,True,26.746033460232777,robust_percentile_fallback,23.84582022190665,data_driven_global_percentile_thresholds,RUBIALES,17.263887034329848,data_driven_batch_percentile_thresholds,82.73611296567015,False
752,2025-12-11 07:09:32,2025-12-11 07:10:31,RUBIALES,RUBIALES,RUBIALES,7.506168185500428e-05,7.972067396622151e-05,0.9998451471328736,0.9998451471328736,0.9997654557228088,True,26.37163192904329,robust_percentile_fallback,22.93212573956608,data_driven_global_percentile_thresholds,RUBIALES,21.598583936905627,data_driven_batch_percentile_thresholds,78.40141606309437,False
753,2025-12-11 07:10:32,2025-12-11 07:11:31,RUBIALES,RUBIALES,RUBIALES,7.29859821149148e-05,7.707209442742169e-05,0.9998499155044556,0.9998499155044556,0.999772846698761,True,25.71881138950012,robust_percentile_fallback,23.1233266157354,data_driven_global_percentile_thresholds,RUBIALES,15.338436102198434,data_driven_batch_percentile_thresholds,84.66156389780157,False
754,2025-12-11 07:11:32,2025-12-11 07:12:31,RUBIALES,RUBIALES,RUBIALES,6.0349691921146587e-05,4.722004086943343e-05,0.9998924732208252,0.9998924732208252,0.9998321533203124,True,26.050688131801493,robust_percentile_fallback,22.617553495061536,data_driven_global_percentile_thresholds,RUBIALES,18.57550469934625,data_driven_batch_percentile_thresholds,81.42449530065375,False
755,2025-12-11 07:12:32,2025-12-11 07:13:31,RUBIALES,RUBIALES,RUBIALES,8.07254109531641e-05,6.573001155629754e-05,0.999853491783142,0.999853491783142,0.9997727870941162,True,25.4245887351087,robust_percentile_fallback,20.481723437728125,data_driven_global_percentile_thresholds,RUBIALES,18.734261906662137,data_driven_batch_percentile_thresholds,81.26573809333786,False
756,2025-12-11 07:13:32,2025-12-11 07:14:31,RUBIALES,RUBIALES,RUBIALES,7.699820707784966e-05,5.185234476812184e-05,0.9998711347579956,0.9998711347579956,0.9997941255569458,True,26.54840779102444,robust_percentile_fallback,24.759668961231437,data_driven_global_percentile_thresholds,RUBIALES,25.290751330824747,data_driven_batch_percentile_thresholds,74.70924866917525,False
757,2025-12-11 07:14:32,2025-12-11 07:15:31,RUBIALES,RUBIALES,RUBIALES,8.117442484945059e-05,9.274911280954257e-05,0.9998261332511902,0.9998261332511902,0.9997333884239196,True,26.660898305508734,robust_percentile_fallback,23.23227008967534,data_driven_global_percentile_thresholds,RUBIALES,22.779405453321083,data_driven_batch_percentile_thresholds,77.22059454667891,False
758,2025-12-11 07:15:32,2025-12-11 07:16:31,RUBIALES,RUBIALES,RUBIALES,8.092940697679296e-05,8.030574099393561e-05,0.9998387098312378,0.9998387098312378,0.9997577667236328,True,26.476976805473413,robust_percentile_fallback,23.43070592800721,data_driven_global_percentile_thresholds,RUBIALES,23.646763513924025,data_driven_batch_percentile_thresholds,76.35323648607597,False
759,2025-12-11 07:16:32,2025-12-11 07:17:31,RUBIALES,RUBIALES,RUBIALES,7.675098459003493e-05,8.55325415614061e-05,0.9998376369476318,0.9998376369476318,0.9997521042823792,True,26.22160626516744,robust_percentile_fallback,22.00707724692705,data_driven_global_percentile_thresholds,RUBIALES,17.80296097550764,data_driven_batch_percentile_thresholds,82.19703902449235,False
760,2025-12-11 07:17:32,2025-12-11 07:18:31,RUBIALES,RUBIALES,RUBIALES,0.0001032240616041,9.374980436405168e-05,0.9998030066490172,0.9998030066490172,0.9996997714042664,True,24.074305342548527,robust_percentile_fallback,18.507760631638558,data_driven_global_percentile_thresholds,RUBIALES,10.005106489888265,data_driven_batch_percentile_thresholds,89.99489351011174,False
761,2025-12-11 07:18:32,2025-12-11 07:19:31,RUBIALES,RUBIALES,RUBIALES,5.8259738580090925e-05,4.701157013187185e-05,0.9998947381973268,0.9998947381973268,0.9998365044593812,True,25.33492582994844,robust_percentile_fallback,22.02321434324336,data_driven_global_percentile_thresholds,RUBIALES,13.292830472040691,data_driven_batch_percentile_thresholds,86.70716952795931,False
762,2025-12-11 07:19:32,2025-12-11 07:20:31,RUBIALES,RUBIALES,RUBIALES,9.024760220199823e-05,7.153634942369536e-05,0.9998382329940796,0.9998382329940796,0.9997479915618896,True,24.848293104843677,robust_percentile_fallback,20.01139449961604,data_driven_global_percentile_thresholds,RUBIALES,12.295745002692538,data_driven_batch_percentile_thresholds,87.70425499730746,False
763,2025-12-11 07:20:32,2025-12-11 07:21:31,RUBIALES,RUBIALES,RUBIALES,7.700861169723794e-05,9.398310794495046e-05,0.9998289346694946,0.9998289346694946,0.9997349381446838,True,24.691556316726817,robust_percentile_fallback,20.868873101082336,data_driven_global_percentile_thresholds,RUBIALES,10.770617168072045,data_driven_batch_percentile_thresholds,89.22938283192795,False
764,2025-12-11 07:21:32,2025-12-11 07:22:31,RUBIALES,RUBIALES,RUBIALES,8.945020817918703e-05,9.519000741420314e-05,0.9998154044151306,0.9998154044151306,0.9997202157974244,True,26.2360239495464,robust_percentile_fallback,21.71295554815482,data_driven_global_percentile_thresholds,RUBIALES,20.35742851780159,data_driven_batch_percentile_thresholds,79.6425714821984,False
765,2025-12-11 07:22:32,2025-12-11 07:23:31,RUBIALES,RUBIALES,RUBIALES,0.0001124248083215,6.925855996087193e-05,0.9998183846473694,0.9998183846473694,0.999705970287323,True,28.477939809102907,robust_percentile_fallback,28.06522334406669,data_driven_global_percentile_thresholds,RUBIALES,30.2471709269943,data_driven_batch_percentile_thresholds,69.7528290730057,False
766,2025-12-11 07:23:32,2025-12-11 07:24:31,RUBIALES,RUBIALES,RUBIALES,0.0001213373325299,0.0001053407031577,0.9997733235359192,0.9997733235359192,0.9996519684791564,True,28.314927174413583,robust_percentile_fallback,28.231584376531494,data_driven_global_percentile_thresholds,RUBIALES,30.96543322027147,data_driven_batch_percentile_thresholds,69.03456677972852,False
767,2025-12-11 07:24:32,2025-12-11 07:25:31,RUBIALES,RUBIALES,RUBIALES,7.294839451787993e-05,6.003770977258682e-05,0.9998669624328612,0.9998669624328612,0.9997940063476562,True,24.414182170229967,robust_percentile_fallback,18.889325276144017,data_driven_global_percentile_thresholds,RUBIALES,13.412847820117909,data_driven_batch_percentile_thresholds,86.5871521798821,False
768,2025-12-11 07:25:32,2025-12-11 07:26:31,RUBIALES,RUBIALES,RUBIALES,0.0001309570507146,8.815044566290453e-05,0.9997809529304504,0.9997809529304504,0.9996500015258788,True,24.883717330028,robust_percentile_fallback,20.602833241644905,data_driven_global_percentile_thresholds,RUBIALES,20.36709673757282,data_driven_batch_percentile_thresholds,79.63290326242718,False
769,2025-12-11 07:26:32,2025-12-11 07:27:31,RUBIALES,RUBIALES,RUBIALES,0.0001160214742412,0.0001052508014254,0.999778687953949,0.999778687953949,0.9996626377105712,True,25.36836568354604,robust_percentile_fallback,22.526785440414105,data_driven_global_percentile_thresholds,RUBIALES,14.811518384414327,data_driven_batch_percentile_thresholds,85.18848161558567,False
770,2025-12-11 07:27:32,2025-12-11 07:28:31,RUBIALES,RUBIALES,RUBIALES,0.0001163301712949,7.420887413900346e-05,0.9998094439506532,0.9998094439506532,0.9996930956840516,True,25.69264325948382,robust_percentile_fallback,22.671395633065146,data_driven_global_percentile_thresholds,RUBIALES,21.494712697245376,data_driven_batch_percentile_thresholds,78.50528730275462,False
771,2025-12-11 07:28:32,2025-12-11 07:29:31,RUBIALES,RUBIALES,RUBIALES,0.0001592905900906,0.0001141897519119,0.9997264742851256,0.9997264742851256,0.999567210674286,True,24.083158639431527,robust_percentile_fallback,18.96170537661788,data_driven_global_percentile_thresholds,RUBIALES,12.2113811571199,data_driven_batch_percentile_thresholds,87.7886188428801,False
772,2025-12-11 07:29:32,2025-12-11 07:30:31,RUBIALES,RUBIALES,RUBIALES,0.0002096814860124,0.0004174291680101,0.999372899532318,0.999372899532318,0.998955488204956,True,25.582067572339135,robust_percentile_fallback,23.103073084932888,data_driven_global_percentile_thresholds,RUBIALES,28.367278363437556,data_driven_batch_percentile_thresholds,71.63272163656245,False
773,2025-12-11 07:30:32,2025-12-11 07:31:31,RUBIALES,RUBIALES,RUBIALES,0.0001095874176826,0.0001604462013347,0.9997299313545228,0.9997299313545228,0.9995694756507874,True,25.97514869006333,robust_percentile_fallback,24.215565347781027,data_driven_global_percentile_thresholds,RUBIALES,28.767089724552985,data_driven_batch_percentile_thresholds,71.23291027544701,False
774,2025-12-11 07:31:32,2025-12-11 07:32:31,RUBIALES,RUBIALES,RUBIALES,0.0001398742606397,0.0001055122775142,0.9997546076774596,0.9997546076774596,0.999614715576172,True,25.81778135932965,robust_percentile_fallback,22.994222267898067,data_driven_global_percentile_thresholds,RUBIALES,23.876432404914443,data_driven_batch_percentile_thresholds,76.12356759508556,False
775,2025-12-11 07:32:32,2025-12-11 07:33:31,RUBIALES,RUBIALES,RUBIALES,9.190172568196432e-05,6.499070150312036e-05,0.9998431205749512,0.9998431205749512,0.9997512102127076,True,26.14429679074568,robust_percentile_fallback,23.29687290303776,data_driven_global_percentile_thresholds,RUBIALES,26.07487248628648,data_driven_batch_percentile_thresholds,73.92512751371352,False
776,2025-12-11 07:33:32,2025-12-11 07:34:31,RUBIALES,RUBIALES,RUBIALES,0.0002284398215124,0.0002030329051194,0.999568521976471,0.999568521976471,0.9993400573730468,True,27.562069127455725,robust_percentile_fallback,28.036155294882576,data_driven_global_percentile_thresholds,RUBIALES,33.5230176678963,data_driven_batch_percentile_thresholds,66.4769823321037,False
777,2025-12-11 07:34:32,2025-12-11 07:35:31,RUBIALES,RUBIALES,RUBIALES,0.0001154390047304,0.0001444314693799,0.9997400641441344,0.9997400641441344,0.9995956420898438,True,25.80463681599164,robust_percentile_fallback,22.02316649983797,data_driven_global_percentile_thresholds,RUBIALES,25.022702361875567,data_driven_batch_percentile_thresholds,74.97729763812444,False
778,2025-12-11 07:35:32,2025-12-11 07:36:31,RUBIALES,RUBIALES,RUBIALES,0.0001490356225986,0.000123797377455,0.999727189540863,0.999727189540863,0.9995781779289246,True,25.853735680440423,robust_percentile_fallback,22.725368354163763,data_driven_global_percentile_thresholds,RUBIALES,21.941536838267965,data_driven_batch_percentile_thresholds,78.05846316173204,False
779,2025-12-11 07:36:32,2025-12-11 07:37:31,RUBIALES,RUBIALES,RUBIALES,0.0001261400029761,9.24359046621248e-05,0.9997814297676086,0.9997814297676086,0.999655306339264,True,25.5318447340202,robust_percentile_fallback,22.94350035619796,data_driven_global_percentile_thresholds,RUBIALES,18.33215484585338,data_driven_batch_percentile_thresholds,81.66784515414662,False
780,2025-12-11 07:37:32,2025-12-11 07:38:31,RUBIALES,RUBIALES,RUBIALES,9.976141154766084e-05,0.0001068376805051,0.9997934699058532,0.9997934699058532,0.9996866583824158,True,24.340517111374503,robust_percentile_fallback,21.70271151492075,data_driven_global_percentile_thresholds,RUBIALES,12.954570158247932,data_driven_batch_percentile_thresholds,87.04542984175207,False
781,2025-12-11 07:38:32,2025-12-11 07:39:31,RUBIALES,RUBIALES,RUBIALES,7.37771624699235e-05,6.916849088156596e-05,0.9998570680618286,0.9998570680618286,0.9997832775115968,True,24.383327719972247,robust_percentile_fallback,19.676954595103684,data_driven_global_percentile_thresholds,RUBIALES,10.856391686526557,data_driven_batch_percentile_thresholds,89.14360831347344,False
782,2025-12-11 07:39:32,2025-12-11 07:40:31,RUBIALES,RUBIALES,RUBIALES,8.587133197579533e-05,9.82679266599007e-05,0.9998158812522888,0.9998158812522888,0.9997175931930542,True,24.489433089239466,robust_percentile_fallback,21.609349272781586,data_driven_global_percentile_thresholds,RUBIALES,11.132153203654564,data_driven_batch_percentile_thresholds,88.86784679634543,False
783,2025-12-11 07:40:32,2025-12-11 07:41:31,RUBIALES,RUBIALES,RUBIALES,0.0001779449667083,9.209767449647188e-05,0.9997299313545228,0.9997299313545228,0.9995520114898682,True,22.568350963147605,robust_percentile_fallback,19.97478822240617,data_driven_global_percentile_thresholds,RUBIALES,12.720554185679823,data_driven_batch_percentile_thresholds,87.27944581432018,False
784,2025-12-11 07:41:32,2025-12-11 07:42:31,RUBIALES,RUBIALES,RUBIALES,0.0001077416090993,7.927309343358502e-05,0.9998130202293396,0.9998130202293396,0.9997052550315856,True,24.484131439440517,robust_percentile_fallback,22.716225509267385,data_driven_global_percentile_thresholds,RUBIALES,14.8473190330419,data_driven_batch_percentile_thresholds,85.1526809669581,False
785,2025-12-11 07:42:32,2025-12-11 07:43:31,RUBIALES,RUBIALES,RUBIALES,0.0001009292827802,5.990970385028049e-05,0.999839186668396,0.999839186668396,0.9997382760047911,True,25.200001516912565,robust_percentile_fallback,22.038112205617143,data_driven_global_percentile_thresholds,RUBIALES,15.797327418619258,data_driven_batch_percentile_thresholds,84.20267258138074,False
786,2025-12-11 07:43:32,2025-12-11 07:44:31,RUBIALES,RUBIALES,RUBIALES,9.180012420983984e-05,8.966486348072067e-05,0.9998185038566588,0.9998185038566588,0.9997267127037048,True,26.384581814302557,robust_percentile_fallback,25.29888149488498,data_driven_global_percentile_thresholds,RUBIALES,20.04834870174516,data_driven_batch_percentile_thresholds,79.95165129825484,False
787,2025-12-11 07:44:32,2025-12-11 07:45:31,RUBIALES,RUBIALES,RUBIALES,0.0001713062374619,8.86232519405894e-05,0.9997400641441344,0.9997400641441344,0.99956876039505,True,24.17184831798265,robust_percentile_fallback,22.629754402362074,data_driven_global_percentile_thresholds,RUBIALES,15.21638678855452,data_driven_batch_percentile_thresholds,84.78361321144548,False
788,2025-12-11 07:45:32,2025-12-11 07:46:31,RUBIALES,RUBIALES,RUBIALES,0.0001324217300862,8.21929716039449e-05,0.9997853636741638,0.9997853636741638,0.9996529221534728,True,26.982309042248684,robust_percentile_fallback,25.415981358637875,data_driven_global_percentile_thresholds,RUBIALES,24.77019861276152,data_driven_batch_percentile_thresholds,75.22980138723848,False
789,2025-12-11 07:46:32,2025-12-11 07:47:31,RUBIALES,RUBIALES,RUBIALES,0.0001372648403048,9.8928612715099e-05,0.9997637867927552,0.9997637867927552,0.9996265172958374,True,25.49437336543402,robust_percentile_fallback,21.90217382068984,data_driven_global_percentile_thresholds,RUBIALES,18.03587276126757,data_driven_batch_percentile_thresholds,81.96412723873243,False
790,2025-12-11 07:47:32,2025-12-11 07:48:31,RUBIALES,RUBIALES,RUBIALES,9.958275040844455e-05,8.565972530050203e-05,0.9998148083686828,0.9998148083686828,0.9997152090072632,True,27.18487755622496,robust_percentile_fallback,26.77010891777493,data_driven_global_percentile_thresholds,RUBIALES,28.72862799881728,data_driven_batch_percentile_thresholds,71.27137200118273,False
791,2025-12-11 07:48:32,2025-12-11 07:49:31,RUBIALES,RUBIALES,RUBIALES,9.919796139001846e-05,5.982679431326687e-05,0.9998409748077391,0.9998409748077391,0.999741792678833,True,28.336490810437844,robust_percentile_fallback,29.12186900712229,data_driven_global_percentile_thresholds,RUBIALES,30.90794568079581,data_driven_batch_percentile_thresholds,69.0920543192042,False
792,2025-12-11 07:49:32,2025-12-11 07:50:31,RUBIALES,RUBIALES,RUBIALES,0.0001114878905354,0.0001121853129006,0.999776303768158,0.999776303768158,0.9996641278266908,True,27.389155926740827,robust_percentile_fallback,25.06011760110133,data_driven_global_percentile_thresholds,RUBIALES,22.89598977676177,data_driven_batch_percentile_thresholds,77.10401022323823,False
793,2025-12-11 07:50:32,2025-12-11 07:51:31,RUBIALES,RUBIALES,RUBIALES,0.0001177335871034,8.392338349949569e-05,0.9997983574867249,0.9997983574867249,0.9996806383132936,True,27.52314145918816,robust_percentile_fallback,25.91390715478873,data_driven_global_percentile_thresholds,RUBIALES,25.046240849421302,data_driven_batch_percentile_thresholds,74.95375915057869,False
794,2025-12-11 07:51:32,2025-12-11 07:52:31,RUBIALES,RUBIALES,RUBIALES,0.0001467687689,9.140131442109124e-05,0.9997618794441224,0.9997618794441224,0.9996151328086852,True,26.782368405345217,robust_percentile_fallback,24.18950423166152,data_driven_global_percentile_thresholds,RUBIALES,23.18060274342412,data_driven_batch_percentile_thresholds,76.81939725657588,False
795,2025-12-11 07:52:32,2025-12-11 07:53:31,RUBIALES,RUBIALES,RUBIALES,0.0001348356017842,7.97825341578573e-05,0.9997853636741638,0.9997853636741638,0.999650537967682,True,25.48247568004017,robust_percentile_fallback,23.26405710530016,data_driven_global_percentile_thresholds,RUBIALES,18.11650886084549,data_driven_batch_percentile_thresholds,81.88349113915451,False
796,2025-12-11 07:53:32,2025-12-11 07:54:31,RUBIALES,RUBIALES,RUBIALES,0.0001065044853021,0.0001317164424108,0.9997617602348328,0.9997617602348328,0.9996300339698792,True,27.0259119097086,robust_percentile_fallback,26.625678750323896,data_driven_global_percentile_thresholds,RUBIALES,20.866315091779068,data_driven_batch_percentile_thresholds,79.13368490822093,False
797,2025-12-11 07:54:32,2025-12-11 07:55:31,RUBIALES,RUBIALES,RUBIALES,0.0001285698090214,0.0001104827970266,0.999760925769806,0.999760925769806,0.9996323585510254,True,26.49439834828945,robust_percentile_fallback,25.340276299817543,data_driven_global_percentile_thresholds,RUBIALES,21.791085889712697,data_driven_batch_percentile_thresholds,78.20891411028731,False
798,2025-12-11 07:55:32,2025-12-11 07:56:31,RUBIALES,RUBIALES,RUBIALES,8.923922723624855e-05,8.591781079303473e-05,0.9998248219490052,0.9998248219490052,0.9997355937957764,True,27.182950149296385,robust_percentile_fallback,26.60288562877154,data_driven_global_percentile_thresholds,RUBIALES,22.71004795198576,data_driven_batch_percentile_thresholds,77.28995204801424,False
799,2025-12-11 07:56:32,2025-12-11 07:57:31,RUBIALES,RUBIALES,RUBIALES,9.565709478920326e-05,9.785439760889858e-05,0.9998064637184144,0.9998064637184144,0.9997085928916932,True,26.74177802693567,robust_percentile_fallback,25.47293394954398,data_driven_global_percentile_thresholds,RUBIALES,20.185206969426613,data_driven_batch_percentile_thresholds,79.81479303057338,False
800,2025-12-11 07:57:32,2025-12-11 07:58:31,RUBIALES,RUBIALES,RUBIALES,9.9245946330484e-05,9.019657591124997e-05,0.9998106360435486,0.9998106360435486,0.9997113943099976,True,26.592831538399672,robust_percentile_fallback,24.46478893905402,data_driven_global_percentile_thresholds,RUBIALES,19.964831783467435,data_driven_batch_percentile_thresholds,80.03516821653257,False
801,2025-12-11 07:58:32,2025-12-11 07:59:31,RUBIALES,RUBIALES,RUBIALES,9.604980004951358e-05,7.65527511248365e-05,0.9998273849487304,0.9998273849487304,0.9997313618659972,True,26.260153952671253,robust_percentile_fallback,25.956132895576957,data_driven_global_percentile_thresholds,RUBIALES,21.039515693008955,data_driven_batch_percentile_thresholds,78.96048430699105,False
802,2025-12-11 07:59:32,2025-12-11 08:00:31,RUBIALES,RUBIALES,RUBIALES,9.781322296475992e-05,9.706230775918812e-05,0.9998051524162292,0.9998051524162292,0.9997073411941528,True,27.705993822299277,robust_percentile_fallback,27.959733454367555,data_driven_global_percentile_thresholds,RUBIALES,28.37572729411431,data_driven_batch_percentile_thresholds,71.62427270588569,False
803,2025-12-11 08:00:32,2025-12-11 08:01:31,RUBIALES,RUBIALES,RUBIALES,0.000104031045339,7.334165275096893e-05,0.9998226761817932,0.9998226761817932,0.9997186660766602,True,28.66981821553769,robust_percentile_fallback,28.55963605692765,data_driven_global_percentile_thresholds,RUBIALES,31.475732817407486,data_driven_batch_percentile_thresholds,68.52426718259251,False
804,2025-12-11 08:01:32,2025-12-11 08:02:31,RUBIALES,RUBIALES,RUBIALES,0.0001131010940298,8.879548840923235e-05,0.9997981190681458,0.9997981190681458,0.999684989452362,True,28.53520570111964,robust_percentile_fallback,29.93232208969564,data_driven_global_percentile_thresholds,RUBIALES,32.661514565175544,data_driven_batch_percentile_thresholds,67.33848543482446,False
805,2025-12-11 08:02:32,2025-12-11 08:03:31,RUBIALES,RUBIALES,RUBIALES,0.0004962850944139,0.0002423144760541,0.999261438846588,0.999261438846588,0.9987651705741882,True,27.90274746576257,robust_percentile_fallback,27.586460000103635,data_driven_global_percentile_thresholds,RUBIALES,36.87160866576901,data_driven_batch_percentile_thresholds,63.12839133423099,False
806,2025-12-11 08:03:32,2025-12-11 08:04:31,RUBIALES,RUBIALES,RUBIALES,0.0001727713533909,0.0001644624426262,0.9996627569198608,0.9996627569198608,0.999489963054657,True,27.880286365966946,robust_percentile_fallback,27.39679436268035,data_driven_global_percentile_thresholds,RUBIALES,27.779630086497946,data_driven_batch_percentile_thresholds,72.22036991350205,False
807,2025-12-11 08:04:32,2025-12-11 08:05:31,RUBIALES,RUBIALES,RUBIALES,0.0002116447722073,0.000173912543687,0.9996143579483032,0.9996143579483032,0.9994027018547058,True,25.02854959045592,robust_percentile_fallback,23.889763155002857,data_driven_global_percentile_thresholds,RUBIALES,19.973358338497896,data_driven_batch_percentile_thresholds,80.02664166150211,False
808,2025-12-11 08:05:32,2025-12-11 08:06:31,RUBIALES,RUBIALES,RUBIALES,0.0002134653914254,0.0001812127156881,0.999605357646942,0.999605357646942,0.9993919134140016,True,25.810361012010425,robust_percentile_fallback,25.28773620528548,data_driven_global_percentile_thresholds,RUBIALES,23.585353459618965,data_driven_batch_percentile_thresholds,76.41464654038103,False
809,2025-12-11 08:06:32,2025-12-11 08:07:31,RUBIALES,RUBIALES,RUBIALES,0.0001286180631723,0.0001110085868276,0.9997603297233582,0.9997603297233582,0.9996317028999328,True,25.57400946254248,robust_percentile_fallback,24.21324904848608,data_driven_global_percentile_thresholds,RUBIALES,20.48485575687388,data_driven_batch_percentile_thresholds,79.51514424312612,False
810,2025-12-11 08:07:32,2025-12-11 08:08:31,RUBIALES,RUBIALES,RUBIALES,0.000141094205901,0.0001273634843528,0.9997314810752868,0.9997314810752868,0.9995903968811036,True,24.586485384866165,robust_percentile_fallback,22.836433286341144,data_driven_global_percentile_thresholds,RUBIALES,19.35261120463883,data_driven_batch_percentile_thresholds,80.64738879536117,False
811,2025-12-11 08:08:32,2025-12-11 08:09:31,RUBIALES,RUBIALES,RUBIALES,0.0002553105296101,0.0002334595483262,0.9995112419128418,0.9995112419128418,0.9992559552192688,True,25.50328075070501,robust_percentile_fallback,24.594787655193105,data_driven_global_percentile_thresholds,RUBIALES,24.34778942850039,data_driven_batch_percentile_thresholds,75.65221057149961,False
812,2025-12-11 08:09:32,2025-12-11 08:10:31,RUBIALES,RUBIALES,RUBIALES,0.0001764965563779,0.0001460228813812,0.9996775388717652,0.9996775388717652,0.9995010495185852,True,24.6008191288285,robust_percentile_fallback,23.88713589074965,data_driven_global_percentile_thresholds,RUBIALES,19.09400403188287,data_driven_batch_percentile_thresholds,80.90599596811713,False
813,2025-12-11 08:10:32,2025-12-11 08:11:31,RUBIALES,RUBIALES,RUBIALES,0.0001550203305669,0.0001470080169383,0.999698042869568,0.999698042869568,0.9995430111885072,True,25.261552559629692,robust_percentile_fallback,24.38131117158441,data_driven_global_percentile_thresholds,RUBIALES,23.57272714674996,data_driven_batch_percentile_thresholds,76.42727285325005,False
814,2025-12-11 08:11:32,2025-12-11 08:12:31,RUBIALES,RUBIALES,RUBIALES,0.0001280246360693,0.0001012878055917,0.9997707009315492,0.9997707009315492,0.9996426701545716,True,24.38088220113649,robust_percentile_fallback,25.97478691163056,data_driven_global_percentile_thresholds,RUBIALES,22.16964207776185,data_driven_batch_percentile_thresholds,77.83035792223815,False
815,2025-12-11 08:12:32,2025-12-11 08:13:31,RUBIALES,RUBIALES,RUBIALES,0.0001424709626007,0.0001211958078783,0.9997363686561584,0.9997363686561584,0.9995939135551452,True,24.1713193451237,robust_percentile_fallback,23.744875250256666,data_driven_global_percentile_thresholds,RUBIALES,20.00903164035691,data_driven_batch_percentile_thresholds,79.99096835964309,False
816,2025-12-11 08:13:32,2025-12-11 08:14:31,RUBIALES,RUBIALES,RUBIALES,0.0004469786072149,0.0002974804665427,0.9992554783821106,0.9992554783821106,0.99880850315094,True,26.274137022985663,robust_percentile_fallback,25.449911365169584,data_driven_global_percentile_thresholds,RUBIALES,26.141586393906245,data_driven_batch_percentile_thresholds,73.85841360609376,False
817,2025-12-11 08:14:32,2025-12-11 08:15:31,RUBIALES,RUBIALES,RUBIALES,0.0001418878091499,0.0001197196688735,0.9997383952140808,0.9997383952140808,0.9995965361595154,True,25.71854230747217,robust_percentile_fallback,25.58796159790856,data_driven_global_percentile_thresholds,RUBIALES,25.809116004356977,data_driven_batch_percentile_thresholds,74.19088399564302,False
818,2025-12-11 08:15:32,2025-12-11 08:16:31,RUBIALES,RUBIALES,RUBIALES,0.0008011760073713,0.0003645269025582,0.9988343119621276,0.9988343119621276,0.9980331063270568,True,28.051627565700468,robust_percentile_fallback,27.981895391815687,data_driven_global_percentile_thresholds,RUBIALES,31.93564289351429,data_driven_batch_percentile_thresholds,68.06435710648572,False
819,2025-12-11 08:16:32,2025-12-11 08:17:31,RUBIALES,RUBIALES,RUBIALES,0.0002344646636629,0.0002097402757499,0.999555766582489,0.999555766582489,0.9993212819099426,True,26.10026945700529,robust_percentile_fallback,25.56474033629812,data_driven_global_percentile_thresholds,RUBIALES,25.822723905876018,data_driven_batch_percentile_thresholds,74.17727609412398,False
820,2025-12-11 08:17:32,2025-12-11 08:18:31,RUBIALES,RUBIALES,RUBIALES,0.0002175987174268,0.0001527952699689,0.9996296167373656,0.9996296167373656,0.9994120001792908,True,25.894072870234293,robust_percentile_fallback,25.38191291236424,data_driven_global_percentile_thresholds,RUBIALES,26.51974721289538,data_driven_batch_percentile_thresholds,73.48025278710462,False
821,2025-12-11 08:18:32,2025-12-11 08:19:31,RUBIALES,RUBIALES,RUBIALES,0.0001713336678221,0.0001411434495821,0.9996875524520874,0.9996875524520874,0.9995161890983582,True,25.69146950156992,robust_percentile_fallback,24.12115274375161,data_driven_global_percentile_thresholds,RUBIALES,24.421204085289236,data_driven_batch_percentile_thresholds,75.57879591471077,False
822,2025-12-11 08:19:32,2025-12-11 08:20:31,RUBIALES,RUBIALES,RUBIALES,0.0004038580518681,0.0003584493533708,0.9992376565933228,0.9992376565933228,0.9988337755203248,True,26.04999321707854,robust_percentile_fallback,23.81430502612204,data_driven_global_percentile_thresholds,RUBIALES,23.31289407136883,data_driven_batch_percentile_thresholds,76.68710592863117,False
823,2025-12-11 08:20:32,2025-12-11 08:21:31,RUBIALES,RUBIALES,RUBIALES,0.0001294289686484,0.0001157528095063,0.9997548460960388,0.9997548460960388,0.9996254444122314,True,24.67015413043569,robust_percentile_fallback,24.43782508277621,data_driven_global_percentile_thresholds,RUBIALES,21.73353332251962,data_driven_batch_percentile_thresholds,78.26646667748038,False
824,2025-12-11 08:21:32,2025-12-11 08:22:31,RUBIALES,RUBIALES,RUBIALES,0.0001641202834434,0.0001662469294387,0.9996696710586548,0.9996696710586548,0.9995034337043762,True,25.1051795074675,robust_percentile_fallback,23.291308627867764,data_driven_global_percentile_thresholds,RUBIALES,21.25954140587437,data_driven_batch_percentile_thresholds,78.74045859412563,False
825,2025-12-11 08:22:32,2025-12-11 08:23:31,RUBIALES,RUBIALES,RUBIALES,0.0001415035512764,0.0001005456506391,0.9997579455375672,0.9997579455375672,0.9996164441108704,True,25.28453596720921,robust_percentile_fallback,23.67737410006781,data_driven_global_percentile_thresholds,RUBIALES,21.5725256161655,data_driven_batch_percentile_thresholds,78.4274743838345,False
826,2025-12-11 08:23:32,2025-12-11 08:24:31,RUBIALES,RUBIALES,RUBIALES,0.0001657876418903,0.0001320761220995,0.9997021555900574,0.9997021555900574,0.999536395072937,True,23.24549821047068,robust_percentile_fallback,23.468064060932704,data_driven_global_percentile_thresholds,RUBIALES,18.13004312998933,data_driven_batch_percentile_thresholds,81.86995687001067,False
827,2025-12-11 08:24:32,2025-12-11 08:25:31,RUBIALES,RUBIALES,RUBIALES,0.0001464432280045,0.0001243097649421,0.9997292160987854,0.9997292160987854,0.9995827674865724,True,24.93090933947441,robust_percentile_fallback,22.599924373837677,data_driven_global_percentile_thresholds,RUBIALES,20.549673849989603,data_driven_batch_percentile_thresholds,79.4503261500104,False
828,2025-12-11 08:25:32,2025-12-11 08:26:31,RUBIALES,RUBIALES,RUBIALES,0.000197178684175,0.0001418807223672,0.9996609687805176,0.9996609687805176,0.9994637966156006,True,26.01470665396755,robust_percentile_fallback,24.17219007549528,data_driven_global_percentile_thresholds,RUBIALES,24.37903353701519,data_driven_batch_percentile_thresholds,75.62096646298481,False
829,2025-12-11 08:26:32,2025-12-11 08:27:31,RUBIALES,RUBIALES,RUBIALES,0.0001487348927184,0.0001221349812112,0.9997290968894958,0.9997290968894958,0.9995803833007812,True,26.36666169407554,robust_percentile_fallback,24.91506160435684,data_driven_global_percentile_thresholds,RUBIALES,23.50132603994844,data_driven_batch_percentile_thresholds,76.49867396005156,False
830,2025-12-11 08:27:32,2025-12-11 08:28:31,RUBIALES,RUBIALES,RUBIALES,0.0001790160749806,0.0001150042298831,0.999705970287323,0.999705970287323,0.9995269775390624,True,24.95611793633863,robust_percentile_fallback,23.676792918790177,data_driven_global_percentile_thresholds,RUBIALES,21.23143131828262,data_driven_batch_percentile_thresholds,78.76856868171738,False
831,2025-12-11 08:28:32,2025-12-11 08:29:31,RUBIALES,RUBIALES,RUBIALES,0.0001294301328016,0.000106732972199,0.9997637867927552,0.9997637867927552,0.9996343851089478,True,25.77591481548059,robust_percentile_fallback,24.310240900119098,data_driven_global_percentile_thresholds,RUBIALES,21.66546827889857,data_driven_batch_percentile_thresholds,78.33453172110143,False
832,2025-12-11 08:29:32,2025-12-11 08:30:31,RUBIALES,RUBIALES,RUBIALES,0.0001963336835615,0.0002039328828686,0.9995997548103333,0.9995997548103333,0.9993958473205566,True,25.902634173843428,robust_percentile_fallback,25.81810021077487,data_driven_global_percentile_thresholds,RUBIALES,21.898236388495366,data_driven_batch_percentile_thresholds,78.10176361150464,False
833,2025-12-11 08:30:32,2025-12-11 08:31:31,RUBIALES,RUBIALES,RUBIALES,0.0001034065207932,0.0001233555813087,0.9997732043266296,0.9997732043266296,0.9996498227119446,True,26.104569552702472,robust_percentile_fallback,24.697779840772565,data_driven_global_percentile_thresholds,RUBIALES,23.79699970408358,data_driven_batch_percentile_thresholds,76.20300029591642,False
834,2025-12-11 08:31:32,2025-12-11 08:32:31,RUBIALES,RUBIALES,RUBIALES,0.000168921527802,0.0001774176344042,0.999653697013855,0.999653697013855,0.9994762539863586,True,26.744433124976798,robust_percentile_fallback,25.29545084681637,data_driven_global_percentile_thresholds,RUBIALES,24.743395461859457,data_driven_batch_percentile_thresholds,75.25660453814055,False
835,2025-12-11 08:32:32,2025-12-11 08:33:31,RUBIALES,RUBIALES,RUBIALES,0.0002123994927387,0.0001517122873337,0.9996358156204224,0.9996358156204224,0.9994234442710876,True,25.124175673348752,robust_percentile_fallback,22.67966361388738,data_driven_global_percentile_thresholds,RUBIALES,21.44914895006223,data_driven_batch_percentile_thresholds,78.55085104993776,False
836,2025-12-11 08:33:32,2025-12-11 08:34:31,RUBIALES,RUBIALES,RUBIALES,0.0010878746397793,0.0004379410529509,0.9984741806983948,0.9984741806983948,0.9973862767219543,True,27.138949178888545,robust_percentile_fallback,25.150707402874005,data_driven_global_percentile_thresholds,RUBIALES,30.097030353033293,data_driven_batch_percentile_thresholds,69.90296964696671,False
837,2025-12-11 08:34:32,2025-12-11 08:35:31,RUBIALES,RUBIALES,RUBIALES,0.0001296572736464,0.0001192753552459,0.9997510313987732,0.9997510313987732,0.9996213912963868,True,24.824011374097157,robust_percentile_fallback,23.396856896272983,data_driven_global_percentile_thresholds,RUBIALES,19.97723524759836,data_driven_batch_percentile_thresholds,80.02276475240164,False
838,2025-12-11 08:35:32,2025-12-11 08:36:31,RUBIALES,RUBIALES,RUBIALES,0.0001444331865059,0.0001189958420582,0.9997366070747375,0.9997366070747375,0.9995921850204468,True,23.95586708812976,robust_percentile_fallback,23.045055572763477,data_driven_global_percentile_thresholds,RUBIALES,20.59703507018036,data_driven_batch_percentile_thresholds,79.40296492981963,False
839,2025-12-11 08:36:32,2025-12-11 08:37:31,RUBIALES,RUBIALES,RUBIALES,0.0003408514894545,0.0041244057938456,0.9955347776412964,0.9955347776412964,0.9914103746414183,True,25.29514034859302,robust_percentile_fallback,24.24824873460492,data_driven_global_percentile_thresholds,RUBIALES,23.57673256118812,data_driven_batch_percentile_thresholds,76.42326743881188,False
840,2025-12-11 08:37:32,2025-12-11 08:38:31,RUBIALES,RUBIALES,RUBIALES,0.0003341806586831,0.0024065806064754,0.997259259223938,0.997259259223938,0.9948526620864868,True,24.6200856334268,robust_percentile_fallback,23.433053387911023,data_driven_global_percentile_thresholds,RUBIALES,24.13659738360419,data_driven_batch_percentile_thresholds,75.8634026163958,False
841,2025-12-11 08:38:32,2025-12-11 08:39:31,RUBIALES,RUBIALES,RUBIALES,0.0001821915502659,0.000332828174578,0.9994848966598512,0.9994848966598512,0.9991520643234252,True,26.69815177971408,robust_percentile_fallback,25.356181937298665,data_driven_global_percentile_thresholds,RUBIALES,24.49874015701648,data_driven_batch_percentile_thresholds,75.50125984298352,False
842,2025-12-11 08:39:32,2025-12-11 08:40:31,RUBIALES,RUBIALES,RUBIALES,0.0001563049154356,0.000331308983732,0.9995124340057372,0.9995124340057372,0.9991811513900756,True,24.742863723860463,robust_percentile_fallback,23.49523810610234,data_driven_global_percentile_thresholds,RUBIALES,23.067889492522607,data_driven_batch_percentile_thresholds,76.93211050747739,False
846,2025-12-11 08:43:32,2025-12-11 08:44:31,CASTILLA,CASTILLA,CASTILLA,0.9993226528167723,8.361572690773755e-05,0.0005936924135312,0.9993226528167723,0.9987289309501648,True,24.82838863909686,robust_percentile_fallback,25.571925960821325,data_driven_global_percentile_thresholds,CASTILLA,38.01537666452418,data_driven_batch_percentile_thresholds,61.98462333547582,False
847,2025-12-11 08:44:32,2025-12-11 08:45:31,CASTILLA,CASTILLA,CASTILLA,0.9994831085205078,7.426025695167482e-05,0.000442625285359,0.9994831085205078,0.9990404844284058,True,25.00648534697148,robust_percentile_fallback,25.137953881797863,data_driven_global_percentile_thresholds,CASTILLA,37.66562013086306,data_driven_batch_percentile_thresholds,62.33437986913694,False
848,2025-12-11 08:45:32,2025-12-11 08:46:31,CASTILLA,CASTILLA,CASTILLA,0.9995179176330566,6.917952850926667e-05,0.000412907480495,0.9995179176330566,0.9991050362586976,True,25.00497986292126,robust_percentile_fallback,23.8454774477412,data_driven_global_percentile_thresholds,CASTILLA,35.01041337928645,data_driven_batch_percentile_thresholds,64.98958662071355,False
849,2025-12-11 08:46:32,2025-12-11 08:47:31,CASTILLA,CASTILLA,CASTILLA,0.9994376301765442,6.70233421260491e-05,0.0004952821764163,0.9994376301765442,0.9989423751831056,True,24.741699028180896,robust_percentile_fallback,24.362013695818455,data_driven_global_percentile_thresholds,CASTILLA,38.042674986744615,data_driven_batch_percentile_thresholds,61.957325013255385,False
850,2025-12-11 08:47:32,2025-12-11 08:48:31,CASTILLA,CASTILLA,CASTILLA,0.9995332956314088,6.938634760444984e-05,0.0003973210987169,0.9995332956314088,0.999135971069336,True,24.08038624311885,robust_percentile_fallback,21.966958763849878,data_driven_global_percentile_thresholds,CASTILLA,34.663993406230865,data_driven_batch_percentile_thresholds,65.33600659376913,False
851,2025-12-11 08:48:32,2025-12-11 08:49:31,CASTILLA,CASTILLA,CASTILLA,0.9994792342185974,7.804310007486492e-05,0.0004427389940246,0.9994792342185974,0.9990364909172058,True,24.262879107451774,robust_percentile_fallback,24.022970048786007,data_driven_global_percentile_thresholds,CASTILLA,37.33869377839565,data_driven_batch_percentile_thresholds,62.66130622160435,False
852,2025-12-11 08:49:32,2025-12-11 08:50:31,CASTILLA,CASTILLA,CASTILLA,0.9995573163032532,6.84206752339378e-05,0.0003742005210369,0.9995573163032532,0.9991831183433532,True,25.16983881562046,robust_percentile_fallback,24.94497703070342,data_driven_global_percentile_thresholds,CASTILLA,39.27600117935983,data_driven_batch_percentile_thresholds,60.72399882064017,False
853,2025-12-11 08:50:32,2025-12-11 08:51:31,CASTILLA,CASTILLA,CASTILLA,0.9993550181388856,8.344565139850602e-05,0.0005614893743768,0.9993550181388856,0.9987935423851012,True,25.811139327401012,robust_percentile_fallback,25.21658245214037,data_driven_global_percentile_thresholds,CASTILLA,38.59972303001872,data_driven_batch_percentile_thresholds,61.40027696998128,False
854,2025-12-11 08:51:32,2025-12-11 08:52:31,CASTILLA,CASTILLA,CASTILLA,0.999266803264618,0.0001497198536526,0.0005835175979882,0.999266803264618,0.9986832737922668,True,24.5819811216344,robust_percentile_fallback,25.414379620839703,data_driven_global_percentile_thresholds,CASTILLA,37.327145765684165,data_driven_batch_percentile_thresholds,62.672854234315835,False
855,2025-12-11 08:52:32,2025-12-11 08:53:31,CASTILLA,CASTILLA,CASTILLA,0.9987990856170654,0.000420480791945,0.0007803753833286,0.9987990856170654,0.9980186820030212,True,23.89504129174271,robust_percentile_fallback,26.22583073226772,data_driven_global_percentile_thresholds,CASTILLA,34.24422351897166,data_driven_batch_percentile_thresholds,65.75577648102833,False
856,2025-12-11 08:53:32,2025-12-11 08:54:31,CASTILLA,CASTILLA,CASTILLA,0.997951090335846,0.0007112434832379,0.001337674097158,0.997951090335846,0.9966134428977966,True,24.11419765541272,robust_percentile_fallback,26.07608048139493,data_driven_global_percentile_thresholds,CASTILLA,34.715770268171816,data_driven_batch_percentile_thresholds,65.28422973182819,False
857,2025-12-11 08:54:32,2025-12-11 08:55:31,CASTILLA,CASTILLA,CASTILLA,0.9996145963668824,7.193693454610184e-05,0.0003134441503789,0.9996145963668824,0.9993011355400084,True,23.31283827882563,robust_percentile_fallback,21.61614845430692,data_driven_global_percentile_thresholds,CASTILLA,33.261676188055844,data_driven_batch_percentile_thresholds,66.73832381194416,False
858,2025-12-11 08:55:32,2025-12-11 08:56:31,CASTILLA,CASTILLA,CASTILLA,0.9997158646583556,6.23436426394619e-05,0.0002217577130068,0.9997158646583556,0.9994941353797911,True,23.06634963015805,robust_percentile_fallback,18.895630540889616,data_driven_global_percentile_thresholds,CASTILLA,30.772549200651447,data_driven_batch_percentile_thresholds,69.22745079934856,False
859,2025-12-11 08:56:32,2025-12-11 08:57:31,CASTILLA,CASTILLA,CASTILLA,0.9995360374450684,7.380032911896706e-05,0.0003901383315678,0.9995360374450684,0.9991459250450134,True,23.45513385693925,robust_percentile_fallback,22.895306821601057,data_driven_global_percentile_thresholds,CASTILLA,32.35422929322406,data_driven_batch_percentile_thresholds,67.64577070677595,False
860,2025-12-11 08:57:32,2025-12-11 08:58:31,CASTILLA,CASTILLA,CASTILLA,0.9996335506439208,6.958283483982086e-05,0.0002968645421788,0.9996335506439208,0.9993366599082948,True,22.02280803982097,robust_percentile_fallback,18.84479310482481,data_driven_global_percentile_thresholds,CASTILLA,26.56729007390913,data_driven_batch_percentile_thresholds,73.43270992609087,False
861,2025-12-11 08:58:32,2025-12-11 08:59:31,CASTILLA,CASTILLA,CASTILLA,0.9995967745780944,6.999604374868795e-05,0.0003332335036247,0.9995967745780944,0.9992635250091552,True,21.942192749687425,robust_percentile_fallback,17.515328073722216,data_driven_global_percentile_thresholds,CASTILLA,26.74470867163759,data_driven_batch_percentile_thresholds,73.2552913283624,False
862,2025-12-11 08:59:32,2025-12-11 09:00:31,CASTILLA,CASTILLA,CASTILLA,0.9994951486587524,0.0001152441036538,0.0003895591362379,0.9994951486587524,0.9991055727005004,True,24.035780733219696,robust_percentile_fallback,22.9677737166602,data_driven_global_percentile_thresholds,CASTILLA,34.050075615847696,data_driven_batch_percentile_thresholds,65.9499243841523,False
863,2025-12-11 09:00:32,2025-12-11 09:01:31,CASTILLA,CASTILLA,CASTILLA,0.9995675683021544,6.59699144307524e-05,0.0003664657997433,0.9995675683021544,0.9992011189460754,True,22.493547974784857,robust_percentile_fallback,18.998085004391022,data_driven_global_percentile_thresholds,CASTILLA,28.36840563094808,data_driven_batch_percentile_thresholds,71.63159436905192,False
864,2025-12-11 09:01:32,2025-12-11 09:02:31,CASTILLA,CASTILLA,CASTILLA,0.9996389150619508,7.958908099681139e-05,0.0002815135812852,0.9996389150619508,0.9993574023246764,True,22.100261926680066,robust_percentile_fallback,19.042302188296755,data_driven_global_percentile_thresholds,CASTILLA,27.035164999882856,data_driven_batch_percentile_thresholds,72.96483500011715,False
865,2025-12-11 09:02:32,2025-12-11 09:03:31,CASTILLA,CASTILLA,CASTILLA,0.999504804611206,7.483431545551866e-05,0.0004203359130769,0.999504804611206,0.99908447265625,True,19.474866414731604,robust_percentile_fallback,16.052619084656094,data_driven_global_percentile_thresholds,CASTILLA,25.05299458871338,data_driven_batch_percentile_thresholds,74.94700541128663,False
866,2025-12-11 09:03:32,2025-12-11 09:04:31,CASTILLA,CASTILLA,CASTILLA,0.9996970891952516,5.910628169658594e-05,0.000243792150286,0.9996970891952516,0.99945330619812,True,18.1468855097731,robust_percentile_fallback,15.594799585731412,data_driven_global_percentile_thresholds,CASTILLA,20.95660831964851,data_driven_batch_percentile_thresholds,79.04339168035149,False
867,2025-12-11 09:04:32,2025-12-11 09:05:31,CASTILLA,CASTILLA,CASTILLA,0.9997220635414124,5.860081728314981e-05,0.0002193377877119,0.9997220635414124,0.9995027184486388,True,19.002432172267408,robust_percentile_fallback,17.42615107631791,data_driven_global_percentile_thresholds,CASTILLA,23.654942921530512,data_driven_batch_percentile_thresholds,76.3450570784695,False
868,2025-12-11 09:05:32,2025-12-11 09:06:31,CASTILLA,CASTILLA,CASTILLA,0.9997033476829528,6.211544678080827e-05,0.0002345041866647,0.9997033476829528,0.9994688630104064,True,18.671337300366865,robust_percentile_fallback,16.027631429303153,data_driven_global_percentile_thresholds,CASTILLA,21.852408801378814,data_driven_batch_percentile_thresholds,78.14759119862119,False
869,2025-12-11 09:06:32,2025-12-11 09:07:31,CASTILLA,CASTILLA,CASTILLA,0.9997324347496032,5.739988773711957e-05,0.0002101648133248,0.9997324347496032,0.9995222687721252,True,19.59935554379885,robust_percentile_fallback,16.34862479172316,data_driven_global_percentile_thresholds,CASTILLA,24.93077416628679,data_driven_batch_percentile_thresholds,75.0692258337132,False
870,2025-12-11 09:07:32,2025-12-11 09:08:31,CASTILLA,CASTILLA,CASTILLA,0.9996156692504884,6.128467066446319e-05,0.0003230330185033,0.9996156692504884,0.9992926120758056,True,17.418499792328614,robust_percentile_fallback,13.936107802919892,data_driven_global_percentile_thresholds,CASTILLA,23.223934342018843,data_driven_batch_percentile_thresholds,76.77606565798115,False
871,2025-12-11 09:08:32,2025-12-11 09:09:31,CASTILLA,CASTILLA,CASTILLA,0.9994045495986938,0.0002487321617081,0.0003467473143246,0.9994045495986938,0.9990578293800354,True,17.905575381928685,robust_percentile_fallback,16.548450012970754,data_driven_global_percentile_thresholds,CASTILLA,21.20070106135196,data_driven_batch_percentile_thresholds,78.79929893864804,False
872,2025-12-11 09:09:32,2025-12-11 09:10:31,CASTILLA,CASTILLA,CASTILLA,0.999727189540863,6.201020732987672e-05,0.0002108400221914,0.999727189540863,0.9995163679122924,True,17.944428993282788,robust_percentile_fallback,16.493599889943717,data_driven_global_percentile_thresholds,CASTILLA,21.06146959830127,data_driven_batch_percentile_thresholds,78.93853040169873,False
873,2025-12-11 09:10:32,2025-12-11 09:11:31,CASTILLA,CASTILLA,CASTILLA,0.9996763467788696,6.458446296164766e-05,0.0002590476360637,0.9996763467788696,0.9994173049926758,True,17.23027872329975,robust_percentile_fallback,15.381283370910358,data_driven_global_percentile_thresholds,CASTILLA,20.61785253545276,data_driven_batch_percentile_thresholds,79.38214746454724,False
874,2025-12-11 09:11:32,2025-12-11 09:12:31,CASTILLA,CASTILLA,CASTILLA,0.9995816349983216,0.0001616549998288,0.0002567251503933,0.9995816349983216,0.999324917793274,True,18.58895664829137,robust_percentile_fallback,16.773792150178572,data_driven_global_percentile_thresholds,CASTILLA,24.56426119010808,data_driven_batch_percentile_thresholds,75.43573880989192,False
875,2025-12-11 09:12:32,2025-12-11 09:13:31,CASTILLA,CASTILLA,CASTILLA,0.9996639490127563,0.0001022092474158,0.0002338941558264,0.9996639490127563,0.9994300603866576,True,17.24704860114727,robust_percentile_fallback,15.429760190760076,data_driven_global_percentile_thresholds,CASTILLA,22.549371648077745,data_driven_batch_percentile_thresholds,77.45062835192226,False
876,2025-12-11 09:13:32,2025-12-11 09:14:31,CASTILLA,CASTILLA,CASTILLA,0.9997658133506776,6.083695552661084e-05,0.000173327862285,0.9997658133506776,0.9995924830436708,True,17.988412675863486,robust_percentile_fallback,17.09531868500107,data_driven_global_percentile_thresholds,CASTILLA,24.33684285125443,data_driven_batch_percentile_thresholds,75.66315714874557,False
877,2025-12-11 09:14:32,2025-12-11 09:15:31,CASTILLA,CASTILLA,CASTILLA,0.9997296929359436,5.76282873225864e-05,0.0002126456383848,0.9997296929359436,0.999517023563385,True,18.40962067981375,robust_percentile_fallback,15.825819165765918,data_driven_global_percentile_thresholds,CASTILLA,23.825130754267065,data_driven_batch_percentile_thresholds,76.17486924573294,False
878,2025-12-11 09:15:32,2025-12-11 09:16:31,CASTILLA,CASTILLA,CASTILLA,0.9995853304862976,5.716600207961165e-05,0.0003575346781872,0.9995853304862976,0.9992278218269348,True,17.530677064166834,robust_percentile_fallback,16.47843420385896,data_driven_global_percentile_thresholds,CASTILLA,20.927991359078334,data_driven_batch_percentile_thresholds,79.07200864092167,False
879,2025-12-11 09:16:32,2025-12-11 09:17:31,CASTILLA,CASTILLA,CASTILLA,0.9996767044067384,0.0001082843664335,0.0002150392829207,0.9996767044067384,0.9994616508483888,True,17.871912100498626,robust_percentile_fallback,15.984653449785204,data_driven_global_percentile_thresholds,CASTILLA,23.781030586056563,data_driven_batch_percentile_thresholds,76.21896941394344,False
880,2025-12-11 09:17:32,2025-12-11 09:18:31,CASTILLA,CASTILLA,CASTILLA,0.999489426612854,0.0002082558494294,0.0003022851306013,0.999489426612854,0.9991871118545532,True,16.762408343817484,robust_percentile_fallback,15.042904196345043,data_driven_global_percentile_thresholds,CASTILLA,21.05445900835586,data_driven_batch_percentile_thresholds,78.94554099164414,False
881,2025-12-11 09:18:32,2025-12-11 09:19:31,CASTILLA,CASTILLA,CASTILLA,0.999723732471466,6.442634185077623e-05,0.0002117650583386,0.999723732471466,0.9995119571685792,True,18.5724355615261,robust_percentile_fallback,16.868705649358816,data_driven_global_percentile_thresholds,CASTILLA,24.004533733645253,data_driven_batch_percentile_thresholds,75.99546626635475,False
882,2025-12-11 09:19:32,2025-12-11 09:20:31,CASTILLA,CASTILLA,CASTILLA,0.9997379183769226,5.4348634876078e-05,0.0002077404351439,0.9997379183769226,0.9995301961898804,True,18.03048271477078,robust_percentile_fallback,16.831235015836132,data_driven_global_percentile_thresholds,CASTILLA,24.28727211361336,data_driven_batch_percentile_thresholds,75.71272788638665,False
883,2025-12-11 09:20:32,2025-12-11 09:21:31,CASTILLA,CASTILLA,CASTILLA,0.9993966817855836,0.0002548908523749,0.000348471221514,0.9993966817855836,0.9990482330322266,True,18.59528364627907,robust_percentile_fallback,17.790323835214622,data_driven_global_percentile_thresholds,CASTILLA,23.301996140159584,data_driven_batch_percentile_thresholds,76.69800385984041,False
884,2025-12-11 09:21:32,2025-12-11 09:22:31,CASTILLA,CASTILLA,CASTILLA,0.9991307854652404,0.0004173140914645,0.0004519338544923,0.9991307854652404,0.9986788630485536,True,18.753829060349965,robust_percentile_fallback,18.622928406682284,data_driven_global_percentile_thresholds,CASTILLA,25.780840144533222,data_driven_batch_percentile_thresholds,74.21915985546678,False
885,2025-12-11 09:22:32,2025-12-11 09:23:31,CASTILLA,CASTILLA,CASTILLA,0.9990774393081664,0.0004707595217041,0.0004517475026659,0.9990774393081664,0.9986066818237304,True,18.020565481503656,robust_percentile_fallback,17.55829585534309,data_driven_global_percentile_thresholds,CASTILLA,22.79972379482293,data_driven_batch_percentile_thresholds,77.20027620517706,False
886,2025-12-11 09:23:32,2025-12-11 09:24:31,CASTILLA,CASTILLA,CASTILLA,0.9985324144363404,0.0008179933065548,0.0006495554116554,0.9985324144363404,0.9977144002914428,True,19.548323504467668,robust_percentile_fallback,19.478544706293437,data_driven_global_percentile_thresholds,CASTILLA,26.49355899811937,data_driven_batch_percentile_thresholds,73.50644100188063,False
887,2025-12-11 09:24:32,2025-12-11 09:25:31,CASTILLA,CASTILLA,CASTILLA,0.9985994696617126,0.0007754533435218,0.0006250687292777,0.9985994696617126,0.9978240132331848,True,18.91056987078197,robust_percentile_fallback,18.910148969655747,data_driven_global_percentile_thresholds,CASTILLA,27.070978919805075,data_driven_batch_percentile_thresholds,72.92902108019493,False
888,2025-12-11 09:25:32,2025-12-11 09:26:31,CASTILLA,CASTILLA,CASTILLA,0.9984982013702391,0.0004272448131814,0.0010745158651843,0.9984982013702391,0.9974237084388732,True,21.333849276043495,robust_percentile_fallback,21.413790152948188,data_driven_global_percentile_thresholds,CASTILLA,30.351068379460383,data_driven_batch_percentile_thresholds,69.64893162053961,False
889,2025-12-11 09:26:32,2025-12-11 09:27:31,CASTILLA,CASTILLA,CASTILLA,0.9996662139892578,8.611876546638086e-05,0.0002476957160979,0.9996662139892578,0.9994184970855712,True,21.56419311250533,robust_percentile_fallback,21.866263452333307,data_driven_global_percentile_thresholds,CASTILLA,32.99142994013574,data_driven_batch_percentile_thresholds,67.00857005986427,False
890,2025-12-11 09:27:32,2025-12-11 09:28:31,CASTILLA,CASTILLA,CASTILLA,0.9995521903038024,6.62111779092811e-05,0.0003816077660303,0.9995521903038024,0.9991706013679504,True,20.57970985404088,robust_percentile_fallback,21.389400169506278,data_driven_global_percentile_thresholds,CASTILLA,30.937108530708752,data_driven_batch_percentile_thresholds,69.06289146929124,False
891,2025-12-11 09:28:32,2025-12-11 09:29:31,CASTILLA,CASTILLA,CASTILLA,0.9993845224380492,7.630634354427457e-05,0.0005391354206949,0.9993845224380492,0.998845398426056,True,21.13598987714064,robust_percentile_fallback,22.277257273002814,data_driven_global_percentile_thresholds,CASTILLA,31.80411874364082,data_driven_batch_percentile_thresholds,68.19588125635917,False
892,2025-12-11 09:29:32,2025-12-11 09:30:31,CASTILLA,CASTILLA,CASTILLA,0.9988335967063904,6.615581514779478e-05,0.0011002939427271,0.9988335967063904,0.9977332949638368,True,19.900737903921108,robust_percentile_fallback,20.147166939538,data_driven_global_percentile_thresholds,CASTILLA,29.27188343274648,data_driven_batch_percentile_thresholds,70.72811656725352,False
893,2025-12-11 09:30:32,2025-12-11 09:31:31,CASTILLA,CASTILLA,CASTILLA,0.999299168586731,5.615431655314751e-05,0.0006446470506489,0.999299168586731,0.9986545443534852,True,19.326746096676352,robust_percentile_fallback,19.057322693640923,data_driven_global_percentile_thresholds,CASTILLA,26.81650944891558,data_driven_batch_percentile_thresholds,73.18349055108442,False
894,2025-12-11 09:31:32,2025-12-11 09:32:31,CASTILLA,CASTILLA,CASTILLA,0.9992285966873168,5.288936517899856e-05,0.0007185610011219,0.9992285966873168,0.9985100626945496,True,19.86698622231922,robust_percentile_fallback,19.083790673624925,data_driven_global_percentile_thresholds,CASTILLA,28.137150920040767,data_driven_batch_percentile_thresholds,71.86284907995923,False
895,2025-12-11 09:32:32,2025-12-11 09:33:31,CASTILLA,CASTILLA,CASTILLA,0.9996501207351683,5.27545707882382e-05,0.0002970912028104,0.9996501207351683,0.999353051185608,True,18.15985176140662,robust_percentile_fallback,17.97031173635382,data_driven_global_percentile_thresholds,CASTILLA,23.910369888598247,data_driven_batch_percentile_thresholds,76.08963011140176,False
896,2025-12-11 09:33:32,2025-12-11 09:34:31,CASTILLA,CASTILLA,CASTILLA,0.9997223019599916,8.469802560284734e-05,0.0001930392027134,0.9997223019599916,0.999529242515564,True,18.04488119960284,robust_percentile_fallback,17.564383719678005,data_driven_global_percentile_thresholds,CASTILLA,24.175682008606618,data_driven_batch_percentile_thresholds,75.82431799139339,False
897,2025-12-11 09:34:32,2025-12-11 09:35:31,CASTILLA,CASTILLA,CASTILLA,0.9997155070304872,5.9653506468748674e-05,0.0002248686214443,0.9997155070304872,0.9994906187057496,True,18.54785784719017,robust_percentile_fallback,17.7128510399256,data_driven_global_percentile_thresholds,CASTILLA,25.1908741690839,data_driven_batch_percentile_thresholds,74.8091258309161,False
898,2025-12-11 09:35:32,2025-12-11 09:36:31,CASTILLA,CASTILLA,CASTILLA,0.99966561794281,5.385605618357658e-05,0.0002805150288622,0.99966561794281,0.9993851184844972,True,18.74506255224496,robust_percentile_fallback,17.186502607658873,data_driven_global_percentile_thresholds,CASTILLA,26.04554817281604,data_driven_batch_percentile_thresholds,73.95445182718396,False
899,2025-12-11 09:36:32,2025-12-11 09:37:31,CASTILLA,CASTILLA,CASTILLA,0.9997108578681946,5.354935638024472e-05,0.0002355275355512,0.9997108578681946,0.999475359916687,True,18.94220843621921,robust_percentile_fallback,17.476166797108,data_driven_global_percentile_thresholds,CASTILLA,24.44635627538812,data_driven_batch_percentile_thresholds,75.55364372461187,False
900,2025-12-11 09:37:32,2025-12-11 09:38:31,CASTILLA,CASTILLA,CASTILLA,0.9997339844703674,5.931457781116478e-05,0.0002066997403744,0.9997339844703674,0.9995272755622864,True,18.527518912741133,robust_percentile_fallback,16.77179798289677,data_driven_global_percentile_thresholds,CASTILLA,24.32772384005876,data_driven_batch_percentile_thresholds,75.67227615994125,False
901,2025-12-11 09:38:32,2025-12-11 09:39:31,CASTILLA,CASTILLA,CASTILLA,0.9992164373397828,0.0004155127389822,0.000368078937754,0.9992164373397828,0.9988009333610536,True,17.90067575163295,robust_percentile_fallback,17.671791869709768,data_driven_global_percentile_thresholds,CASTILLA,26.87786924831334,data_driven_batch_percentile_thresholds,73.12213075168665,False
902,2025-12-11 09:39:32,2025-12-11 09:40:31,CASTILLA,CASTILLA,CASTILLA,0.998976707458496,0.0005004943814128,0.000522848800756,0.998976707458496,0.9984538555145264,True,18.956421678262863,robust_percentile_fallback,17.517414204695584,data_driven_global_percentile_thresholds,CASTILLA,28.734904122942616,data_driven_batch_percentile_thresholds,71.26509587705738,False
903,2025-12-11 09:40:32,2025-12-11 09:41:31,CASTILLA,CASTILLA,CASTILLA,0.9989657402038574,0.0005063324933871,0.000527886673808,0.9989657402038574,0.9984378814697266,True,17.535857761565822,robust_percentile_fallback,15.653552998851785,data_driven_global_percentile_thresholds,CASTILLA,23.224060335501804,data_driven_batch_percentile_thresholds,76.7759396644982,False
904,2025-12-11 09:41:32,2025-12-11 09:42:31,CASTILLA,CASTILLA,CASTILLA,0.9987066984176636,0.0006244774558581,0.0006688129506073,0.9987066984176636,0.9980378746986388,True,19.173936109502232,robust_percentile_fallback,16.823920322703035,data_driven_global_percentile_thresholds,CASTILLA,28.53108115910468,data_driven_batch_percentile_thresholds,71.46891884089533,False
905,2025-12-11 09:42:32,2025-12-11 09:43:31,CASTILLA,CASTILLA,CASTILLA,0.997562050819397,0.0010699884733185,0.0013679658295586,0.997562050819397,0.996194064617157,True,18.329121563340795,robust_percentile_fallback,16.016834217244334,data_driven_global_percentile_thresholds,CASTILLA,27.45524317007925,data_driven_batch_percentile_thresholds,72.54475682992074,False
906,2025-12-11 09:43:32,2025-12-11 09:44:31,CASTILLA,CASTILLA,CASTILLA,0.9982619881629944,0.0009146493976004,0.0008233634289354,0.9982619881629944,0.997347354888916,True,18.69526047092557,robust_percentile_fallback,17.642524161266948,data_driven_global_percentile_thresholds,CASTILLA,28.773512123664464,data_driven_batch_percentile_thresholds,71.22648787633554,False
907,2025-12-11 09:44:32,2025-12-11 09:45:31,CASTILLA,CASTILLA,CASTILLA,0.998488426208496,0.0008234874112531,0.0006880612927488,0.998488426208496,0.9976649284362792,True,18.10942309049965,robust_percentile_fallback,16.41621940105672,data_driven_global_percentile_thresholds,CASTILLA,27.91370160832887,data_driven_batch_percentile_thresholds,72.08629839167114,False
908,2025-12-11 09:45:32,2025-12-11 09:46:31,CASTILLA,CASTILLA,CASTILLA,0.9959612488746644,0.0010227647144347,0.0030159794259816,0.9959612488746644,0.9929452538490297,True,17.3986714780536,robust_percentile_fallback,15.831069953197366,data_driven_global_percentile_thresholds,CASTILLA,25.48253958256841,data_driven_batch_percentile_thresholds,74.5174604174316,False
909,2025-12-11 09:46:32,2025-12-11 09:47:31,CASTILLA,CASTILLA,CASTILLA,0.99847012758255,0.0008086581947281,0.0007211723714135,0.99847012758255,0.9976614713668824,True,19.236645854596052,robust_percentile_fallback,17.656332641108197,data_driven_global_percentile_thresholds,CASTILLA,30.38126481153413,data_driven_batch_percentile_thresholds,69.61873518846588,False
910,2025-12-11 09:47:32,2025-12-11 09:48:31,CASTILLA,CASTILLA,CASTILLA,0.998601734638214,0.0007294845418073,0.0006687397835776,0.998601734638214,0.997872233390808,True,18.516789419065475,robust_percentile_fallback,17.788979440619315,data_driven_global_percentile_thresholds,CASTILLA,27.96724649511925,data_driven_batch_percentile_thresholds,72.03275350488074,False
911,2025-12-11 09:48:32,2025-12-11 09:49:31,CASTILLA,CASTILLA,CASTILLA,0.9991989731788636,0.0004008483665529,0.000400200340664,0.9991989731788636,0.998798131942749,True,19.95772852143109,robust_percentile_fallback,20.2421383709665,data_driven_global_percentile_thresholds,CASTILLA,31.106683493133502,data_driven_batch_percentile_thresholds,68.8933165068665,False
912,2025-12-11 09:49:32,2025-12-11 09:50:31,CASTILLA,CASTILLA,CASTILLA,0.9992281198501588,0.0002723695361055,0.0004995689960196,0.9992281198501588,0.998728573322296,True,20.531485540634183,robust_percentile_fallback,21.389000557206167,data_driven_global_percentile_thresholds,CASTILLA,31.703144743166305,data_driven_batch_percentile_thresholds,68.2968552568337,False
913,2025-12-11 09:50:32,2025-12-11 09:51:31,CASTILLA,CASTILLA,CASTILLA,0.9990620017051696,0.000184250093298,0.0007537166238762,0.9990620017051696,0.9983083009719848,True,19.779104380218502,robust_percentile_fallback,20.401617002570777,data_driven_global_percentile_thresholds,CASTILLA,33.6471546044818,data_driven_batch_percentile_thresholds,66.3528453955182,False
914,2025-12-11 09:51:32,2025-12-11 09:52:31,CASTILLA,CASTILLA,CASTILLA,0.9988228678703308,0.0001932241575559,0.0009839120320975,0.9988228678703308,0.9978389739990234,True,18.718078780839477,robust_percentile_fallback,17.608693362268667,data_driven_global_percentile_thresholds,CASTILLA,29.66949783512353,data_driven_batch_percentile_thresholds,70.33050216487646,False
915,2025-12-11 09:52:32,2025-12-11 09:53:31,CASTILLA,CASTILLA,CASTILLA,0.99936443567276,0.0001016454334603,0.0005339011549949,0.99936443567276,0.9988305568695068,True,19.12470326724477,robust_percentile_fallback,18.81814310718573,data_driven_global_percentile_thresholds,CASTILLA,29.50695209595939,data_driven_batch_percentile_thresholds,70.49304790404061,False
916,2025-12-11 09:53:32,2025-12-11 09:54:31,CASTILLA,CASTILLA,CASTILLA,0.9987288117408752,0.0002551525249145,0.0010160525562241,0.9987288117408752,0.9977127313613892,True,18.395075464689302,robust_percentile_fallback,17.878005816092017,data_driven_global_percentile_thresholds,CASTILLA,27.610723592018104,data_driven_batch_percentile_thresholds,72.3892764079819,False
917,2025-12-11 09:54:32,2025-12-11 09:55:31,CASTILLA,CASTILLA,CASTILLA,0.9986464381217957,8.148583583533764e-05,0.0012721203966066,0.9986464381217957,0.9973742961883544,True,20.23600584079952,robust_percentile_fallback,20.793307519030115,data_driven_global_percentile_thresholds,CASTILLA,32.226258849869645,data_driven_batch_percentile_thresholds,67.77374115013035,False
918,2025-12-11 09:55:32,2025-12-11 09:56:31,CASTILLA,CASTILLA,CASTILLA,0.9988670349121094,0.0002177151181967,0.0009152443381026,0.9988670349121094,0.9979518055915833,True,19.55429261134876,robust_percentile_fallback,21.2705256766892,data_driven_global_percentile_thresholds,CASTILLA,29.62224980427015,data_driven_batch_percentile_thresholds,70.37775019572985,False
919,2025-12-11 09:56:32,2025-12-11 09:57:31,CASTILLA,CASTILLA,CASTILLA,0.9992597699165344,0.0002146996703231,0.0005255456781014,0.9992597699165344,0.9987342357635498,True,19.83799020347817,robust_percentile_fallback,19.69339315743128,data_driven_global_percentile_thresholds,CASTILLA,31.00291089757333,data_driven_batch_percentile_thresholds,68.99708910242667,False
920,2025-12-11 09:57:32,2025-12-11 09:58:31,CASTILLA,CASTILLA,CASTILLA,0.9992890357971193,0.0001133593905251,0.0005976184620521,0.9992890357971193,0.9986914396286012,True,18.573747031892506,robust_percentile_fallback,18.85977403516913,data_driven_global_percentile_thresholds,CASTILLA,28.139683303361306,data_driven_batch_percentile_thresholds,71.86031669663869,False
921,2025-12-11 09:58:32,2025-12-11 09:59:31,CASTILLA,CASTILLA,CASTILLA,0.9984745383262634,0.000121271732496,0.0014042212860658,0.9984745383262634,0.9970703125,True,20.05080650364749,robust_percentile_fallback,21.12741725773425,data_driven_global_percentile_thresholds,CASTILLA,30.00216812925039,data_driven_batch_percentile_thresholds,69.99783187074961,False
922,2025-12-11 09:59:32,2025-12-11 10:00:31,CASTILLA,CASTILLA,CASTILLA,0.9995439648628236,0.0001011775748338,0.0003547846572473,0.9995439648628236,0.9991891980171204,True,19.28071853023511,robust_percentile_fallback,20.39120393541134,data_driven_global_percentile_thresholds,CASTILLA,26.713627475928856,data_driven_batch_percentile_thresholds,73.28637252407114,False
923,2025-12-11 10:00:32,2025-12-11 10:01:31,CASTILLA,CASTILLA,CASTILLA,0.9991686344146729,0.0001395301660522,0.0006918886210769,0.9991686344146729,0.99847674369812,True,20.0535835261125,robust_percentile_fallback,21.3839559020107,data_driven_global_percentile_thresholds,CASTILLA,28.03451651730344,data_driven_batch_percentile_thresholds,71.96548348269656,False
924,2025-12-11 10:01:32,2025-12-11 10:02:31,CASTILLA,CASTILLA,CASTILLA,0.999498724937439,0.0001116351268137,0.0003895898989867,0.999498724937439,0.999109148979187,True,18.94634797822411,robust_percentile_fallback,19.776820151107277,data_driven_global_percentile_thresholds,CASTILLA,27.109310714515765,data_driven_batch_percentile_thresholds,72.89068928548423,False
925,2025-12-11 10:02:32,2025-12-11 10:03:31,CASTILLA,CASTILLA,CASTILLA,0.9995525479316713,0.0001382903137709,0.0003091779071837,0.9995525479316713,0.9992433786392212,True,19.237531540231032,robust_percentile_fallback,18.53049470652568,data_driven_global_percentile_thresholds,CASTILLA,29.683651426919567,data_driven_batch_percentile_thresholds,70.31634857308043,False
926,2025-12-11 10:03:32,2025-12-11 10:04:31,CASTILLA,CASTILLA,CASTILLA,0.9955217838287354,0.0003166157694067,0.0041615939699113,0.9955217838287354,0.9913601875305176,True,19.04033352494874,robust_percentile_fallback,19.06906615864659,data_driven_global_percentile_thresholds,CASTILLA,29.72348809812465,data_driven_batch_percentile_thresholds,70.27651190187535,False
927,2025-12-11 10:04:32,2025-12-11 10:05:31,CASTILLA,CASTILLA,CASTILLA,0.9981011748313904,0.000160786890774,0.001738071674481,0.9981011748313904,0.99636310338974,True,20.553511039693767,robust_percentile_fallback,20.24063260725096,data_driven_global_percentile_thresholds,CASTILLA,33.47478925942872,data_driven_batch_percentile_thresholds,66.52521074057128,False
928,2025-12-11 10:05:32,2025-12-11 10:06:31,CASTILLA,CASTILLA,CASTILLA,0.9987064599990844,0.0001494422322139,0.0011440342059358,0.9987064599990844,0.9975624084472656,True,20.162656602210152,robust_percentile_fallback,19.3015801826552,data_driven_global_percentile_thresholds,CASTILLA,30.06976617166632,data_driven_batch_percentile_thresholds,69.93023382833368,False
929,2025-12-11 10:06:32,2025-12-11 10:07:31,CASTILLA,CASTILLA,CASTILLA,0.9983323216438292,0.000166573896422,0.0015011579962447,0.9983323216438292,0.9968311786651612,True,20.132558797588064,robust_percentile_fallback,20.107974842457494,data_driven_global_percentile_thresholds,CASTILLA,31.18270742122048,data_driven_batch_percentile_thresholds,68.81729257877952,False
930,2025-12-11 10:07:32,2025-12-11 10:08:31,CASTILLA,CASTILLA,CASTILLA,0.9992021918296814,0.0001460854546166,0.000651707930956,0.9992021918296814,0.9985504746437072,True,18.94608818238665,robust_percentile_fallback,19.212269448516537,data_driven_global_percentile_thresholds,CASTILLA,28.412475922674677,data_driven_batch_percentile_thresholds,71.58752407732533,False
931,2025-12-11 10:08:32,2025-12-11 10:09:31,CASTILLA,CASTILLA,CASTILLA,0.9977216124534608,0.0002688655804377,0.0020095580257475,0.9977216124534608,0.9957120418548584,True,19.443070094863945,robust_percentile_fallback,19.498746788850124,data_driven_global_percentile_thresholds,CASTILLA,30.350442976729905,data_driven_batch_percentile_thresholds,69.64955702327009,False
932,2025-12-11 10:09:32,2025-12-11 10:10:31,CASTILLA,CASTILLA,CASTILLA,0.9990046620368958,0.0001136102146119,0.0008817525231279,0.9990046620368958,0.9981229305267334,True,19.967305468935663,robust_percentile_fallback,20.0079890749538,data_driven_global_percentile_thresholds,CASTILLA,32.317131407483416,data_driven_batch_percentile_thresholds,67.68286859251658,False
933,2025-12-11 10:10:32,2025-12-11 10:11:31,CASTILLA,CASTILLA,CASTILLA,0.9991307854652404,0.0001257809926755,0.0007434137514792,0.9991307854652404,0.9983873963356018,True,20.548667954333578,robust_percentile_fallback,21.63083010279015,data_driven_global_percentile_thresholds,CASTILLA,33.4623377904392,data_driven_batch_percentile_thresholds,66.5376622095608,False
934,2025-12-11 10:11:32,2025-12-11 10:12:31,CASTILLA,CASTILLA,CASTILLA,0.9969834685325624,0.000210977246752,0.0028055231086909,0.9969834685325624,0.9941779375076294,True,19.925273822940383,robust_percentile_fallback,20.189481514254968,data_driven_global_percentile_thresholds,CASTILLA,32.722177775228126,data_driven_batch_percentile_thresholds,67.27782222477188,False
935,2025-12-11 10:12:32,2025-12-11 10:13:31,CASTILLA,CASTILLA,CASTILLA,0.9946243166923524,0.0001904886448755,0.0051852036267519,0.9946243166923524,0.9894391298294068,True,20.37759673151015,robust_percentile_fallback,20.36810228298526,data_driven_global_percentile_thresholds,CASTILLA,32.03916512426909,data_driven_batch_percentile_thresholds,67.96083487573091,False
936,2025-12-11 10:13:32,2025-12-11 10:14:31,CASTILLA,CASTILLA,CASTILLA,0.9968397617340088,0.0002016854123212,0.0029584958683699,0.9968397617340088,0.9938812851905824,True,19.212195296452,robust_percentile_fallback,18.38578745910308,data_driven_global_percentile_thresholds,CASTILLA,29.791653732239546,data_driven_batch_percentile_thresholds,70.20834626776045,False
937,2025-12-11 10:14:32,2025-12-11 10:15:31,CASTILLA,CASTILLA,CASTILLA,0.9983676075935364,7.257448305608705e-05,0.0015598667087033,0.9983676075935364,0.9968077540397644,True,19.363891360821945,robust_percentile_fallback,19.35581913898367,data_driven_global_percentile_thresholds,CASTILLA,30.18085417318711,data_driven_batch_percentile_thresholds,69.81914582681289,False
938,2025-12-11 10:15:32,2025-12-11 10:16:31,CASTILLA,CASTILLA,CASTILLA,0.9985904097557068,6.910834781592712e-05,0.0013404045021161,0.9985904097557068,0.9972500205039978,True,19.146855892737552,robust_percentile_fallback,17.401623574047683,data_driven_global_percentile_thresholds,CASTILLA,30.2263779780078,data_driven_batch_percentile_thresholds,69.7736220219922,False
939,2025-12-11 10:16:32,2025-12-11 10:17:31,CASTILLA,CASTILLA,CASTILLA,0.9946770668029784,0.0001971948659047,0.0051257791928946,0.9946770668029784,0.989551305770874,True,18.3230456464593,robust_percentile_fallback,17.130713234235195,data_driven_global_percentile_thresholds,CASTILLA,27.37450854092681,data_driven_batch_percentile_thresholds,72.62549145907319,False
940,2025-12-11 10:17:32,2025-12-11 10:18:31,CASTILLA,CASTILLA,CASTILLA,0.9932176470756532,0.0004244707233738,0.0063578835688531,0.9932176470756532,0.9868597388267516,True,19.375349815773337,robust_percentile_fallback,18.893483119610774,data_driven_global_percentile_thresholds,CASTILLA,29.89029474548588,data_driven_batch_percentile_thresholds,70.10970525451413,False
941,2025-12-11 10:18:32,2025-12-11 10:19:31,CASTILLA,CASTILLA,CASTILLA,0.9986741542816162,0.0001727747294353,0.0011531333439052,0.9986741542816162,0.9975210428237916,True,21.43589520607144,robust_percentile_fallback,21.67710139736867,data_driven_global_percentile_thresholds,CASTILLA,36.01821721950754,data_driven_batch_percentile_thresholds,63.98178278049246,False
942,2025-12-11 10:19:32,2025-12-11 10:20:31,CASTILLA,CASTILLA,CASTILLA,0.998583197593689,0.0001063265954144,0.0013104357058182,0.998583197593689,0.997272789478302,True,20.321830494937878,robust_percentile_fallback,14.773238118822428,data_driven_global_percentile_thresholds,CASTILLA,33.085625544607744,data_driven_batch_percentile_thresholds,66.91437445539225,False
943,2025-12-11 10:20:32,2025-12-11 10:21:31,CASTILLA,CASTILLA,CASTILLA,0.9995163679122924,0.0001529730070615,0.000330620619934,0.9995163679122924,0.9991857409477234,True,20.27707978380096,robust_percentile_fallback,13.623110077423592,data_driven_global_percentile_thresholds,CASTILLA,22.55814078734667,data_driven_batch_percentile_thresholds,77.44185921265333,False
944,2025-12-11 10:21:32,2025-12-11 10:22:31,CASTILLA,CASTILLA,CASTILLA,0.9994838237762452,0.0001548509171698,0.0003613185544963,0.9994838237762452,0.9991225004196168,True,21.27471601207765,robust_percentile_fallback,15.174798743136876,data_driven_global_percentile_thresholds,CASTILLA,25.05587041227168,data_driven_batch_percentile_thresholds,74.94412958772833,False
945,2025-12-11 10:22:32,2025-12-11 10:23:31,CASTILLA,CASTILLA,CASTILLA,0.9996771812438964,0.000108760286821,0.0002140589058399,0.9996771812438964,0.999463140964508,True,21.778176965719904,robust_percentile_fallback,14.923662242644502,data_driven_global_percentile_thresholds,CASTILLA,24.686536630493915,data_driven_batch_percentile_thresholds,75.31346336950608,False
946,2025-12-11 10:23:32,2025-12-11 10:24:31,CASTILLA,CASTILLA,CASTILLA,0.9996190071105956,0.0001242696307599,0.0002567479969002,0.9996190071105956,0.9993622303009032,True,22.2583575150632,robust_percentile_fallback,15.132907229326314,data_driven_global_percentile_thresholds,CASTILLA,25.55328928467575,data_driven_batch_percentile_thresholds,74.44671071532426,False
947,2025-12-11 10:24:32,2025-12-11 10:25:31,CASTILLA,CASTILLA,CASTILLA,0.999455988407135,0.0001859493931988,0.0003581107885111,0.999455988407135,0.9990978837013244,True,21.70754569869671,robust_percentile_fallback,15.001475998320515,data_driven_global_percentile_thresholds,CASTILLA,24.507567186503223,data_driven_batch_percentile_thresholds,75.49243281349678,False
948,2025-12-11 10:25:32,2025-12-11 10:26:31,CASTILLA,CASTILLA,CASTILLA,0.9995915293693542,0.000127659382997,0.000280773936538,0.9995915293693542,0.9993107318878174,True,22.182285855929027,robust_percentile_fallback,13.830385501272032,data_driven_global_percentile_thresholds,CASTILLA,24.662510076201624,data_driven_batch_percentile_thresholds,75.33748992379837,False
949,2025-12-11 10:26:32,2025-12-11 10:27:31,CASTILLA,CASTILLA,CASTILLA,0.9995235204696656,0.0001408324314979,0.0003356011002324,0.9995235204696656,0.99918794631958,True,21.662833481031228,robust_percentile_fallback,13.79345617540141,data_driven_global_percentile_thresholds,CASTILLA,24.050538406434057,data_driven_batch_percentile_thresholds,75.94946159356594,False
950,2025-12-11 10:27:32,2025-12-11 10:28:31,CASTILLA,CASTILLA,CASTILLA,0.9996020197868348,0.0001141928514698,0.0002838609798345,0.9996020197868348,0.9993181824684144,True,21.93240191045647,robust_percentile_fallback,15.224191555536033,data_driven_global_percentile_thresholds,CASTILLA,24.662660685740377,data_driven_batch_percentile_thresholds,75.33733931425962,False
951,2025-12-11 10:28:32,2025-12-11 10:29:31,CASTILLA,CASTILLA,CASTILLA,0.9995935559272766,0.0001298159913858,0.0002766664838418,0.9995935559272766,0.9993168711662292,True,22.50356231537905,robust_percentile_fallback,15.692918237066992,data_driven_global_percentile_thresholds,CASTILLA,25.341982404699035,data_driven_batch_percentile_thresholds,74.65801759530096,False
952,2025-12-11 10:29:32,2025-12-11 10:30:31,CASTILLA,CASTILLA,CASTILLA,0.999593198299408,0.0001197707897517,0.0002870607422664,0.999593198299408,0.9993061423301696,True,22.162910308511908,robust_percentile_fallback,14.592055149735362,data_driven_global_percentile_thresholds,CASTILLA,22.176144969634983,data_driven_batch_percentile_thresholds,77.82385503036502,False
953,2025-12-11 10:30:32,2025-12-11 10:31:31,CASTILLA,CASTILLA,CASTILLA,0.9996871948242188,0.0001011139247566,0.000211689461139,0.9996871948242188,0.9994754791259766,True,22.62445357910516,robust_percentile_fallback,15.257943851031884,data_driven_global_percentile_thresholds,CASTILLA,23.98941754857072,data_driven_batch_percentile_thresholds,76.01058245142929,False
954,2025-12-11 10:31:32,2025-12-11 10:32:31,CASTILLA,CASTILLA,CASTILLA,0.9995139837265016,0.0001360883616143,0.0003499833110254,0.9995139837265016,0.9991639852523804,True,21.99519005661334,robust_percentile_fallback,14.793756464216887,data_driven_global_percentile_thresholds,CASTILLA,26.02096682837765,data_driven_batch_percentile_thresholds,73.97903317162235,False
955,2025-12-11 10:32:32,2025-12-11 10:33:31,CASTILLA,CASTILLA,CASTILLA,0.9996556043624878,0.0001116764979087,0.0002327504917047,0.9996556043624878,0.99942284822464,True,21.74861549548534,robust_percentile_fallback,14.575634685790178,data_driven_global_percentile_thresholds,CASTILLA,22.319290396176548,data_driven_batch_percentile_thresholds,77.68070960382346,False
956,2025-12-11 10:33:32,2025-12-11 10:34:31,CASTILLA,CASTILLA,CASTILLA,0.9995982050895692,0.0001376253494527,0.0002642168547026,0.9995982050895692,0.9993339776992798,True,22.797010680468244,robust_percentile_fallback,15.485599735621912,data_driven_global_percentile_thresholds,CASTILLA,21.50159897711741,data_driven_batch_percentile_thresholds,78.49840102288259,False
957,2025-12-11 10:34:32,2025-12-11 10:35:31,CASTILLA,CASTILLA,CASTILLA,0.9996035695075988,0.0001348139194305,0.0002616750425659,0.9996035695075988,0.9993419051170348,True,22.043692075618488,robust_percentile_fallback,13.820350136372722,data_driven_global_percentile_thresholds,CASTILLA,20.614056844704063,data_driven_batch_percentile_thresholds,79.38594315529593,False
958,2025-12-11 10:35:32,2025-12-11 10:36:31,CASTILLA,CASTILLA,CASTILLA,0.9997865557670592,5.485257497639395e-05,0.0001586541329743,0.9997865557670592,0.9996278882026672,True,22.24585928925045,robust_percentile_fallback,14.6703544013955,data_driven_global_percentile_thresholds,CASTILLA,20.51888647333481,data_driven_batch_percentile_thresholds,79.48111352666518,False
959,2025-12-11 10:36:32,2025-12-11 10:37:31,CASTILLA,CASTILLA,CASTILLA,0.9995784163475036,8.69798896019347e-05,0.0003345801087561,0.9995784163475036,0.9992438554763794,True,22.51207989809524,robust_percentile_fallback,15.195710173347951,data_driven_global_percentile_thresholds,CASTILLA,22.85016950560365,data_driven_batch_percentile_thresholds,77.14983049439635,False
960,2025-12-11 10:37:32,2025-12-11 10:38:31,CASTILLA,CASTILLA,CASTILLA,0.9997186064720154,5.538964251172729e-05,0.0002260314213344,0.9997186064720154,0.9994925856590272,True,22.66978837774752,robust_percentile_fallback,14.971872753787604,data_driven_global_percentile_thresholds,CASTILLA,24.079446451415507,data_driven_batch_percentile_thresholds,75.9205535485845,False
961,2025-12-11 10:38:32,2025-12-11 10:39:31,CASTILLA,CASTILLA,CASTILLA,0.9997826218605042,5.589380452875048e-05,0.0001614908833289,0.9997826218605042,0.9996211528778076,True,22.59733349947707,robust_percentile_fallback,15.04820558817556,data_driven_global_percentile_thresholds,CASTILLA,20.460554996187994,data_driven_batch_percentile_thresholds,79.539445003812,False
962,2025-12-11 10:39:32,2025-12-11 10:40:31,CASTILLA,CASTILLA,CASTILLA,0.9996277093887328,7.863575592637062e-05,0.0002935889642685,0.9996277093887328,0.9993340969085692,True,22.127675466683797,robust_percentile_fallback,14.784079038657271,data_driven_global_percentile_thresholds,CASTILLA,18.50176786766386,data_driven_batch_percentile_thresholds,81.49823213233614,False
963,2025-12-11 10:40:32,2025-12-11 10:41:31,CASTILLA,CASTILLA,CASTILLA,0.999527096748352,8.960222476162016e-05,0.0003833475348073,0.999527096748352,0.9991437196731568,True,21.903346279820752,robust_percentile_fallback,14.463168908786711,data_driven_global_percentile_thresholds,CASTILLA,20.682519237406307,data_driven_batch_percentile_thresholds,79.31748076259369,False
964,2025-12-11 10:41:32,2025-12-11 10:42:31,CASTILLA,CASTILLA,CASTILLA,0.9992121458053588,0.0001581045653438,0.0006297430954873,0.9992121458053588,0.9985824227333068,True,22.916209653577383,robust_percentile_fallback,16.52472613992629,data_driven_global_percentile_thresholds,CASTILLA,23.412153161906677,data_driven_batch_percentile_thresholds,76.58784683809333,False
965,2025-12-11 10:42:32,2025-12-11 10:43:31,CASTILLA,CASTILLA,CASTILLA,0.9996905326843262,7.686486060265452e-05,0.0002326625108253,0.9996905326843262,0.9994578957557678,True,22.09817763987841,robust_percentile_fallback,15.32691296674465,data_driven_global_percentile_thresholds,CASTILLA,19.083046129565854,data_driven_batch_percentile_thresholds,80.91695387043414,False
966,2025-12-11 10:43:32,2025-12-11 10:44:31,CASTILLA,CASTILLA,CASTILLA,0.9997119307518004,9.390832565259188e-05,0.0001941477094078,0.9997119307518004,0.9995177984237672,True,23.27197182333908,robust_percentile_fallback,17.25894073082852,data_driven_global_percentile_thresholds,CASTILLA,22.74345825932871,data_driven_batch_percentile_thresholds,77.2565417406713,False
967,2025-12-11 10:44:32,2025-12-11 10:45:31,CASTILLA,CASTILLA,CASTILLA,0.9995632767677308,0.0001091778976842,0.0003275191702414,0.9995632767677308,0.99923574924469,True,22.341612611371,robust_percentile_fallback,15.443931813852071,data_driven_global_percentile_thresholds,CASTILLA,19.80298260509015,data_driven_batch_percentile_thresholds,80.19701739490985,False
968,2025-12-11 10:45:32,2025-12-11 10:46:31,CASTILLA,CASTILLA,CASTILLA,0.9996448755264282,8.03065559011884e-05,0.0002747695543803,0.9996448755264282,0.9993700981140136,True,23.92509167757317,robust_percentile_fallback,17.807034960887332,data_driven_global_percentile_thresholds,CASTILLA,22.705411028481727,data_driven_batch_percentile_thresholds,77.29458897151827,False
969,2025-12-11 10:46:32,2025-12-11 10:47:31,CASTILLA,CASTILLA,CASTILLA,0.9993610978126526,0.0001368110388284,0.000502101611346,0.9993610978126526,0.9988589882850648,True,22.877848118664208,robust_percentile_fallback,16.563841239358737,data_driven_global_percentile_thresholds,CASTILLA,20.927174483892266,data_driven_batch_percentile_thresholds,79.07282551610774,False
970,2025-12-11 10:47:32,2025-12-11 10:48:31,CASTILLA,CASTILLA,CASTILLA,0.999065101146698,0.0001321084419032,0.0008028007578104,0.999065101146698,0.9982622861862184,True,23.09443856241617,robust_percentile_fallback,16.719426847652166,data_driven_global_percentile_thresholds,CASTILLA,24.58178193782364,data_driven_batch_percentile_thresholds,75.41821806217636,False
971,2025-12-11 10:48:32,2025-12-11 10:49:31,CASTILLA,CASTILLA,CASTILLA,0.9994934797286988,0.0001229240733664,0.0003836259420495,0.9994934797286988,0.9991098642349244,True,23.295822675626397,robust_percentile_fallback,16.71234406722578,data_driven_global_percentile_thresholds,CASTILLA,24.3285718336276,data_driven_batch_percentile_thresholds,75.67142816637241,False
972,2025-12-11 10:49:32,2025-12-11 10:50:31,CASTILLA,CASTILLA,CASTILLA,0.9995667338371276,9.359428804600611e-05,0.0003397004911676,0.9995667338371276,0.9992270469665528,True,22.848747328015712,robust_percentile_fallback,16.04500031583839,data_driven_global_percentile_thresholds,CASTILLA,20.40928384326532,data_driven_batch_percentile_thresholds,79.59071615673469,False
973,2025-12-11 10:50:32,2025-12-11 10:51:31,CASTILLA,CASTILLA,CASTILLA,0.9997183680534364,6.521477916976437e-05,0.0002164221950806,0.9997183680534364,0.9995019435882568,True,22.68723084226924,robust_percentile_fallback,15.80249829191993,data_driven_global_percentile_thresholds,CASTILLA,21.967308171151647,data_driven_batch_percentile_thresholds,78.03269182884836,False
974,2025-12-11 10:51:32,2025-12-11 10:52:31,CASTILLA,CASTILLA,CASTILLA,0.9995355606079102,9.020022844197229e-05,0.0003742259286809,0.9995355606079102,0.9991613626480104,True,23.243388952834994,robust_percentile_fallback,16.74734776598062,data_driven_global_percentile_thresholds,CASTILLA,25.163899749838265,data_driven_batch_percentile_thresholds,74.83610025016173,False
975,2025-12-11 10:52:32,2025-12-11 10:53:31,CASTILLA,CASTILLA,CASTILLA,0.999537229537964,8.098359103314579e-05,0.0003818106197286,0.999537229537964,0.9991554021835328,True,26.419485715540365,robust_percentile_fallback,22.99626191935881,data_driven_global_percentile_thresholds,CASTILLA,37.313347041846654,data_driven_batch_percentile_thresholds,62.686652958153346,False
976,2025-12-11 10:53:32,2025-12-11 10:54:31,CASTILLA,CASTILLA,CASTILLA,0.9995511174201964,8.174405957106501e-05,0.0003671613230835,0.9995511174201964,0.99918395280838,True,24.72941968012657,robust_percentile_fallback,20.410425867802005,data_driven_global_percentile_thresholds,CASTILLA,30.99899951566212,data_driven_batch_percentile_thresholds,69.00100048433788,False
977,2025-12-11 10:54:32,2025-12-11 10:55:31,CASTILLA,CASTILLA,CASTILLA,0.9995829463005066,8.144053572323173e-05,0.0003356220258865,0.9995829463005066,0.9992473125457764,True,23.882728155512435,robust_percentile_fallback,18.964340315147744,data_driven_global_percentile_thresholds,CASTILLA,27.837984171507145,data_driven_batch_percentile_thresholds,72.16201582849286,False
978,2025-12-11 10:55:32,2025-12-11 10:56:31,CASTILLA,CASTILLA,CASTILLA,0.9996373653411864,6.713993934681639e-05,0.0002954467199742,0.9996373653411864,0.9993419051170348,True,24.420648318204307,robust_percentile_fallback,19.01995919268828,data_driven_global_percentile_thresholds,CASTILLA,30.511798622515165,data_driven_batch_percentile_thresholds,69.48820137748484,False
979,2025-12-11 10:56:32,2025-12-11 10:57:31,CASTILLA,CASTILLA,CASTILLA,0.9997815489768982,5.0349990488030016e-05,0.0001681713765719,0.9997815489768982,0.9996134042739868,True,24.69326589493376,robust_percentile_fallback,19.586931772260925,data_driven_global_percentile_thresholds,CASTILLA,28.50880798174646,data_driven_batch_percentile_thresholds,71.49119201825354,False
980,2025-12-11 10:57:32,2025-12-11 10:58:31,CASTILLA,CASTILLA,CASTILLA,0.9996689558029176,7.70656333770603e-05,0.000254009879427,0.9996689558029176,0.9994149208068848,True,23.673601878531628,robust_percentile_fallback,19.270019422381544,data_driven_global_percentile_thresholds,CASTILLA,27.81372032983091,data_driven_batch_percentile_thresholds,72.18627967016909,False
981,2025-12-11 10:58:32,2025-12-11 10:59:31,CASTILLA,CASTILLA,CASTILLA,0.9996716976165771,8.075369260041043e-05,0.0002475261280778,0.9996716976165771,0.999424159526825,True,24.65367315661048,robust_percentile_fallback,20.14348892915735,data_driven_global_percentile_thresholds,CASTILLA,29.70775917586803,data_driven_batch_percentile_thresholds,70.29224082413197,False
982,2025-12-11 10:59:32,2025-12-11 11:00:31,CASTILLA,CASTILLA,CASTILLA,0.9996644258499146,7.162998372223228e-05,0.0002639001759234,0.9996644258499146,0.9994004964828492,True,24.25922538120012,robust_percentile_fallback,19.103284161988736,data_driven_global_percentile_thresholds,CASTILLA,27.383503858647337,data_driven_batch_percentile_thresholds,72.61649614135266,False
983,2025-12-11 11:00:32,2025-12-11 11:01:31,CASTILLA,CASTILLA,CASTILLA,0.9996557235717772,6.599139305762947e-05,0.0002782462106551,0.9996557235717772,0.9993774890899658,True,24.25575878538012,robust_percentile_fallback,20.68403470479859,data_driven_global_percentile_thresholds,CASTILLA,27.88712766698977,data_driven_batch_percentile_thresholds,72.11287233301023,False
984,2025-12-11 11:01:32,2025-12-11 11:02:31,CASTILLA,CASTILLA,CASTILLA,0.9997261166572572,5.131916259415448e-05,0.0002225642529083,0.9997261166572572,0.9995035529136658,True,24.927780241674707,robust_percentile_fallback,21.92702075499891,data_driven_global_percentile_thresholds,CASTILLA,30.86868869815396,data_driven_batch_percentile_thresholds,69.13131130184604,False
985,2025-12-11 11:02:32,2025-12-11 11:03:31,CASTILLA,CASTILLA,CASTILLA,0.9996281862258912,7.442283822456375e-05,0.0002973962109535,0.9996281862258912,0.9993308186531068,True,23.62574170684169,robust_percentile_fallback,19.22252800353085,data_driven_global_percentile_thresholds,CASTILLA,25.833552194218463,data_driven_batch_percentile_thresholds,74.16644780578153,False
986,2025-12-11 11:03:32,2025-12-11 11:04:31,CASTILLA,CASTILLA,CASTILLA,0.9997039437294006,6.71480520395562e-05,0.0002288600226165,0.9997039437294006,0.9994750618934632,True,24.8192996482064,robust_percentile_fallback,20.892625651309565,data_driven_global_percentile_thresholds,CASTILLA,30.704903565118748,data_driven_batch_percentile_thresholds,69.29509643488126,False
987,2025-12-11 11:04:32,2025-12-11 11:05:31,CASTILLA,CASTILLA,CASTILLA,0.999739944934845,5.643172698910348e-05,0.0002035565266851,0.999739944934845,0.999536395072937,True,23.950462244237944,robust_percentile_fallback,20.044817864329765,data_driven_global_percentile_thresholds,CASTILLA,27.5983937554591,data_driven_batch_percentile_thresholds,72.4016062445409,False
988,2025-12-11 11:05:32,2025-12-11 11:06:31,CASTILLA,CASTILLA,CASTILLA,0.999618411064148,7.176159124355763e-05,0.0003097687731496,0.999618411064148,0.9993086457252502,True,24.48960065369842,robust_percentile_fallback,21.17546254732996,data_driven_global_percentile_thresholds,CASTILLA,29.019515626078014,data_driven_batch_percentile_thresholds,70.98048437392198,False
989,2025-12-11 11:06:32,2025-12-11 11:07:31,CASTILLA,CASTILLA,CASTILLA,0.999637246131897,7.127247954485938e-05,0.0002914379001595,0.999637246131897,0.9993457794189452,True,23.883516740351705,robust_percentile_fallback,20.48126466292732,data_driven_global_percentile_thresholds,CASTILLA,25.88052637621637,data_driven_batch_percentile_thresholds,74.11947362378363,False
990,2025-12-11 11:07:32,2025-12-11 11:08:31,CASTILLA,CASTILLA,CASTILLA,0.9997033476829528,6.22346269665286e-05,0.0002343633386772,0.9997033476829528,0.999468982219696,True,24.42193387457208,robust_percentile_fallback,20.26088448577211,data_driven_global_percentile_thresholds,CASTILLA,27.07147021343791,data_driven_batch_percentile_thresholds,72.9285297865621,False
991,2025-12-11 11:08:32,2025-12-11 11:09:31,CASTILLA,CASTILLA,CASTILLA,0.9997636675834656,6.483338074758649e-05,0.0001714948302833,0.9997636675834656,0.9995921850204468,True,23.7037385516141,robust_percentile_fallback,19.16769015087212,data_driven_global_percentile_thresholds,CASTILLA,24.4125757307659,data_driven_batch_percentile_thresholds,75.5874242692341,False
992,2025-12-11 11:09:32,2025-12-11 11:10:31,CASTILLA,CASTILLA,CASTILLA,0.999703586101532,7.807774818502367e-05,0.0002182968164561,0.999703586101532,0.9994853138923644,True,24.5984900632613,robust_percentile_fallback,21.564808428288394,data_driven_global_percentile_thresholds,CASTILLA,33.13612754001015,data_driven_batch_percentile_thresholds,66.86387245998985,False
993,2025-12-11 11:10:32,2025-12-11 11:11:31,CASTILLA,CASTILLA,CASTILLA,0.9995951056480408,7.051001011859626e-05,0.0003344587166793,0.9995951056480408,0.999260663986206,True,24.61972926394049,robust_percentile_fallback,21.398271330755563,data_driven_global_percentile_thresholds,CASTILLA,32.804764709846054,data_driven_batch_percentile_thresholds,67.19523529015395,False
994,2025-12-11 11:11:32,2025-12-11 11:12:31,CASTILLA,CASTILLA,CASTILLA,0.9997425675392152,6.304105772869661e-05,0.0001943420502357,0.9997425675392152,0.9995481967926024,True,24.759462908156756,robust_percentile_fallback,19.62976692538953,data_driven_global_percentile_thresholds,CASTILLA,28.25946821605619,data_driven_batch_percentile_thresholds,71.74053178394381,False
995,2025-12-11 11:12:32,2025-12-11 11:13:31,CASTILLA,CASTILLA,CASTILLA,0.9997313618659972,5.1846483984263614e-05,0.0002167521888623,0.9997313618659972,0.999514639377594,True,24.59717120023952,robust_percentile_fallback,20.606335098416316,data_driven_global_percentile_thresholds,CASTILLA,31.303933875726383,data_driven_batch_percentile_thresholds,68.69606612427361,False
996,2025-12-11 11:13:32,2025-12-11 11:14:31,CASTILLA,CASTILLA,CASTILLA,0.9996892213821412,5.722562127630226e-05,0.0002535563835408,0.9996892213821412,0.9994356632232666,True,24.406923807039764,robust_percentile_fallback,22.31476890853305,data_driven_global_percentile_thresholds,CASTILLA,29.740073130991632,data_driven_batch_percentile_thresholds,70.25992686900837,False
997,2025-12-11 11:14:32,2025-12-11 11:15:31,CASTILLA,CASTILLA,CASTILLA,0.9997031092643738,6.656155892414972e-05,0.0002303101500729,0.9997031092643738,0.9994727969169616,True,24.502614458475385,robust_percentile_fallback,21.607255446238103,data_driven_global_percentile_thresholds,CASTILLA,29.581192747733212,data_driven_batch_percentile_thresholds,70.41880725226679,False
998,2025-12-11 11:15:32,2025-12-11 11:16:31,CASTILLA,CASTILLA,CASTILLA,0.9996185302734376,7.001565973041579e-05,0.0003114085702691,0.9996185302734376,0.999307096004486,True,25.19220649176146,robust_percentile_fallback,22.338006365483366,data_driven_global_percentile_thresholds,CASTILLA,35.38431109991793,data_driven_batch_percentile_thresholds,64.61568890008206,False
999,2025-12-11 11:16:32,2025-12-11 11:17:31,CASTILLA,CASTILLA,CASTILLA,0.9998103976249696,6.408733315765858e-05,0.0001255323295481,0.9998103976249696,0.9996848702430724,True,25.29461762041264,robust_percentile_fallback,22.184278346077345,data_driven_global_percentile_thresholds,CASTILLA,32.8399487291843,data_driven_batch_percentile_thresholds,67.1600512708157,False
1000,2025-12-11 11:17:32,2025-12-11 11:18:31,CASTILLA,CASTILLA,CASTILLA,0.9997764229774476,5.9764421166619286e-05,0.0001638476969674,0.9997764229774476,0.99961256980896,True,23.75740712347095,robust_percentile_fallback,20.98907147769179,data_driven_global_percentile_thresholds,CASTILLA,26.35982145117477,data_driven_batch_percentile_thresholds,73.64017854882523,False
1001,2025-12-11 11:18:32,2025-12-11 11:19:31,CASTILLA,CASTILLA,CASTILLA,0.9996883869171144,6.968307570787147e-05,0.0002419311349513,0.9996883869171144,0.999446451663971,True,25.849868917036837,robust_percentile_fallback,23.130270011041212,data_driven_global_percentile_thresholds,CASTILLA,32.6703407449001,data_driven_batch_percentile_thresholds,67.3296592550999,False
1002,2025-12-11 11:19:32,2025-12-11 11:20:31,CASTILLA,CASTILLA,CASTILLA,0.9997299313545228,8.689714013598859e-05,0.0001831346744438,0.9997299313545228,0.9995468258857728,True,24.63517827858912,robust_percentile_fallback,21.65829910055084,data_driven_global_percentile_thresholds,CASTILLA,31.69648975840035,data_driven_batch_percentile_thresholds,68.30351024159965,False
1003,2025-12-11 11:20:32,2025-12-11 11:21:31,CASTILLA,CASTILLA,CASTILLA,0.999680995941162,7.24401616025716e-05,0.0002466276055201,0.999680995941162,0.9994343519210817,True,24.864607315571927,robust_percentile_fallback,20.891748256352624,data_driven_global_percentile_thresholds,CASTILLA,31.243486515904166,data_driven_batch_percentile_thresholds,68.75651348409583,False
1004,2025-12-11 11:21:32,2025-12-11 11:22:31,CASTILLA,CASTILLA,CASTILLA,0.9997462630271912,7.576593634439632e-05,0.0001779305603122,0.9997462630271912,0.9995683431625366,True,24.83523613838496,robust_percentile_fallback,21.91431911057565,data_driven_global_percentile_thresholds,CASTILLA,33.21872402171631,data_driven_batch_percentile_thresholds,66.78127597828369,False
1005,2025-12-11 11:22:32,2025-12-11 11:23:31,CASTILLA,CASTILLA,CASTILLA,0.9996590614318848,7.586937863379717e-05,0.0002650815295055,0.9996590614318848,0.9993939995765686,True,26.30161709920125,robust_percentile_fallback,23.990173589572358,data_driven_global_percentile_thresholds,CASTILLA,33.89281526622458,data_driven_batch_percentile_thresholds,66.10718473377543,False
1006,2025-12-11 11:23:32,2025-12-11 11:24:31,CASTILLA,CASTILLA,CASTILLA,0.9996988773345948,9.849153138929978e-05,0.0002026372676482,0.9996988773345948,0.9994962215423584,True,25.185591478617543,robust_percentile_fallback,22.093027142440796,data_driven_global_percentile_thresholds,CASTILLA,35.346633859539146,data_driven_batch_percentile_thresholds,64.65336614046086,False
1007,2025-12-11 11:24:32,2025-12-11 11:25:31,CASTILLA,CASTILLA,CASTILLA,0.9997264742851256,5.8738158259075135e-05,0.0002147372724721,0.9997264742851256,0.99951171875,True,25.00183080193561,robust_percentile_fallback,21.844650109130043,data_driven_global_percentile_thresholds,CASTILLA,29.684514635226783,data_driven_batch_percentile_thresholds,70.31548536477322,False
1008,2025-12-11 11:25:32,2025-12-11 11:26:31,CASTILLA,CASTILLA,CASTILLA,0.9997286200523376,5.660626266035251e-05,0.0002148016210412,0.9997286200523376,0.9995138049125672,True,24.113537019724145,robust_percentile_fallback,20.83083169135528,data_driven_global_percentile_thresholds,CASTILLA,27.736656452984693,data_driven_batch_percentile_thresholds,72.26334354701531,False
1009,2025-12-11 11:26:32,2025-12-11 11:27:31,CASTILLA,CASTILLA,CASTILLA,0.9995519518852234,0.0001215978336404,0.0003263926482759,0.9995519518852234,0.9992255568504332,True,24.678019994477463,robust_percentile_fallback,21.53534214307551,data_driven_global_percentile_thresholds,CASTILLA,33.67603731749306,data_driven_batch_percentile_thresholds,66.32396268250693,False
1010,2025-12-11 11:27:32,2025-12-11 11:28:31,CASTILLA,CASTILLA,CASTILLA,0.9997605681419371,7.888959225965664e-05,0.0001605724974069,0.9997605681419371,0.9995999932289124,True,24.59446162453677,robust_percentile_fallback,20.832798425393616,data_driven_global_percentile_thresholds,CASTILLA,32.0228241686672,data_driven_batch_percentile_thresholds,67.9771758313328,False
1011,2025-12-11 11:28:32,2025-12-11 11:29:31,CASTILLA,CASTILLA,CASTILLA,0.9996882677078248,7.158717198763043e-05,0.0002401690726401,0.9996882677078248,0.9994481205940248,True,24.089875121932263,robust_percentile_fallback,20.62405222422761,data_driven_global_percentile_thresholds,CASTILLA,30.47135636006413,data_driven_batch_percentile_thresholds,69.52864363993586,False
1012,2025-12-11 11:29:32,2025-12-11 11:30:31,CASTILLA,CASTILLA,CASTILLA,0.9998544454574584,6.987880624365062e-05,7.563638791907579e-05,0.9998544454574584,0.9997788071632384,True,24.180931633753136,robust_percentile_fallback,20.35988315460998,data_driven_global_percentile_thresholds,CASTILLA,27.840208245369183,data_driven_batch_percentile_thresholds,72.15979175463082,False
1013,2025-12-11 11:30:32,2025-12-11 11:31:31,CASTILLA,CASTILLA,CASTILLA,0.9997170567512512,5.419372973847203e-05,0.0002287458482896,0.9997170567512512,0.9994882941246032,True,24.130262588329245,robust_percentile_fallback,20.26086333434496,data_driven_global_percentile_thresholds,CASTILLA,29.21080100328077,data_driven_batch_percentile_thresholds,70.78919899671922,False
1014,2025-12-11 11:31:32,2025-12-11 11:32:31,CASTILLA,CASTILLA,CASTILLA,0.9996728897094728,6.906816270202398e-05,0.0002580099971964,0.9996728897094728,0.99941486120224,True,24.072287301207165,robust_percentile_fallback,20.2723837222592,data_driven_global_percentile_thresholds,CASTILLA,28.85120251548369,data_driven_batch_percentile_thresholds,71.14879748451631,False
1015,2025-12-11 11:32:32,2025-12-11 11:33:31,CASTILLA,CASTILLA,CASTILLA,0.9997547268867492,6.306564318947494e-05,0.0001822005870053,0.9997547268867492,0.9995725154876708,True,24.022967135982448,robust_percentile_fallback,20.441215073045807,data_driven_global_percentile_thresholds,CASTILLA,30.233493155757337,data_driven_batch_percentile_thresholds,69.76650684424266,False
1016,2025-12-11 11:33:32,2025-12-11 11:34:31,CASTILLA,CASTILLA,CASTILLA,0.999602735042572,8.495094516547397e-05,0.0003123825299553,0.999602735042572,0.9992903470993042,True,25.377807803037108,robust_percentile_fallback,21.53760242082721,data_driven_global_percentile_thresholds,CASTILLA,33.10205687769504,data_driven_batch_percentile_thresholds,66.89794312230495,False
1017,2025-12-11 11:34:32,2025-12-11 11:35:31,CASTILLA,CASTILLA,CASTILLA,0.99979168176651,7.880752673372626e-05,0.0001295332622248,0.99979168176651,0.9996621608734132,True,23.846295299196992,robust_percentile_fallback,20.94354671444067,data_driven_global_percentile_thresholds,CASTILLA,30.535929832831886,data_driven_batch_percentile_thresholds,69.46407016716812,False
1018,2025-12-11 11:35:32,2025-12-11 11:36:31,CASTILLA,CASTILLA,CASTILLA,0.999798595905304,8.541508577764034e-05,0.0001160656174761,0.999798595905304,0.9996825456619264,True,24.70609147528986,robust_percentile_fallback,22.63123935986393,data_driven_global_percentile_thresholds,CASTILLA,34.06603403058045,data_driven_batch_percentile_thresholds,65.93396596941955,False
1019,2025-12-11 11:36:32,2025-12-11 11:37:31,CASTILLA,CASTILLA,CASTILLA,0.999846339225769,6.901047891005874e-05,8.46550683490932e-05,0.999846339225769,0.999761700630188,True,23.407401240659254,robust_percentile_fallback,19.078201390396845,data_driven_global_percentile_thresholds,CASTILLA,28.13933353550281,data_driven_batch_percentile_thresholds,71.86066646449719,False
1020,2025-12-11 11:37:32,2025-12-11 11:38:31,CASTILLA,CASTILLA,CASTILLA,0.9997290968894958,6.588348333025351e-05,0.0002050583134405,0.9997290968894958,0.9995240569114684,True,25.13962783891864,robust_percentile_fallback,21.074558131982844,data_driven_global_percentile_thresholds,CASTILLA,31.567833514191346,data_driven_batch_percentile_thresholds,68.43216648580865,False
1021,2025-12-11 11:38:32,2025-12-11 11:39:31,CASTILLA,CASTILLA,CASTILLA,0.9997995495796204,9.294002666138113e-05,0.0001075752661563,0.9997995495796204,0.9996919631958008,True,24.083036630139908,robust_percentile_fallback,20.55030250232077,data_driven_global_percentile_thresholds,CASTILLA,29.879560027727987,data_driven_batch_percentile_thresholds,70.12043997227201,False
1022,2025-12-11 11:39:32,2025-12-11 11:40:31,CASTILLA,CASTILLA,CASTILLA,0.9997389912605286,0.0001156770304078,0.000145364771015,0.9997389912605286,0.9995936155319214,True,24.296869588462798,robust_percentile_fallback,21.59481028849753,data_driven_global_percentile_thresholds,CASTILLA,32.10902040114001,data_driven_batch_percentile_thresholds,67.89097959885999,False
1023,2025-12-11 11:40:32,2025-12-11 11:41:31,CASTILLA,CASTILLA,CASTILLA,0.9997079968452454,6.662755913566798e-05,0.0002253147249575,0.9997079968452454,0.9994826912879944,True,23.318783604364786,robust_percentile_fallback,20.11462586313793,data_driven_global_percentile_thresholds,CASTILLA,27.53165268184052,data_driven_batch_percentile_thresholds,72.46834731815949,False
1024,2025-12-11 11:41:32,2025-12-11 11:42:31,CASTILLA,CASTILLA,CASTILLA,0.9997974038124084,9.200976637657732e-05,0.0001106051058741,0.9997974038124084,0.9996867775917052,True,25.618231179309,robust_percentile_fallback,23.389619549879136,data_driven_global_percentile_thresholds,CASTILLA,35.42515772368934,data_driven_batch_percentile_thresholds,64.57484227631066,False
1025,2025-12-11 11:42:32,2025-12-11 11:43:31,CASTILLA,CASTILLA,CASTILLA,0.9997684359550476,0.0001285303296754,0.0001030459243338,0.9997684359550476,0.999639928340912,True,24.68793961412156,robust_percentile_fallback,21.827369582903764,data_driven_global_percentile_thresholds,CASTILLA,29.974616922880767,data_driven_batch_percentile_thresholds,70.02538307711923,False
1026,2025-12-11 11:43:32,2025-12-11 11:44:31,CASTILLA,CASTILLA,CASTILLA,0.9997261166572572,0.0001568146835779,0.0001170694522443,0.9997261166572572,0.999569296836853,True,24.1202674835978,robust_percentile_fallback,21.66385627643035,data_driven_global_percentile_thresholds,CASTILLA,31.727571831972284,data_driven_batch_percentile_thresholds,68.27242816802772,False
1027,2025-12-11 11:44:32,2025-12-11 11:45:31,CASTILLA,CASTILLA,CASTILLA,0.9996660947799684,0.0002089480112772,0.0001249282213393,0.9996660947799684,0.9994571208953856,True,24.722801770684377,robust_percentile_fallback,21.357944660794807,data_driven_global_percentile_thresholds,CASTILLA,33.49359730808038,data_driven_batch_percentile_thresholds,66.50640269191962,False
1028,2025-12-11 11:45:32,2025-12-11 11:46:31,CASTILLA,CASTILLA,CASTILLA,0.999687910079956,0.0001878089969977,0.0001242462021764,0.999687910079956,0.9995000958442688,True,24.456526571762357,robust_percentile_fallback,20.4950731093848,data_driven_global_percentile_thresholds,CASTILLA,33.898393197612705,data_driven_batch_percentile_thresholds,66.1016068023873,False
1029,2025-12-11 11:46:32,2025-12-11 11:47:31,CASTILLA,CASTILLA,CASTILLA,0.9996689558029176,0.0001917376357596,0.0001393251004628,0.9996689558029176,0.999477207660675,True,25.462801814619425,robust_percentile_fallback,23.51763423278311,data_driven_global_percentile_thresholds,CASTILLA,36.40628168202298,data_driven_batch_percentile_thresholds,63.59371831797702,False
1030,2025-12-11 11:47:32,2025-12-11 11:48:31,CASTILLA,CASTILLA,CASTILLA,0.9996721744537354,0.0001917541667353,0.0001360505848424,0.9996721744537354,0.9994804263114928,True,24.53392494555164,robust_percentile_fallback,21.68660761298583,data_driven_global_percentile_thresholds,CASTILLA,34.24984203872529,data_driven_batch_percentile_thresholds,65.75015796127471,False
1031,2025-12-11 11:48:32,2025-12-11 11:49:31,CASTILLA,CASTILLA,CASTILLA,0.999713122844696,0.0001620858529349,0.000124727434013,0.999713122844696,0.9995510578155518,True,23.37022660256165,robust_percentile_fallback,19.73287109032243,data_driven_global_percentile_thresholds,CASTILLA,28.567966599585585,data_driven_batch_percentile_thresholds,71.43203340041441,False
1032,2025-12-11 11:49:32,2025-12-11 11:50:31,CASTILLA,CASTILLA,CASTILLA,0.9996296167373656,0.0002161975135095,0.0001541344099678,0.9996296167373656,0.9994134306907654,True,23.85880816649172,robust_percentile_fallback,21.02143885574245,data_driven_global_percentile_thresholds,CASTILLA,31.712230207508245,data_driven_batch_percentile_thresholds,68.28776979249176,False
1033,2025-12-11 11:50:32,2025-12-11 11:51:31,CASTILLA,CASTILLA,CASTILLA,0.9996598958969116,0.0002043740969384,0.0001357874716632,0.9996598958969116,0.9994555115699768,True,24.574277086592488,robust_percentile_fallback,22.78776818420837,data_driven_global_percentile_thresholds,CASTILLA,33.817009368438406,data_driven_batch_percentile_thresholds,66.1829906315616,False
1034,2025-12-11 11:51:32,2025-12-11 11:52:31,CASTILLA,CASTILLA,CASTILLA,0.9996625185012816,0.0002087745669996,0.0001287264749407,0.9996625185012816,0.9994537234306335,True,24.235136824160467,robust_percentile_fallback,22.50765582221265,data_driven_global_percentile_thresholds,CASTILLA,34.90914346298305,data_driven_batch_percentile_thresholds,65.09085653701695,False
1035,2025-12-11 11:52:32,2025-12-11 11:53:31,CASTILLA,CASTILLA,CASTILLA,0.9996709823608398,0.0001813043199945,0.0001477144396631,0.9996709823608398,0.9994896650314332,True,24.863713144679043,robust_percentile_fallback,24.1541661953337,data_driven_global_percentile_thresholds,CASTILLA,37.983236715176375,data_driven_batch_percentile_thresholds,62.016763284823625,False
1036,2025-12-11 11:53:32,2025-12-11 11:54:31,CASTILLA,CASTILLA,CASTILLA,0.9996657371520996,0.0002184965997003,0.0001157480073743,0.9996657371520996,0.999447226524353,True,24.22666144864721,robust_percentile_fallback,22.45944840543679,data_driven_global_percentile_thresholds,CASTILLA,35.101621039573494,data_driven_batch_percentile_thresholds,64.8983789604265,False
1037,2025-12-11 11:54:32,2025-12-11 11:55:31,CASTILLA,CASTILLA,CASTILLA,0.9996979236602784,0.0001874554873211,0.0001146108843386,0.9996979236602784,0.9995104670524596,True,24.49066646922264,robust_percentile_fallback,23.125786563258156,data_driven_global_percentile_thresholds,CASTILLA,36.88731649473982,data_driven_batch_percentile_thresholds,63.11268350526018,False
1038,2025-12-11 11:55:32,2025-12-11 11:56:31,CASTILLA,CASTILLA,CASTILLA,0.9996793270111084,0.0002014325727941,0.0001193002390209,0.9996793270111084,0.9994779229164124,True,24.72248616558585,robust_percentile_fallback,23.213112709653576,data_driven_global_percentile_thresholds,CASTILLA,37.68794494458051,data_driven_batch_percentile_thresholds,62.31205505541949,False
1039,2025-12-11 11:56:32,2025-12-11 11:57:31,CASTILLA,CASTILLA,CASTILLA,0.9992044568061828,0.0006120798643678,0.0001835238217609,0.9992044568061828,0.9985923767089844,True,24.714358978285222,robust_percentile_fallback,23.874336771104996,data_driven_global_percentile_thresholds,CASTILLA,36.87703409163097,data_driven_batch_percentile_thresholds,63.12296590836903,False
1040,2025-12-11 11:57:32,2025-12-11 11:58:31,CASTILLA,CASTILLA,CASTILLA,0.9996511936187744,0.0002197313151555,0.0001290268555749,0.9996511936187744,0.9994314908981324,True,24.486972827203413,robust_percentile_fallback,23.24907437851134,data_driven_global_percentile_thresholds,CASTILLA,38.78147134652859,data_driven_batch_percentile_thresholds,61.21852865347141,False
1041,2025-12-11 11:58:32,2025-12-11 11:59:31,CASTILLA,CASTILLA,CASTILLA,0.9996023774147034,0.000248779047979,0.000148840190377,0.9996023774147034,0.9993535876274108,True,24.40868967738229,robust_percentile_fallback,23.31321188294968,data_driven_global_percentile_thresholds,CASTILLA,39.68963047847109,data_driven_batch_percentile_thresholds,60.31036952152891,False
1042,2025-12-11 11:59:32,2025-12-11 12:00:31,CASTILLA,CASTILLA,CASTILLA,0.9995694756507874,0.0002773728629108,0.0001531089947093,0.9995694756507874,0.9992920756340028,True,24.021296630897524,robust_percentile_fallback,22.60306377698629,data_driven_global_percentile_thresholds,CASTILLA,33.92826083817344,data_driven_batch_percentile_thresholds,66.07173916182656,False
1043,2025-12-11 12:00:32,2025-12-11 12:01:31,CASTILLA,CASTILLA,CASTILLA,0.999642252922058,0.0002356592158321,0.0001220816484419,0.999642252922058,0.9994065761566162,True,24.311401584656505,robust_percentile_fallback,22.93183339317363,data_driven_global_percentile_thresholds,CASTILLA,34.916500058047546,data_driven_batch_percentile_thresholds,65.08349994195245,False
1044,2025-12-11 12:01:32,2025-12-11 12:02:31,CASTILLA,CASTILLA,CASTILLA,0.999607503414154,0.0002419770898995,0.000150554231368,0.999607503414154,0.999365508556366,True,24.40799675817116,robust_percentile_fallback,23.4531835908762,data_driven_global_percentile_thresholds,CASTILLA,34.6510145964428,data_driven_batch_percentile_thresholds,65.34898540355721,False
1045,2025-12-11 12:02:32,2025-12-11 12:03:31,CASTILLA,CASTILLA,CASTILLA,0.9996034502983092,0.0002761014620773,0.0001205275766551,0.9996034502983092,0.9993273615837096,True,24.708356271807634,robust_percentile_fallback,23.83669489919798,data_driven_global_percentile_thresholds,CASTILLA,38.64716923239234,data_driven_batch_percentile_thresholds,61.35283076760766,False
1046,2025-12-11 12:03:32,2025-12-11 12:04:31,CASTILLA,CASTILLA,CASTILLA,0.999653935432434,0.0002308117836946,0.0001152701079263,0.999653935432434,0.9994231462478638,True,23.29832808460471,robust_percentile_fallback,21.925933938658392,data_driven_global_percentile_thresholds,CASTILLA,30.02626367590272,data_driven_batch_percentile_thresholds,69.97373632409727,False
1047,2025-12-11 12:04:32,2025-12-11 12:05:31,CASTILLA,CASTILLA,CASTILLA,0.9996321201324464,0.0002359282370889,0.0001319837610935,0.9996321201324464,0.9993962049484252,True,24.80731327617117,robust_percentile_fallback,25.450001026231472,data_driven_global_percentile_thresholds,CASTILLA,35.671032983718355,data_driven_batch_percentile_thresholds,64.32896701628164,False
1048,2025-12-11 12:05:32,2025-12-11 12:06:31,CASTILLA,CASTILLA,CASTILLA,0.9996153116226196,0.000252082129009,0.0001325967168668,0.9996153116226196,0.9993632435798644,True,23.519217459408573,robust_percentile_fallback,22.059661498704823,data_driven_global_percentile_thresholds,CASTILLA,31.336436373237287,data_driven_batch_percentile_thresholds,68.66356362676271,False
1049,2025-12-11 12:06:32,2025-12-11 12:07:31,CASTILLA,CASTILLA,CASTILLA,0.9995423555374146,0.0003424916358198,0.000115222610475,0.9995423555374146,0.9991998672485352,True,22.935502816123595,robust_percentile_fallback,21.820417511477928,data_driven_global_percentile_thresholds,CASTILLA,28.936751316373343,data_driven_batch_percentile_thresholds,71.06324868362665,False
1050,2025-12-11 12:07:32,2025-12-11 12:08:31,CASTILLA,CASTILLA,CASTILLA,0.99930739402771,0.0005425458657555,0.0001500939251855,0.99930739402771,0.9987648725509644,True,24.614544891197564,robust_percentile_fallback,23.90032324161041,data_driven_global_percentile_thresholds,CASTILLA,36.153946696643935,data_driven_batch_percentile_thresholds,63.846053303356065,False
1051,2025-12-11 12:08:32,2025-12-11 12:09:31,CASTILLA,CASTILLA,CASTILLA,0.999486207962036,0.0003969129174947,0.0001169079478131,0.999486207962036,0.9990893006324768,True,23.20959612617149,robust_percentile_fallback,21.579210323140785,data_driven_global_percentile_thresholds,CASTILLA,32.51478918543855,data_driven_batch_percentile_thresholds,67.48521081456144,False
1052,2025-12-11 12:09:32,2025-12-11 12:10:31,CASTILLA,CASTILLA,CASTILLA,0.999536395072937,0.0003382805152796,0.0001253320369869,0.999536395072937,0.9991981387138368,True,23.68705915185663,robust_percentile_fallback,23.799602547874223,data_driven_global_percentile_thresholds,CASTILLA,34.8072576034015,data_driven_batch_percentile_thresholds,65.1927423965985,False
1053,2025-12-11 12:10:32,2025-12-11 12:11:31,CASTILLA,CASTILLA,CASTILLA,0.9939462542533876,0.0055932351388037,0.0004604774294421,0.9939462542533876,0.9883530139923096,True,23.941950240163777,robust_percentile_fallback,23.01384336930821,data_driven_global_percentile_thresholds,CASTILLA,33.515028633439385,data_driven_batch_percentile_thresholds,66.48497136656061,False
1054,2025-12-11 12:11:32,2025-12-11 12:12:31,CASTILLA,CASTILLA,CASTILLA,0.9992868304252625,0.000548415002413,0.0001647831231821,0.9992868304252625,0.998738408088684,True,24.030922038208114,robust_percentile_fallback,23.89650775650224,data_driven_global_percentile_thresholds,CASTILLA,34.513112719987355,data_driven_batch_percentile_thresholds,65.48688728001264,False
1055,2025-12-11 12:12:32,2025-12-11 12:13:31,CASTILLA,CASTILLA,CASTILLA,0.9995251893997192,0.0003648023412097,0.0001100027147913,0.9995251893997192,0.9991604089736938,True,23.818329931883675,robust_percentile_fallback,22.76402772728506,data_driven_global_percentile_thresholds,CASTILLA,33.07788905278894,data_driven_batch_percentile_thresholds,66.92211094721105,False
1056,2025-12-11 12:13:32,2025-12-11 12:14:31,CASTILLA,CASTILLA,CASTILLA,0.9995299577713012,0.0003528711386024,0.0001172385163954,0.9995299577713012,0.999177098274231,True,24.843661503480064,robust_percentile_fallback,24.07270392410464,data_driven_global_percentile_thresholds,CASTILLA,37.69935027128249,data_driven_batch_percentile_thresholds,62.30064972871751,False
1057,2025-12-11 12:14:32,2025-12-11 12:15:31,CASTILLA,CASTILLA,CASTILLA,0.999477207660675,0.0003914510598406,0.0001314084802288,0.999477207660675,0.9990857839584352,True,23.829729775654386,robust_percentile_fallback,23.082609095743827,data_driven_global_percentile_thresholds,CASTILLA,32.146868082246684,data_driven_batch_percentile_thresholds,67.85313191775332,False
1058,2025-12-11 12:15:32,2025-12-11 12:16:31,CASTILLA,CASTILLA,CASTILLA,0.9995530247688292,0.000339047255693,0.0001078879577107,0.9995530247688292,0.9992139935493468,True,24.41852338006999,robust_percentile_fallback,24.553014515631432,data_driven_global_percentile_thresholds,CASTILLA,33.8674144206562,data_driven_batch_percentile_thresholds,66.1325855793438,False
1059,2025-12-11 12:16:32,2025-12-11 12:17:31,CASTILLA,CASTILLA,CASTILLA,0.99874347448349,0.0010996139608323,0.0001569515443406,0.99874347448349,0.9976438879966736,True,22.728574106752877,robust_percentile_fallback,23.022627278719504,data_driven_global_percentile_thresholds,CASTILLA,30.277802329613817,data_driven_batch_percentile_thresholds,69.72219767038618,False
1060,2025-12-11 12:17:32,2025-12-11 12:18:31,CASTILLA,CASTILLA,CASTILLA,0.9996082186698914,0.0002803371462505,0.0001114690385293,0.9996082186698914,0.9993278980255128,True,23.562984958778152,robust_percentile_fallback,22.000445975459357,data_driven_global_percentile_thresholds,CASTILLA,29.574617959775992,data_driven_batch_percentile_thresholds,70.42538204022401,False
1061,2025-12-11 12:18:32,2025-12-11 12:19:31,CASTILLA,CASTILLA,CASTILLA,0.999239444732666,0.0006363444263115,0.0001242109574377,0.999239444732666,0.998603105545044,True,23.803142628854697,robust_percentile_fallback,24.38204240969686,data_driven_global_percentile_thresholds,CASTILLA,29.134214505850533,data_driven_batch_percentile_thresholds,70.86578549414946,False
1062,2025-12-11 12:19:32,2025-12-11 12:20:31,CASTILLA,CASTILLA,CASTILLA,0.9995352029800416,0.0003525430220179,0.0001123223482863,0.9995352029800416,0.9991826415061952,True,23.12597704206893,robust_percentile_fallback,21.61002081839454,data_driven_global_percentile_thresholds,CASTILLA,27.44139767355408,data_driven_batch_percentile_thresholds,72.55860232644592,False
1063,2025-12-11 12:20:32,2025-12-11 12:21:31,CASTILLA,CASTILLA,CASTILLA,0.9995124340057372,0.0003692840691655,0.0001182656560558,0.9995124340057372,0.999143123626709,True,23.163593202249515,robust_percentile_fallback,22.717468958689302,data_driven_global_percentile_thresholds,CASTILLA,31.55342071086909,data_driven_batch_percentile_thresholds,68.44657928913091,False
1064,2025-12-11 12:21:32,2025-12-11 12:22:31,CASTILLA,CASTILLA,CASTILLA,0.9995903372764589,0.0002980658609885,0.0001115928753279,0.9995903372764589,0.999292254447937,True,23.72132741398412,robust_percentile_fallback,22.65495664392557,data_driven_global_percentile_thresholds,CASTILLA,32.87164835324838,data_driven_batch_percentile_thresholds,67.12835164675161,False
1065,2025-12-11 12:22:32,2025-12-11 12:23:31,CASTILLA,CASTILLA,CASTILLA,0.9994040727615356,0.0004415480943862,0.0001544362457934,0.9994040727615356,0.9989625215530396,True,23.728540022962992,robust_percentile_fallback,24.45409646127116,data_driven_global_percentile_thresholds,CASTILLA,35.03146917857826,data_driven_batch_percentile_thresholds,64.96853082142174,False
1066,2025-12-11 12:23:32,2025-12-11 12:24:31,CASTILLA,CASTILLA,CASTILLA,0.9995964169502258,0.0002893368364311,0.0001142622568295,0.9995964169502258,0.999307096004486,True,24.36570227185338,robust_percentile_fallback,24.13779453539205,data_driven_global_percentile_thresholds,CASTILLA,34.870072240158514,data_driven_batch_percentile_thresholds,65.12992775984148,False
1067,2025-12-11 12:24:32,2025-12-11 12:25:31,CASTILLA,CASTILLA,CASTILLA,0.999627947807312,0.0002561442670412,0.0001159276725957,0.999627947807312,0.9993718266487122,True,24.932504504332623,robust_percentile_fallback,24.27777737240716,data_driven_global_percentile_thresholds,CASTILLA,36.09749229649144,data_driven_batch_percentile_thresholds,63.90250770350856,False
1068,2025-12-11 12:25:32,2025-12-11 12:26:31,CASTILLA,CASTILLA,CASTILLA,0.9995827078819276,0.0002895368670579,0.0001278010167879,0.9995827078819276,0.9992931485176086,True,24.070780341904413,robust_percentile_fallback,23.63662732842964,data_driven_global_percentile_thresholds,CASTILLA,35.48461978051596,data_driven_batch_percentile_thresholds,64.51538021948403,False
1069,2025-12-11 12:26:32,2025-12-11 12:27:31,CASTILLA,CASTILLA,CASTILLA,0.9995777010917664,0.0002814040053635,0.0001408853568136,0.9995777010917664,0.9992963075637816,True,24.007103023652817,robust_percentile_fallback,23.63512952314102,data_driven_global_percentile_thresholds,CASTILLA,33.99677056727164,data_driven_batch_percentile_thresholds,66.00322943272836,False
1070,2025-12-11 12:27:32,2025-12-11 12:28:31,CASTILLA,CASTILLA,CASTILLA,0.9994781613349916,0.0003755604848265,0.0001462676009396,0.9994781613349916,0.9991025924682616,True,23.99777468702052,robust_percentile_fallback,23.773390071049235,data_driven_global_percentile_thresholds,CASTILLA,33.99590495161534,data_driven_batch_percentile_thresholds,66.00409504838467,False
1071,2025-12-11 12:28:32,2025-12-11 12:29:31,CASTILLA,CASTILLA,CASTILLA,0.999251663684845,0.0006335491780191,0.0001147433140431,0.999251663684845,0.9986181259155272,True,23.595506734237944,robust_percentile_fallback,23.52260834134585,data_driven_global_percentile_thresholds,CASTILLA,33.8894554048876,data_driven_batch_percentile_thresholds,66.1105445951124,False
1072,2025-12-11 12:29:32,2025-12-11 12:30:31,CASTILLA,CASTILLA,CASTILLA,0.999541163444519,0.0003451425291132,0.0001137593862949,0.999541163444519,0.9991959929466248,True,23.71404317098892,robust_percentile_fallback,23.141007782636613,data_driven_global_percentile_thresholds,CASTILLA,32.36419893054676,data_driven_batch_percentile_thresholds,67.63580106945324,False
1073,2025-12-11 12:30:32,2025-12-11 12:31:31,CASTILLA,CASTILLA,CASTILLA,0.9990344047546388,0.0008472280460409,0.0001183844069601,0.9990344047546388,0.9981871843338012,True,23.694428668181096,robust_percentile_fallback,23.48841359850004,data_driven_global_percentile_thresholds,CASTILLA,31.56578544622381,data_driven_batch_percentile_thresholds,68.43421455377619,False
1074,2025-12-11 12:31:32,2025-12-11 12:32:31,CASTILLA,CASTILLA,CASTILLA,0.9994587302207948,0.0003953059785999,0.0001459637715015,0.9994587302207948,0.9990634322166444,True,22.700708231141185,robust_percentile_fallback,22.34067210233394,data_driven_global_percentile_thresholds,CASTILLA,29.97345783224526,data_driven_batch_percentile_thresholds,70.02654216775474,False
1075,2025-12-11 12:32:32,2025-12-11 12:33:31,CASTILLA,CASTILLA,CASTILLA,0.9995583891868592,0.0003215435426682,0.0001200964834424,0.9995583891868592,0.999236822128296,True,24.490108974126347,robust_percentile_fallback,24.321487187679423,data_driven_global_percentile_thresholds,CASTILLA,34.224900424664554,data_driven_batch_percentile_thresholds,65.77509957533545,False
1076,2025-12-11 12:33:32,2025-12-11 12:34:31,CASTILLA,CASTILLA,CASTILLA,0.999519109725952,0.0003581878845579,0.0001226541498908,0.999519109725952,0.9991609454154968,True,22.860917162639534,robust_percentile_fallback,22.44288227531654,data_driven_global_percentile_thresholds,CASTILLA,28.77864951802862,data_driven_batch_percentile_thresholds,71.22135048197138,False
1077,2025-12-11 12:34:32,2025-12-11 12:35:31,CASTILLA,CASTILLA,CASTILLA,0.9994940757751464,0.0003951961407437,0.0001106579584302,0.9994940757751464,0.9990988969802856,True,22.73988258196523,robust_percentile_fallback,22.737736041758133,data_driven_global_percentile_thresholds,CASTILLA,28.22977019644692,data_driven_batch_percentile_thresholds,71.77022980355308,False
1078,2025-12-11 12:35:32,2025-12-11 12:36:31,CASTILLA,CASTILLA,CASTILLA,0.999563992023468,0.0003225200925953,0.0001134810227085,0.999563992023468,0.9992414712905884,True,23.97543602158344,robust_percentile_fallback,24.15230742749436,data_driven_global_percentile_thresholds,CASTILLA,28.28173656808513,data_driven_batch_percentile_thresholds,71.71826343191486,False
1079,2025-12-11 12:36:32,2025-12-11 12:37:31,CASTILLA,CASTILLA,CASTILLA,0.9986361861228944,0.0011962229618802,0.000167524209246,0.9986361861228944,0.997439980506897,True,23.215614704420897,robust_percentile_fallback,23.708030533370405,data_driven_global_percentile_thresholds,CASTILLA,26.782244023487188,data_driven_batch_percentile_thresholds,73.21775597651282,False
1080,2025-12-11 12:37:32,2025-12-11 12:38:31,CASTILLA,CASTILLA,CASTILLA,0.9827002286911012,0.0166724696755409,0.0006272721220739,0.9827002286911012,0.9660277366638184,True,22.1590812730622,robust_percentile_fallback,22.16061815249209,data_driven_global_percentile_thresholds,CASTILLA,24.29660901893232,data_driven_batch_percentile_thresholds,75.70339098106768,False
1081,2025-12-11 12:38:32,2025-12-11 12:39:31,CASTILLA,CASTILLA,CASTILLA,0.9986565113067628,0.0012237533228471,0.0001197605088236,0.9986565113067628,0.9974327683448792,True,22.241993464335124,robust_percentile_fallback,21.905373390950807,data_driven_global_percentile_thresholds,CASTILLA,22.098689662518456,data_driven_batch_percentile_thresholds,77.90131033748155,False
1082,2025-12-11 12:39:32,2025-12-11 12:40:31,CASTILLA,CASTILLA,CASTILLA,0.9995321035385132,0.0003408902848605,0.0001269695640075,0.9995321035385132,0.9991912245750428,True,23.10693603868384,robust_percentile_fallback,22.81189651961976,data_driven_global_percentile_thresholds,CASTILLA,25.13486851077479,data_driven_batch_percentile_thresholds,74.8651314892252,False
1083,2025-12-11 12:40:32,2025-12-11 12:41:31,CASTILLA,CASTILLA,CASTILLA,0.9994176626205444,0.0004627915041055,0.0001196045705,0.9994176626205444,0.9989548921585084,True,22.718693477873227,robust_percentile_fallback,23.158375741479432,data_driven_global_percentile_thresholds,CASTILLA,25.53849457243733,data_driven_batch_percentile_thresholds,74.46150542756267,False
1084,2025-12-11 12:41:32,2025-12-11 12:42:31,CASTILLA,CASTILLA,CASTILLA,0.9993390440940856,0.0005103393923491,0.0001505520049249,0.9993390440940856,0.9988287091255188,True,23.48076015743537,robust_percentile_fallback,24.65207843099167,data_driven_global_percentile_thresholds,CASTILLA,26.919922110504963,data_driven_batch_percentile_thresholds,73.08007788949504,False
1085,2025-12-11 12:42:32,2025-12-11 12:43:31,CASTILLA,CASTILLA,CASTILLA,0.999495267868042,0.0003925108467228,0.0001122341418522,0.999495267868042,0.999102771282196,True,21.82603966341723,robust_percentile_fallback,21.32236511761831,data_driven_global_percentile_thresholds,CASTILLA,23.569639982582743,data_driven_batch_percentile_thresholds,76.43036001741726,False
1086,2025-12-11 12:43:32,2025-12-11 12:44:31,CASTILLA,CASTILLA,CASTILLA,0.9994555115699768,0.0004218890389893,0.0001226078602485,0.9994555115699768,0.9990336298942566,True,22.570668875866826,robust_percentile_fallback,23.83857307031019,data_driven_global_percentile_thresholds,CASTILLA,24.65943350693092,data_driven_batch_percentile_thresholds,75.34056649306908,False
1087,2025-12-11 12:44:32,2025-12-11 12:45:31,CASTILLA,CASTILLA,CASTILLA,0.9994755387306212,0.0004054261662531,0.0001190560142276,0.9994755387306212,0.9990701079368592,True,23.37904274451057,robust_percentile_fallback,22.645030692637626,data_driven_global_percentile_thresholds,CASTILLA,26.005196522834503,data_driven_batch_percentile_thresholds,73.9948034771655,False
1088,2025-12-11 12:45:32,2025-12-11 12:46:31,CASTILLA,CASTILLA,CASTILLA,0.998624324798584,0.000956303672865,0.0004194064822513,0.998624324798584,0.9976680278778076,True,22.40621656905588,robust_percentile_fallback,22.535727621344588,data_driven_global_percentile_thresholds,CASTILLA,25.904125331488903,data_driven_batch_percentile_thresholds,74.0958746685111,False
1089,2025-12-11 12:46:32,2025-12-11 12:47:31,CASTILLA,CASTILLA,CASTILLA,0.9995238780975342,0.0003637506160885,0.0001123869806178,0.9995238780975342,0.99916011095047,True,22.70786016835496,robust_percentile_fallback,21.62362148664645,data_driven_global_percentile_thresholds,CASTILLA,24.342028450845767,data_driven_batch_percentile_thresholds,75.65797154915424,False
1090,2025-12-11 12:47:32,2025-12-11 12:48:31,CASTILLA,CASTILLA,CASTILLA,0.9994863271713256,0.0002693684073165,0.0002443361154291,0.9994863271713256,0.9992169737815856,True,22.901662727929985,robust_percentile_fallback,21.4514122369116,data_driven_global_percentile_thresholds,CASTILLA,25.939346951211476,data_driven_batch_percentile_thresholds,74.06065304878852,False
1091,2025-12-11 12:48:32,2025-12-11 12:49:31,CASTILLA,CASTILLA,CASTILLA,0.9996206760406494,0.00026399208582,0.0001152779223048,0.9996206760406494,0.9993566870689392,True,23.088448887740714,robust_percentile_fallback,21.746228418425662,data_driven_global_percentile_thresholds,CASTILLA,23.28916651712908,data_driven_batch_percentile_thresholds,76.71083348287092,False
1092,2025-12-11 12:49:32,2025-12-11 12:50:31,CASTILLA,CASTILLA,CASTILLA,0.9995595812797546,0.0003250395529903,0.0001154194906121,0.9995595812797546,0.9992345571517944,True,23.46591180713578,robust_percentile_fallback,21.50692695765154,data_driven_global_percentile_thresholds,CASTILLA,27.839152164264814,data_driven_batch_percentile_thresholds,72.16084783573518,False
1093,2025-12-11 12:50:32,2025-12-11 12:51:31,CASTILLA,CASTILLA,CASTILLA,0.9995156526565552,0.0003631322470027,0.0001212587521877,0.9995156526565552,0.9991525411605836,True,24.2283578046556,robust_percentile_fallback,23.07581963627821,data_driven_global_percentile_thresholds,CASTILLA,30.14058008126999,data_driven_batch_percentile_thresholds,69.85941991873001,False
1094,2025-12-11 12:51:32,2025-12-11 12:52:31,CASTILLA,CASTILLA,CASTILLA,0.9996349811553956,0.000247898773523,0.0001170963005279,0.9996349811553956,0.9993870854377748,True,23.5809287121329,robust_percentile_fallback,22.45178760541107,data_driven_global_percentile_thresholds,CASTILLA,29.240207510508515,data_driven_batch_percentile_thresholds,70.75979248949149,False
1095,2025-12-11 12:52:32,2025-12-11 12:53:31,CASTILLA,CASTILLA,CASTILLA,0.9995480179786682,0.0003416753897909,0.0001102491078199,0.9995480179786682,0.9992063641548156,True,24.477482464206822,robust_percentile_fallback,23.098700375335707,data_driven_global_percentile_thresholds,CASTILLA,31.66701502196241,data_driven_batch_percentile_thresholds,68.33298497803759,False
1096,2025-12-11 12:53:32,2025-12-11 12:54:31,CASTILLA,CASTILLA,CASTILLA,0.9994530081748962,0.0004143316473346,0.0001326406782027,0.9994530081748962,0.9990386962890624,True,25.16004668919465,robust_percentile_fallback,26.32611356412309,data_driven_global_percentile_thresholds,CASTILLA,39.101659061361886,data_driven_batch_percentile_thresholds,60.898340938638114,False
1097,2025-12-11 12:54:32,2025-12-11 12:55:31,CASTILLA,CASTILLA,CASTILLA,0.9994807839393616,0.0003779176622629,0.0001413836580468,0.9994807839393616,0.9991028904914856,True,24.314587536704057,robust_percentile_fallback,22.75997793815847,data_driven_global_percentile_thresholds,CASTILLA,32.59442664193844,data_driven_batch_percentile_thresholds,67.40557335806156,False
1098,2025-12-11 12:55:32,2025-12-11 12:56:31,CASTILLA,CASTILLA,CASTILLA,0.999357044696808,0.0005033526103943,0.0001396071893395,0.999357044696808,0.9988536834716796,True,25.298796654312447,robust_percentile_fallback,25.526212530648117,data_driven_global_percentile_thresholds,CASTILLA,36.626308894457786,data_driven_batch_percentile_thresholds,63.373691105542214,False
1099,2025-12-11 12:56:32,2025-12-11 12:57:31,CASTILLA,CASTILLA,CASTILLA,0.9994589686393738,0.0004004199872724,0.0001406591909471,0.9994589686393738,0.9990585446357728,True,25.31776879114452,robust_percentile_fallback,25.920659722890885,data_driven_global_percentile_thresholds,CASTILLA,35.28114945422305,data_driven_batch_percentile_thresholds,64.71885054577695,False
1100,2025-12-11 12:57:32,2025-12-11 12:58:31,CASTILLA,CASTILLA,CASTILLA,0.9994934797286988,0.0003789431066252,0.0001275748072657,0.9994934797286988,0.9991145133972168,True,25.15724730341216,robust_percentile_fallback,25.653686675829093,data_driven_global_percentile_thresholds,CASTILLA,39.54522841469969,data_driven_batch_percentile_thresholds,60.45477158530031,False
1101,2025-12-11 12:58:32,2025-12-11 12:59:31,CASTILLA,CASTILLA,CASTILLA,0.9993446469306946,0.0004957679775543,0.0001596080110175,0.9993446469306946,0.9988488554954528,True,25.4598735037972,robust_percentile_fallback,25.45015402481527,data_driven_global_percentile_thresholds,CASTILLA,38.15992756481704,data_driven_batch_percentile_thresholds,61.84007243518296,False
1102,2025-12-11 12:59:32,2025-12-11 13:00:31,CASTILLA,CASTILLA,CASTILLA,0.9996398687362672,0.0002506719902157,0.0001094597319024,0.9996398687362672,0.9993891716003418,True,24.146586123198617,robust_percentile_fallback,23.28576616404471,data_driven_global_percentile_thresholds,CASTILLA,33.83873446298057,data_driven_batch_percentile_thresholds,66.16126553701943,False
1103,2025-12-11 13:00:32,2025-12-11 13:01:31,CASTILLA,CASTILLA,CASTILLA,0.9996108412742616,0.0002800054498948,0.0001091302037821,0.9996108412742616,0.9993308186531068,True,25.102729000149456,robust_percentile_fallback,24.302352622033567,data_driven_global_percentile_thresholds,CASTILLA,35.49452860729411,data_driven_batch_percentile_thresholds,64.50547139270589,False
1104,2025-12-11 13:01:32,2025-12-11 13:02:31,CASTILLA,CASTILLA,CASTILLA,0.9990819692611694,0.0007604224956594,0.0001575588394189,0.9990819692611694,0.998321533203125,True,25.55514391889192,robust_percentile_fallback,25.66608597238467,data_driven_global_percentile_thresholds,CASTILLA,37.20261058547717,data_driven_batch_percentile_thresholds,62.79738941452283,False
1105,2025-12-11 13:02:32,2025-12-11 13:03:31,CASTILLA,CASTILLA,CASTILLA,0.9996798038482666,0.0002076711098197,0.0001125295675592,0.9996798038482666,0.9994721412658693,True,23.37239946652209,robust_percentile_fallback,21.604416076319204,data_driven_global_percentile_thresholds,CASTILLA,29.55325144026664,data_driven_batch_percentile_thresholds,70.44674855973336,False
1106,2025-12-11 13:03:32,2025-12-11 13:04:31,CASTILLA,CASTILLA,CASTILLA,0.9990496039390564,0.0007512476295232,0.0001991012395592,0.9990496039390564,0.9982983469963074,True,24.60392658946744,robust_percentile_fallback,23.79742076563809,data_driven_global_percentile_thresholds,CASTILLA,36.78951793127008,data_driven_batch_percentile_thresholds,63.21048206872992,False
1107,2025-12-11 13:04:32,2025-12-11 13:05:31,CASTILLA,CASTILLA,CASTILLA,0.9990986585617064,0.0006925627239979,0.0002088027249556,0.9990986585617064,0.9984061121940612,True,24.013103339268408,robust_percentile_fallback,22.613982567279308,data_driven_global_percentile_thresholds,CASTILLA,31.925166034635662,data_driven_batch_percentile_thresholds,68.07483396536433,False
1108,2025-12-11 13:05:32,2025-12-11 13:06:31,CASTILLA,CASTILLA,CASTILLA,0.9989690780639648,0.0008319919579662,0.0001989781449083,0.9989690780639648,0.9981370568275452,True,25.18805922931177,robust_percentile_fallback,25.12463062902592,data_driven_global_percentile_thresholds,CASTILLA,35.89199148970311,data_driven_batch_percentile_thresholds,64.10800851029688,False
1109,2025-12-11 13:06:32,2025-12-11 13:07:31,CASTILLA,CASTILLA,CASTILLA,0.998856782913208,0.0008893772028386,0.0002538408152759,0.998856782913208,0.9979674220085144,True,24.27496396616904,robust_percentile_fallback,23.3421839519871,data_driven_global_percentile_thresholds,CASTILLA,35.93751218640815,data_driven_batch_percentile_thresholds,64.06248781359184,False
1110,2025-12-11 13:07:32,2025-12-11 13:08:31,CASTILLA,CASTILLA,CASTILLA,0.999461829662323,0.0003656648041214,0.0001725235924823,0.999461829662323,0.999096155166626,True,24.19661456192101,robust_percentile_fallback,22.581961998162527,data_driven_global_percentile_thresholds,CASTILLA,31.6272881003902,data_driven_batch_percentile_thresholds,68.3727118996098,False
1111,2025-12-11 13:08:32,2025-12-11 13:09:31,CASTILLA,CASTILLA,CASTILLA,0.9996510744094848,0.0002322370419278,0.000116699746286,0.9996510744094848,0.99941885471344,True,25.28360374060473,robust_percentile_fallback,23.88928092704805,data_driven_global_percentile_thresholds,CASTILLA,34.496523923613005,data_driven_batch_percentile_thresholds,65.50347607638699,False
1112,2025-12-11 13:09:32,2025-12-11 13:10:31,CASTILLA,CASTILLA,CASTILLA,0.9995818734169006,0.0002827731659635,0.0001354022679151,0.9995818734169006,0.9992991089820862,True,23.76694668220252,robust_percentile_fallback,20.95831100313617,data_driven_global_percentile_thresholds,CASTILLA,29.79815079638176,data_driven_batch_percentile_thresholds,70.20184920361824,False
1113,2025-12-11 13:10:32,2025-12-11 13:11:31,CASTILLA,CASTILLA,CASTILLA,0.9995681643486024,0.0002947339962702,0.0001370415557175,0.9995681643486024,0.999273419380188,True,24.11834710304991,robust_percentile_fallback,21.90722897437544,data_driven_global_percentile_thresholds,CASTILLA,31.063511791371347,data_driven_batch_percentile_thresholds,68.93648820862865,False
1114,2025-12-11 13:11:32,2025-12-11 13:12:31,CASTILLA,CASTILLA,CASTILLA,0.9994472861289978,0.0002292149147251,0.0003234844480175,0.9994472861289978,0.9991238117218018,True,24.203336091097466,robust_percentile_fallback,20.91707709495694,data_driven_global_percentile_thresholds,CASTILLA,28.99754870065064,data_driven_batch_percentile_thresholds,71.00245129934936,False
1115,2025-12-11 13:12:32,2025-12-11 13:13:31,CASTILLA,CASTILLA,CASTILLA,0.9995167255401612,0.0002991501823998,0.0001840873010223,0.9995167255401612,0.9992175698280334,True,24.08738817084464,robust_percentile_fallback,20.470576941303413,data_driven_global_percentile_thresholds,CASTILLA,30.893505596214396,data_driven_batch_percentile_thresholds,69.1064944037856,False
1116,2025-12-11 13:13:32,2025-12-11 13:14:31,CASTILLA,CASTILLA,CASTILLA,0.999305009841919,0.0003167164395563,0.0003782957792282,0.999305009841919,0.9989266991615297,True,24.358151069198165,robust_percentile_fallback,21.11129075966367,data_driven_global_percentile_thresholds,CASTILLA,33.84478766593014,data_driven_batch_percentile_thresholds,66.15521233406986,False
1117,2025-12-11 13:14:32,2025-12-11 13:15:31,CASTILLA,CASTILLA,CASTILLA,0.9995604157447816,0.0001453167642466,0.0002942475257441,0.9995604157447816,0.9992661476135254,True,23.8170076800747,robust_percentile_fallback,20.86560024761117,data_driven_global_percentile_thresholds,CASTILLA,34.03069730755958,data_driven_batch_percentile_thresholds,65.96930269244042,False
1118,2025-12-11 13:15:32,2025-12-11 13:16:31,CASTILLA,CASTILLA,CASTILLA,0.9989425539970398,0.0005915837828069,0.000465873919893,0.9989425539970398,0.998350977897644,True,24.13114284787319,robust_percentile_fallback,21.58122809679407,data_driven_global_percentile_thresholds,CASTILLA,33.214830129846526,data_driven_batch_percentile_thresholds,66.78516987015348,False
1119,2025-12-11 13:16:32,2025-12-11 13:17:31,CASTILLA,CASTILLA,CASTILLA,0.999168872833252,0.0003787134774029,0.0004524099058471,0.999168872833252,0.9987164735794068,True,22.844871934495444,robust_percentile_fallback,20.544243717327056,data_driven_global_percentile_thresholds,CASTILLA,26.99128440655861,data_driven_batch_percentile_thresholds,73.0087155934414,False
1120,2025-12-11 13:17:32,2025-12-11 13:18:31,CASTILLA,CASTILLA,CASTILLA,0.9993531107902528,0.0003546950756572,0.0002921725681517,0.9993531107902528,0.9989984035491944,True,24.18486008858085,robust_percentile_fallback,22.093663480942883,data_driven_global_percentile_thresholds,CASTILLA,33.59009140474784,data_driven_batch_percentile_thresholds,66.40990859525216,False
1121,2025-12-11 13:18:32,2025-12-11 13:19:31,CASTILLA,CASTILLA,CASTILLA,0.9992808699607848,0.0003616858739405,0.000357477547368,0.9992808699607848,0.9989191889762878,True,24.0124076633342,robust_percentile_fallback,22.13684764702451,data_driven_global_percentile_thresholds,CASTILLA,31.567335526746096,data_driven_batch_percentile_thresholds,68.43266447325391,False
1122,2025-12-11 13:19:32,2025-12-11 13:20:31,CASTILLA,CASTILLA,CASTILLA,0.9993082284927368,0.0003510095120873,0.0003407196782063,0.9993082284927368,0.9989572167396544,True,24.50696743551324,robust_percentile_fallback,22.01026253765941,data_driven_global_percentile_thresholds,CASTILLA,32.5346432686102,data_driven_batch_percentile_thresholds,67.46535673138979,False
1123,2025-12-11 13:20:32,2025-12-11 13:21:31,CASTILLA,CASTILLA,CASTILLA,0.99944406747818,0.0003001297300215,0.0002557393163442,0.99944406747818,0.9991439580917358,True,24.358651322186525,robust_percentile_fallback,22.56161340933888,data_driven_global_percentile_thresholds,CASTILLA,33.0926656477719,data_driven_batch_percentile_thresholds,66.9073343522281,False
1124,2025-12-11 13:21:32,2025-12-11 13:22:31,CASTILLA,CASTILLA,CASTILLA,0.9995803236961364,0.0002994187234435,0.0001202068306156,0.9995803236961364,0.9992809295654296,True,24.15037182152842,robust_percentile_fallback,21.84134286743448,data_driven_global_percentile_thresholds,CASTILLA,32.60981191853858,data_driven_batch_percentile_thresholds,67.39018808146142,False
1125,2025-12-11 13:22:32,2025-12-11 13:23:31,CASTILLA,CASTILLA,CASTILLA,0.9995267391204834,0.0003368650795891,0.0001363639603368,0.9995267391204834,0.9991898536682128,True,23.602965087260447,robust_percentile_fallback,21.41066314552307,data_driven_global_percentile_thresholds,CASTILLA,30.89482245045466,data_driven_batch_percentile_thresholds,69.10517754954535,False
1126,2025-12-11 13:23:32,2025-12-11 13:24:31,CASTILLA,CASTILLA,CASTILLA,0.999226689338684,0.0004361949686426,0.0003371268976479,0.999226689338684,0.9987905025482178,True,24.447696993222404,robust_percentile_fallback,23.108937532214263,data_driven_global_percentile_thresholds,CASTILLA,31.90726659021662,data_driven_batch_percentile_thresholds,68.09273340978338,False
1127,2025-12-11 13:24:32,2025-12-11 13:25:31,CASTILLA,CASTILLA,CASTILLA,0.9991200566291808,0.0004435164446476,0.0004364143242128,0.9991200566291808,0.9986765384674072,True,23.551600350433397,robust_percentile_fallback,21.313325856892675,data_driven_global_percentile_thresholds,CASTILLA,29.184477075872824,data_driven_batch_percentile_thresholds,70.81552292412718,False
1128,2025-12-11 13:25:32,2025-12-11 13:26:31,CASTILLA,CASTILLA,CASTILLA,0.9994577765464784,0.0002866391732823,0.00025554606691,0.9994577765464784,0.9991711378097534,True,24.12590784955656,robust_percentile_fallback,22.308213098637047,data_driven_global_percentile_thresholds,CASTILLA,30.737912265644702,data_driven_batch_percentile_thresholds,69.2620877343553,False
1129,2025-12-11 13:26:32,2025-12-11 13:27:31,CASTILLA,CASTILLA,CASTILLA,0.9991689920425416,0.0005048779421485,0.0003261910460423,0.9991689920425416,0.998664140701294,True,25.081182219646937,robust_percentile_fallback,23.756930941752675,data_driven_global_percentile_thresholds,CASTILLA,34.553234686777856,data_driven_batch_percentile_thresholds,65.44676531322214,False
1130,2025-12-11 13:27:32,2025-12-11 13:28:31,CASTILLA,CASTILLA,CASTILLA,0.9994962215423584,0.0002572489902377,0.0002465281868353,0.9994962215423584,0.9992389678955078,True,23.38628466810099,robust_percentile_fallback,20.68455792388936,data_driven_global_percentile_thresholds,CASTILLA,28.72755336800993,data_driven_batch_percentile_thresholds,71.27244663199008,False
1131,2025-12-11 13:28:32,2025-12-11 13:29:31,CASTILLA,CASTILLA,CASTILLA,0.9992817044258118,0.0003970304387621,0.0003212979063391,0.9992817044258118,0.9988846778869628,True,24.06164358391331,robust_percentile_fallback,21.527717926905687,data_driven_global_percentile_thresholds,CASTILLA,31.67839726747317,data_driven_batch_percentile_thresholds,68.32160273252683,False
1132,2025-12-11 13:29:32,2025-12-11 13:30:31,CASTILLA,CASTILLA,CASTILLA,0.9992215633392334,0.0004174218920525,0.0003609521954786,0.9992215633392334,0.9988041520118712,True,24.11396288514194,robust_percentile_fallback,22.817234754981666,data_driven_global_percentile_thresholds,CASTILLA,31.934933371395797,data_driven_batch_percentile_thresholds,68.0650666286042,False
1133,2025-12-11 13:30:32,2025-12-11 13:31:31,CASTILLA,CASTILLA,CASTILLA,0.9994914531707764,0.0002848932053893,0.0002236815489595,0.9994914531707764,0.99920654296875,True,23.755987354902743,robust_percentile_fallback,22.52304480150711,data_driven_global_percentile_thresholds,CASTILLA,31.930490468864367,data_driven_batch_percentile_thresholds,68.06950953113564,False
1134,2025-12-11 13:31:32,2025-12-11 13:32:31,CASTILLA,CASTILLA,CASTILLA,0.9994200468063354,0.000446873193141,0.0001330807863269,0.9994200468063354,0.9989731907844543,True,25.08748626351508,robust_percentile_fallback,23.692603879297444,data_driven_global_percentile_thresholds,CASTILLA,37.47681216450764,data_driven_batch_percentile_thresholds,62.52318783549236,False
1135,2025-12-11 13:32:32,2025-12-11 13:33:31,CASTILLA,CASTILLA,CASTILLA,0.99934583902359,0.0004592126642819,0.0001949138822965,0.99934583902359,0.9988866448402404,True,24.902036982380267,robust_percentile_fallback,24.927360520126523,data_driven_global_percentile_thresholds,CASTILLA,34.31565089230861,data_driven_batch_percentile_thresholds,65.68434910769139,False
1136,2025-12-11 13:33:32,2025-12-11 13:34:31,CASTILLA,CASTILLA,CASTILLA,0.9993491768836976,0.0004490967839956,0.0002017501101363,0.9993491768836976,0.9989000558853148,True,23.546658214596533,robust_percentile_fallback,23.422998488537385,data_driven_global_percentile_thresholds,CASTILLA,33.84504312521661,data_driven_batch_percentile_thresholds,66.15495687478338,False
1137,2025-12-11 13:34:32,2025-12-11 13:35:31,CASTILLA,CASTILLA,CASTILLA,0.9995576739311218,0.0002968001062981,0.0001455141173209,0.9995576739311218,0.9992609024047852,True,24.598865653158573,robust_percentile_fallback,25.6488687640013,data_driven_global_percentile_thresholds,CASTILLA,36.49461511931779,data_driven_batch_percentile_thresholds,63.50538488068221,False
1138,2025-12-11 13:35:32,2025-12-11 13:36:31,CASTILLA,CASTILLA,CASTILLA,0.9990756511688232,0.0006682989769615,0.0002560581488069,0.9990756511688232,0.9984073638916016,True,24.61081017241864,robust_percentile_fallback,25.15272781231581,data_driven_global_percentile_thresholds,CASTILLA,40.04022348160496,data_driven_batch_percentile_thresholds,59.95977651839504,False
1139,2025-12-11 13:36:32,2025-12-11 13:37:31,CASTILLA,CASTILLA,CASTILLA,0.9993257522583008,0.0004686756583396,0.0002056455996353,0.9993257522583008,0.998857080936432,True,24.4520450304868,robust_percentile_fallback,24.713436444106566,data_driven_global_percentile_thresholds,CASTILLA,38.22520568319097,data_driven_batch_percentile_thresholds,61.77479431680903,False
1140,2025-12-11 13:37:32,2025-12-11 13:38:31,CASTILLA,CASTILLA,CASTILLA,0.9991369843482972,0.0006476614507846,0.0002153277600882,0.9991369843482972,0.9984893202781676,True,24.5681882589215,robust_percentile_fallback,24.795633803686247,data_driven_global_percentile_thresholds,CASTILLA,39.51812257274154,data_driven_batch_percentile_thresholds,60.48187742725846,False
1141,2025-12-11 13:38:32,2025-12-11 13:39:31,CASTILLA,CASTILLA,CASTILLA,0.9991393089294434,0.0006637918413616,0.0001969228615052,0.9991393089294434,0.9984754920005798,True,25.08411196345392,robust_percentile_fallback,25.24646176884013,data_driven_global_percentile_thresholds,CASTILLA,39.25799894401261,data_driven_batch_percentile_thresholds,60.74200105598739,False
1142,2025-12-11 13:39:32,2025-12-11 13:40:31,CASTILLA,CASTILLA,CASTILLA,0.9992437362670898,0.0005461778491735,0.0002100666606565,0.9992437362670898,0.9986975789070128,True,24.68617791179972,robust_percentile_fallback,23.021511153749746,data_driven_global_percentile_thresholds,CASTILLA,36.77080946444934,data_driven_batch_percentile_thresholds,63.22919053555066,False
1143,2025-12-11 13:40:32,2025-12-11 13:41:31,CASTILLA,CASTILLA,CASTILLA,0.9988319277763368,0.0008964338339865,0.0002716090239118,0.9988319277763368,0.9979354739189148,True,24.58916062561213,robust_percentile_fallback,23.37994357938253,data_driven_global_percentile_thresholds,CASTILLA,39.48076043452453,data_driven_batch_percentile_thresholds,60.51923956547547,False
1144,2025-12-11 13:41:32,2025-12-11 13:42:31,CASTILLA,CASTILLA,CASTILLA,0.9987934827804564,0.0009496380807831,0.0002568671770859,0.9987934827804564,0.997843861579895,True,24.8468867334248,robust_percentile_fallback,24.901841704055773,data_driven_global_percentile_thresholds,CASTILLA,40.217400425436985,data_driven_batch_percentile_thresholds,59.782599574563015,False
1145,2025-12-11 13:42:32,2025-12-11 13:43:31,CASTILLA,CASTILLA,CASTILLA,0.9993698000907898,0.0004345276392996,0.0001957467757165,0.9993698000907898,0.9989352822303772,True,25.73682465919455,robust_percentile_fallback,25.54450149486857,data_driven_global_percentile_thresholds,CASTILLA,43.46921204138948,data_driven_batch_percentile_thresholds,56.53078795861052,False
1146,2025-12-11 13:43:32,2025-12-11 13:44:31,CASTILLA,CASTILLA,CASTILLA,0.9991556406021118,0.0006310660974122,0.0002132763911504,0.9991556406021118,0.99852454662323,True,25.6484532202403,robust_percentile_fallback,26.64568223848638,data_driven_global_percentile_thresholds,CASTILLA,42.67580307099535,data_driven_batch_percentile_thresholds,57.32419692900465,False
1147,2025-12-11 13:44:32,2025-12-11 13:45:31,CASTILLA,CASTILLA,CASTILLA,0.9987192153930664,0.0010464584920555,0.0002343653904972,0.9987192153930664,0.9976727366447448,True,25.32957753449535,robust_percentile_fallback,25.39722132737602,data_driven_global_percentile_thresholds,CASTILLA,44.214904668215,data_driven_batch_percentile_thresholds,55.785095331785,False
1148,2025-12-11 13:45:32,2025-12-11 13:46:31,CASTILLA,CASTILLA,CASTILLA,0.9987702965736388,0.0009791100164875,0.0002505673910491,0.9987702965736388,0.9977911710739136,True,25.272398849264768,robust_percentile_fallback,26.351369002054568,data_driven_global_percentile_thresholds,CASTILLA,46.612069347119984,data_driven_batch_percentile_thresholds,53.387930652880016,False
1149,2025-12-11 13:46:32,2025-12-11 13:47:31,CASTILLA,CASTILLA,CASTILLA,0.9987450838088988,0.0009973549749702,0.0002574911923147,0.9987450838088988,0.9977477192878724,True,26.55471454576124,robust_percentile_fallback,28.49553409828344,data_driven_global_percentile_thresholds,CASTILLA,48.822042500818185,data_driven_batch_percentile_thresholds,51.177957499181815,False
1150,2025-12-11 13:47:32,2025-12-11 13:48:31,CASTILLA,CASTILLA,CASTILLA,0.9984914064407348,0.0011740629561245,0.0003344927390571,0.9984914064407348,0.9973173141479492,True,26.65081810883521,robust_percentile_fallback,29.74184735190962,data_driven_global_percentile_thresholds,CASTILLA,49.18041884447048,data_driven_batch_percentile_thresholds,50.81958115552952,False
1151,2025-12-11 13:48:32,2025-12-11 13:49:31,CASTILLA,CASTILLA,CASTILLA,0.9989965558052064,0.0007591565372422,0.0002443093108013,0.9989965558052064,0.998237371444702,True,26.59486677250195,robust_percentile_fallback,30.556139690065617,data_driven_global_percentile_thresholds,CASTILLA,50.24464712358204,data_driven_batch_percentile_thresholds,49.75535287641796,False
1152,2025-12-11 13:49:32,2025-12-11 13:50:31,CASTILLA,CASTILLA,CASTILLA,0.9979670643806458,0.0015968963271006,0.0004359649610705,0.9979670643806458,0.9963701963424684,True,26.935649304466786,robust_percentile_fallback,30.411229131820186,data_driven_global_percentile_thresholds,CASTILLA,51.329990350181774,data_driven_batch_percentile_thresholds,48.670009649818226,False
1153,2025-12-11 13:50:32,2025-12-11 13:51:31,CASTILLA,CASTILLA,CASTILLA,0.998448133468628,0.0012093700934201,0.0003424764727242,0.998448133468628,0.9972387552261353,True,26.61387951616325,robust_percentile_fallback,30.43695721469406,data_driven_global_percentile_thresholds,CASTILLA,51.213511578527886,data_driven_batch_percentile_thresholds,48.786488421472114,False
1154,2025-12-11 13:51:32,2025-12-11 13:52:31,CASTILLA,CASTILLA,CASTILLA,0.9986348748207092,0.0010658323299139,0.0002992901718243,0.9986348748207092,0.9975690245628356,True,26.56170962834269,robust_percentile_fallback,30.141199457706985,data_driven_global_percentile_thresholds,CASTILLA,51.01715761085848,data_driven_batch_percentile_thresholds,48.98284238914152,False
1155,2025-12-11 13:52:32,2025-12-11 13:53:31,CASTILLA,CASTILLA,CASTILLA,0.9988079071044922,0.0009596371673978,0.0002325205132365,0.9988079071044922,0.9978482723236084,True,27.32683366848297,robust_percentile_fallback,30.84935629310051,data_driven_global_percentile_thresholds,CASTILLA,51.09321011653389,data_driven_batch_percentile_thresholds,48.90678988346611,False
1156,2025-12-11 13:53:32,2025-12-11 13:54:31,CASTILLA,CASTILLA,CASTILLA,0.9990549683570862,0.0007486175745725,0.0001964502589544,0.9990549683570862,0.9983063340187072,True,25.84831649552053,robust_percentile_fallback,26.76109610661376,data_driven_global_percentile_thresholds,CASTILLA,45.55001053024485,data_driven_batch_percentile_thresholds,54.44998946975515,False
1160,2025-12-11 13:57:32,2025-12-11 13:58:31,MEZCLA,MEZCLA,MEZCLA,0.0003471300879027,0.9990065693855286,0.0006462868768721,0.9990065693855286,0.998360276222229,True,31.32330138127569,robust_percentile_fallback,46.35917855856555,data_driven_global_percentile_thresholds,MEZCLA,48.38550459163974,data_driven_batch_percentile_thresholds,51.61449540836026,False
1161,2025-12-11 13:58:32,2025-12-11 13:59:31,MEZCLA,MEZCLA,MEZCLA,0.0003237707423977,0.9982200264930724,0.0014561787247657,0.9982200264930724,0.9967638254165648,True,34.88716875400071,robust_percentile_fallback,47.46039413179926,data_driven_global_percentile_thresholds,MEZCLA,48.39366038343568,data_driven_batch_percentile_thresholds,51.60633961656432,False
1162,2025-12-11 13:59:32,2025-12-11 14:00:31,MEZCLA,MEZCLA,MEZCLA,0.0001528174761915,0.9985114932060242,0.0013357086572796,0.9985114932060242,0.9971758127212524,True,33.78605988945048,robust_percentile_fallback,46.35470176626838,data_driven_global_percentile_thresholds,MEZCLA,46.17244612131483,data_driven_batch_percentile_thresholds,53.82755387868517,False
1163,2025-12-11 14:00:32,2025-12-11 14:01:31,MEZCLA,MEZCLA,MEZCLA,0.0001413002028129,0.9989802241325378,0.0008784735691733,0.9989802241325378,0.998101770877838,True,34.82739266357963,robust_percentile_fallback,48.00588957099234,data_driven_global_percentile_thresholds,MEZCLA,47.42376820428521,data_driven_batch_percentile_thresholds,52.57623179571479,False
1164,2025-12-11 14:01:32,2025-12-11 14:02:31,MEZCLA,MEZCLA,MEZCLA,0.0001149042218457,0.9990472197532654,0.000837861909531,0.9990472197532654,0.9982093572616576,True,34.89201696546105,robust_percentile_fallback,46.34184994200704,data_driven_global_percentile_thresholds,MEZCLA,43.58156049410224,data_driven_batch_percentile_thresholds,56.41843950589776,False
1165,2025-12-11 14:02:32,2025-12-11 14:03:31,MEZCLA,MEZCLA,MEZCLA,0.0001197401215904,0.9991724491119384,0.0007078030612319,0.9991724491119384,0.9984646439552308,True,36.030684155713104,robust_percentile_fallback,48.95585130188233,data_driven_global_percentile_thresholds,MEZCLA,45.74714888613085,data_driven_batch_percentile_thresholds,54.25285111386915,False
1166,2025-12-11 14:03:32,2025-12-11 14:04:31,MEZCLA,MEZCLA,MEZCLA,0.0001190999610116,0.998840868473053,0.0010400156024843,0.998840868473053,0.9978008270263672,True,37.52779377778984,robust_percentile_fallback,51.30347751877086,data_driven_global_percentile_thresholds,MEZCLA,46.83976041341262,data_driven_batch_percentile_thresholds,53.16023958658738,False
1167,2025-12-11 14:04:32,2025-12-11 14:05:31,MEZCLA,MEZCLA,MEZCLA,8.227896614698693e-05,0.9993788003921508,0.0005388444988057,0.9993788003921508,0.9988399744033812,True,36.48076603988915,robust_percentile_fallback,49.92378418661773,data_driven_global_percentile_thresholds,MEZCLA,46.29869171035162,data_driven_batch_percentile_thresholds,53.70130828964838,False
1168,2025-12-11 14:05:32,2025-12-11 14:06:31,MEZCLA,MEZCLA,MEZCLA,6.637220940319821e-05,0.9994685053825378,0.0004651314229704,0.9994685053825378,0.9990033507347108,True,36.91312666061562,robust_percentile_fallback,50.47044943142835,data_driven_global_percentile_thresholds,MEZCLA,45.21714560852309,data_driven_batch_percentile_thresholds,54.78285439147691,False
1169,2025-12-11 14:06:32,2025-12-11 14:07:31,MEZCLA,MEZCLA,MEZCLA,6.696180935250595e-05,0.9997797608375548,0.0001532605820102,0.9997797608375548,0.9996265172958374,True,37.808699781193766,robust_percentile_fallback,53.7170624576019,data_driven_global_percentile_thresholds,MEZCLA,47.27105653063196,data_driven_batch_percentile_thresholds,52.72894346936804,False
1170,2025-12-11 14:07:32,2025-12-11 14:08:31,MEZCLA,MEZCLA,MEZCLA,7.257373363245279e-05,0.9994805455207824,0.0004469530831556,0.9994805455207824,0.9990335702896118,True,37.49076361476697,robust_percentile_fallback,51.76325113760328,data_driven_global_percentile_thresholds,MEZCLA,47.05780114072808,data_driven_batch_percentile_thresholds,52.94219885927192,False
1171,2025-12-11 14:08:32,2025-12-11 14:09:31,MEZCLA,MEZCLA,MEZCLA,6.156550807645544e-05,0.9996329545974731,0.0003054891130886,0.9996329545974731,0.9993274807929992,True,38.60299140649587,robust_percentile_fallback,54.28186120650968,data_driven_global_percentile_thresholds,MEZCLA,48.61179382541437,data_driven_batch_percentile_thresholds,51.38820617458563,False
1172,2025-12-11 14:09:32,2025-12-11 14:10:31,MEZCLA,MEZCLA,MEZCLA,6.494017725344747e-05,0.999517560005188,0.0004175489011686,0.999517560005188,0.9991000294685364,True,37.910263762588,robust_percentile_fallback,54.66411222167574,data_driven_global_percentile_thresholds,MEZCLA,47.12982758567212,data_driven_batch_percentile_thresholds,52.87017241432788,False
1173,2025-12-11 14:10:32,2025-12-11 14:11:31,MEZCLA,MEZCLA,MEZCLA,6.843300070613623e-05,0.9995982050895692,0.0003334371431265,0.9995982050895692,0.9992647767066956,True,38.901377839923946,robust_percentile_fallback,56.13194749400216,data_driven_global_percentile_thresholds,MEZCLA,49.28557037595251,data_driven_batch_percentile_thresholds,50.71442962404749,False
1174,2025-12-11 14:11:32,2025-12-11 14:12:31,MEZCLA,MEZCLA,MEZCLA,6.868186028441414e-05,0.999452531337738,0.0004787490179296,0.999452531337738,0.998973786830902,True,37.47213981854174,robust_percentile_fallback,52.92468377975526,data_driven_global_percentile_thresholds,MEZCLA,46.422571908323086,data_driven_batch_percentile_thresholds,53.577428091676914,False
1175,2025-12-11 14:12:32,2025-12-11 14:13:31,MEZCLA,MEZCLA,MEZCLA,8.42778681544587e-05,0.999345362186432,0.0005702923517674,0.999345362186432,0.998775064945221,True,38.61968309000387,robust_percentile_fallback,53.14764122099373,data_driven_global_percentile_thresholds,MEZCLA,49.66924013909082,data_driven_batch_percentile_thresholds,50.33075986090918,False
1176,2025-12-11 14:13:32,2025-12-11 14:14:31,MEZCLA,MEZCLA,MEZCLA,6.332009797915816e-05,0.9995337724685668,0.000402917707106,0.9995337724685668,0.9991308450698853,True,37.87021330614602,robust_percentile_fallback,53.6636499048538,data_driven_global_percentile_thresholds,MEZCLA,46.3760206551769,data_driven_batch_percentile_thresholds,53.6239793448231,False
1177,2025-12-11 14:14:32,2025-12-11 14:15:31,MEZCLA,MEZCLA,MEZCLA,7.246695895446464e-05,0.9997437596321106,0.0001837083400459,0.9997437596321106,0.9995600581169128,True,36.69772729940907,robust_percentile_fallback,49.08995212069958,data_driven_global_percentile_thresholds,MEZCLA,39.786860025823465,data_driven_batch_percentile_thresholds,60.213139974176535,False
1178,2025-12-11 14:15:32,2025-12-11 14:16:31,MEZCLA,MEZCLA,MEZCLA,8.076217636698857e-05,0.9996881484985352,0.0002311558200744,0.9996881484985352,0.9994570016860962,True,36.46188867264853,robust_percentile_fallback,48.6893131878581,data_driven_global_percentile_thresholds,MEZCLA,39.05016985507042,data_driven_batch_percentile_thresholds,60.94983014492958,False
1179,2025-12-11 14:16:32,2025-12-11 14:17:31,MEZCLA,MEZCLA,MEZCLA,7.21770484233275e-05,0.9997119307518004,0.0002158494316972,0.9997119307518004,0.9994961023330688,True,36.0760544320102,robust_percentile_fallback,47.90003545237804,data_driven_global_percentile_thresholds,MEZCLA,37.672087284952106,data_driven_batch_percentile_thresholds,62.327912715047894,False
1180,2025-12-11 14:17:32,2025-12-11 14:18:31,MEZCLA,MEZCLA,MEZCLA,8.45662725623697e-05,0.999624729156494,0.0002907172311097,0.999624729156494,0.9993340373039246,True,36.48813079314199,robust_percentile_fallback,48.97615265360648,data_driven_global_percentile_thresholds,MEZCLA,41.86758469212519,data_driven_batch_percentile_thresholds,58.13241530787481,False
1181,2025-12-11 14:18:32,2025-12-11 14:19:31,MEZCLA,MEZCLA,MEZCLA,7.027642277535051e-05,0.9997405409812928,0.0001891356951091,0.9997405409812928,0.9995514154434204,True,36.28496395501453,robust_percentile_fallback,48.20991979145068,data_driven_global_percentile_thresholds,MEZCLA,39.43000368581902,data_driven_batch_percentile_thresholds,60.56999631418098,False
1182,2025-12-11 14:19:32,2025-12-11 14:20:31,MEZCLA,MEZCLA,MEZCLA,6.695156480418518e-05,0.9998080134391784,0.0001250998757313,0.9998080134391784,0.9996829032897948,True,36.1792929034523,robust_percentile_fallback,48.231418674443184,data_driven_global_percentile_thresholds,MEZCLA,39.6065918330207,data_driven_batch_percentile_thresholds,60.3934081669793,False
1183,2025-12-11 14:20:32,2025-12-11 14:21:31,MEZCLA,MEZCLA,MEZCLA,5.8376772358315066e-05,0.9997939467430116,0.0001477165496908,0.9997939467430116,0.999646246433258,True,36.52089348855226,robust_percentile_fallback,48.4896183219732,data_driven_global_percentile_thresholds,MEZCLA,39.75455291722913,data_driven_batch_percentile_thresholds,60.24544708277087,False
1184,2025-12-11 14:21:32,2025-12-11 14:22:31,MEZCLA,MEZCLA,MEZCLA,7.922536315163597e-05,0.9997724890708924,0.0001483005762565,0.9997724890708924,0.9996241927146912,True,36.08610092191335,robust_percentile_fallback,48.202257583230136,data_driven_global_percentile_thresholds,MEZCLA,39.41965000486144,data_driven_batch_percentile_thresholds,60.58034999513856,False
1185,2025-12-11 14:22:32,2025-12-11 14:23:31,MEZCLA,MEZCLA,MEZCLA,7.420184556394815e-05,0.9996660947799684,0.00025972770527,0.9996660947799684,0.9994063377380372,True,36.9058813487395,robust_percentile_fallback,49.87095921997823,data_driven_global_percentile_thresholds,MEZCLA,43.34076582045476,data_driven_batch_percentile_thresholds,56.65923417954524,False
1186,2025-12-11 14:23:32,2025-12-11 14:24:31,MEZCLA,MEZCLA,MEZCLA,6.534798012580723e-05,0.99982088804245,0.0001137355648097,0.99982088804245,0.9997071623802184,True,36.30864164750141,robust_percentile_fallback,49.79203229669272,data_driven_global_percentile_thresholds,MEZCLA,40.914246823971,data_driven_batch_percentile_thresholds,59.085753176029,False
1187,2025-12-11 14:24:32,2025-12-11 14:25:31,MEZCLA,MEZCLA,MEZCLA,5.89707306062337e-05,0.9998376369476318,0.0001033294902299,0.9998376369476318,0.9997342824935912,True,36.46356450821069,robust_percentile_fallback,50.22989044764848,data_driven_global_percentile_thresholds,MEZCLA,41.621400305627326,data_driven_batch_percentile_thresholds,58.378599694372674,False
1188,2025-12-11 14:25:32,2025-12-11 14:26:31,MEZCLA,MEZCLA,MEZCLA,6.06557478022296e-05,0.9998345375061036,0.0001048352278303,0.9998345375061036,0.9997296929359436,True,36.0637560203924,robust_percentile_fallback,48.23139060126135,data_driven_global_percentile_thresholds,MEZCLA,38.98268867991447,data_driven_batch_percentile_thresholds,61.01731132008553,False
1189,2025-12-11 14:26:32,2025-12-11 14:27:31,MEZCLA,MEZCLA,MEZCLA,6.969620153540745e-05,0.9997984766960144,0.0001318949944106,0.9997984766960144,0.9996665716171264,True,36.42889759331396,robust_percentile_fallback,48.904796510434124,data_driven_global_percentile_thresholds,MEZCLA,41.89668215279265,data_driven_batch_percentile_thresholds,58.10331784720735,False
1190,2025-12-11 14:27:32,2025-12-11 14:28:31,MEZCLA,MEZCLA,MEZCLA,5.428509393823333e-05,0.9998507499694824,9.496669372310862e-05,0.9998507499694824,0.9997557997703552,True,36.24810003345002,robust_percentile_fallback,48.47431272608842,data_driven_global_percentile_thresholds,MEZCLA,39.2392758794604,data_driven_batch_percentile_thresholds,60.7607241205396,False
1191,2025-12-11 14:28:32,2025-12-11 14:29:31,MEZCLA,MEZCLA,MEZCLA,7.552869647042826e-05,0.9997877478599548,0.0001367747026961,0.9997877478599548,0.9996509552001952,True,36.47133862744094,robust_percentile_fallback,48.67193485221853,data_driven_global_percentile_thresholds,MEZCLA,42.63917671575446,data_driven_batch_percentile_thresholds,57.36082328424554,False
1192,2025-12-11 14:29:32,2025-12-11 14:30:31,MEZCLA,MEZCLA,MEZCLA,0.0001108576761907,0.9996683597564696,0.0002207683137385,0.9996683597564696,0.9994475841522216,True,37.27471501566144,robust_percentile_fallback,51.19936894001882,data_driven_global_percentile_thresholds,MEZCLA,44.84550216894313,data_driven_batch_percentile_thresholds,55.15449783105687,False
1193,2025-12-11 14:30:32,2025-12-11 14:31:31,MEZCLA,MEZCLA,MEZCLA,0.0001107440330088,0.9992094039916992,0.0006798026151955,0.9992094039916992,0.998529613018036,True,36.5325539899692,robust_percentile_fallback,50.63652482354424,data_driven_global_percentile_thresholds,MEZCLA,43.65666639941142,data_driven_batch_percentile_thresholds,56.34333360058858,False
1194,2025-12-11 14:31:32,2025-12-11 14:32:31,MEZCLA,MEZCLA,MEZCLA,8.958866237662733e-05,0.9993976354599,0.0005127534968778,0.9993976354599,0.9988848567008972,True,36.67244815375759,robust_percentile_fallback,50.81937000126482,data_driven_global_percentile_thresholds,MEZCLA,44.70864883193898,data_driven_batch_percentile_thresholds,55.29135116806102,False
1195,2025-12-11 14:32:32,2025-12-11 14:33:31,MEZCLA,MEZCLA,MEZCLA,0.0001027919424814,0.9991311430931092,0.0007660577539354,0.9991311430931092,0.9983651041984558,True,37.2232811072835,robust_percentile_fallback,50.11831998158016,data_driven_global_percentile_thresholds,MEZCLA,42.90509595523458,data_driven_batch_percentile_thresholds,57.09490404476542,False
1196,2025-12-11 14:33:32,2025-12-11 14:34:31,MEZCLA,MEZCLA,MEZCLA,0.0001303863537032,0.9992684721946716,0.0006011804798617,0.9992684721946716,0.998667299747467,True,37.110322397686026,robust_percentile_fallback,51.40785264723431,data_driven_global_percentile_thresholds,MEZCLA,46.06636925380114,data_driven_batch_percentile_thresholds,53.93363074619886,False
1197,2025-12-11 14:34:32,2025-12-11 14:35:31,MEZCLA,MEZCLA,MEZCLA,0.0001106735799112,0.9994283318519592,0.0004610126488842,0.9994283318519592,0.9989672899246216,True,37.00931736474185,robust_percentile_fallback,51.11103294044665,data_driven_global_percentile_thresholds,MEZCLA,45.95499169844397,data_driven_batch_percentile_thresholds,54.04500830155603,False
1198,2025-12-11 14:35:32,2025-12-11 14:36:31,MEZCLA,MEZCLA,MEZCLA,7.816764991730452e-05,0.9995079040527344,0.0004139363591093,0.9995079040527344,0.9990939497947692,True,37.09152803109685,robust_percentile_fallback,50.401412787701815,data_driven_global_percentile_thresholds,MEZCLA,45.26149887746818,data_driven_batch_percentile_thresholds,54.73850112253182,False
1199,2025-12-11 14:36:32,2025-12-11 14:37:31,MEZCLA,MEZCLA,MEZCLA,8.01061323727481e-05,0.9994540810585022,0.0004658394027501,0.9994540810585022,0.9989882707595824,True,36.03554167349647,robust_percentile_fallback,47.91083666380343,data_driven_global_percentile_thresholds,MEZCLA,39.93996119580404,data_driven_batch_percentile_thresholds,60.06003880419596,False
1200,2025-12-11 14:37:32,2025-12-11 14:38:31,MEZCLA,MEZCLA,MEZCLA,7.905621896497905e-05,0.9994425177574158,0.0004784402844961,0.9994425177574158,0.9989640712738036,True,35.605879424372674,robust_percentile_fallback,46.19462644178185,data_driven_global_percentile_thresholds,MEZCLA,38.18786457822462,data_driven_batch_percentile_thresholds,61.81213542177538,False
1201,2025-12-11 14:38:32,2025-12-11 14:39:31,MEZCLA,MEZCLA,MEZCLA,8.242196781793609e-05,0.9993187189102172,0.0005988694028928,0.9993187189102172,0.9987198710441588,True,35.589251435524154,robust_percentile_fallback,46.2682978556693,data_driven_global_percentile_thresholds,MEZCLA,39.494625033792765,data_driven_batch_percentile_thresholds,60.505374966207235,False
1202,2025-12-11 14:39:32,2025-12-11 14:40:31,MEZCLA,MEZCLA,MEZCLA,6.732562178513035e-05,0.9997480511665344,0.0001845840452006,0.9997480511665344,0.999563455581665,True,35.340034135750145,robust_percentile_fallback,45.51684524097447,data_driven_global_percentile_thresholds,MEZCLA,37.24498760941006,data_driven_batch_percentile_thresholds,62.75501239058994,False
1203,2025-12-11 14:40:32,2025-12-11 14:41:31,MEZCLA,MEZCLA,MEZCLA,9.30467140278779e-05,0.9994068145751952,0.0005001557874493,0.9994068145751952,0.998906672000885,True,35.315121038089444,robust_percentile_fallback,45.67700794787804,data_driven_global_percentile_thresholds,MEZCLA,37.912543176066286,data_driven_batch_percentile_thresholds,62.087456823933714,False
1204,2025-12-11 14:41:32,2025-12-11 14:42:31,MEZCLA,MEZCLA,MEZCLA,8.354079909622669e-05,0.9994083642959596,0.0005080935079604,0.9994083642959596,0.998900294303894,True,35.51393968324651,robust_percentile_fallback,45.902667811270064,data_driven_global_percentile_thresholds,MEZCLA,37.23332477185566,data_driven_batch_percentile_thresholds,62.76667522814434,False
1205,2025-12-11 14:42:32,2025-12-11 14:43:31,MEZCLA,MEZCLA,MEZCLA,8.138127304846421e-05,0.9995759129524232,0.0003426467301324,0.9995759129524232,0.9992332458496094,True,35.24514913988175,robust_percentile_fallback,45.231608346532845,data_driven_global_percentile_thresholds,MEZCLA,37.98415470335984,data_driven_batch_percentile_thresholds,62.01584529664016,False
1206,2025-12-11 14:43:32,2025-12-11 14:44:31,MEZCLA,MEZCLA,MEZCLA,8.876861829776317e-05,0.999485969543457,0.0004252457874827,0.999485969543457,0.9990607500076294,True,35.81476524319432,robust_percentile_fallback,47.10721902015618,data_driven_global_percentile_thresholds,MEZCLA,39.10000697121918,data_driven_batch_percentile_thresholds,60.89999302878082,False
1207,2025-12-11 14:44:32,2025-12-11 14:45:31,MEZCLA,MEZCLA,MEZCLA,7.676658424315974e-05,0.9995612502098083,0.000361990998499,0.9995612502098083,0.9991992712020874,True,35.246248201451635,robust_percentile_fallback,44.62667604810719,data_driven_global_percentile_thresholds,MEZCLA,35.42313789099482,data_driven_batch_percentile_thresholds,64.57686210900518,False
1208,2025-12-11 14:45:32,2025-12-11 14:46:31,MEZCLA,MEZCLA,MEZCLA,8.965078450273722e-05,0.9995796084403992,0.0003307623264845,0.9995796084403992,0.9992488622665404,True,35.9714162263129,robust_percentile_fallback,46.62443826250252,data_driven_global_percentile_thresholds,MEZCLA,40.27326093392906,data_driven_batch_percentile_thresholds,59.72673906607094,False
1209,2025-12-11 14:46:32,2025-12-11 14:47:31,MEZCLA,MEZCLA,MEZCLA,7.72450803196989e-05,0.999621033668518,0.000301726424368,0.999621033668518,0.999319314956665,True,35.10683370027957,robust_percentile_fallback,44.19827666347509,data_driven_global_percentile_thresholds,MEZCLA,37.336702997942375,data_driven_batch_percentile_thresholds,62.663297002057625,False
1210,2025-12-11 14:47:32,2025-12-11 14:48:31,MEZCLA,MEZCLA,MEZCLA,8.461153629468754e-05,0.9995543360710144,0.0003610331623349,0.9995543360710144,0.99919331073761,True,34.51111484441042,robust_percentile_fallback,43.29946246427692,data_driven_global_percentile_thresholds,MEZCLA,35.90303615045601,data_driven_batch_percentile_thresholds,64.09696384954398,False
1211,2025-12-11 14:48:32,2025-12-11 14:49:31,MEZCLA,MEZCLA,MEZCLA,7.874255970818922e-05,0.999510645866394,0.0004106280393898,0.999510645866394,0.9991000294685364,True,35.57417368064225,robust_percentile_fallback,46.76943170470264,data_driven_global_percentile_thresholds,MEZCLA,38.226585249820985,data_driven_batch_percentile_thresholds,61.773414750179015,False
1212,2025-12-11 14:49:32,2025-12-11 14:50:31,MEZCLA,MEZCLA,MEZCLA,7.821594044798985e-05,0.9995809197425842,0.0003408901684451,0.9995809197425842,0.9992400407791138,True,35.50145687215392,robust_percentile_fallback,45.63884067265394,data_driven_global_percentile_thresholds,MEZCLA,39.898176095643024,data_driven_batch_percentile_thresholds,60.101823904356976,False
1213,2025-12-11 14:50:32,2025-12-11 14:51:31,MEZCLA,MEZCLA,MEZCLA,8.483756391797215e-05,0.9995918869972228,0.000323243177263,0.9995918869972228,0.999268651008606,True,35.24804218347081,robust_percentile_fallback,44.774507686777525,data_driven_global_percentile_thresholds,MEZCLA,35.53190761237808,data_driven_batch_percentile_thresholds,64.46809238762192,False
1214,2025-12-11 14:51:32,2025-12-11 14:52:31,MEZCLA,MEZCLA,MEZCLA,8.673643606016412e-05,0.999420166015625,0.0004930940340273,0.999420166015625,0.9989270567893982,True,35.25347777220072,robust_percentile_fallback,44.456788101194775,data_driven_global_percentile_thresholds,MEZCLA,36.95163613747472,data_driven_batch_percentile_thresholds,63.04836386252528,False
1215,2025-12-11 14:52:32,2025-12-11 14:53:31,MEZCLA,MEZCLA,MEZCLA,6.41785518382676e-05,0.999812662601471,0.0001232354552485,0.999812662601471,0.9996894001960754,True,35.84921934259104,robust_percentile_fallback,46.95169524481516,data_driven_global_percentile_thresholds,MEZCLA,40.45229428295918,data_driven_batch_percentile_thresholds,59.54770571704082,False
1216,2025-12-11 14:53:32,2025-12-11 14:54:31,MEZCLA,MEZCLA,MEZCLA,7.132982136681676e-05,0.9995716214179992,0.0003570918925106,0.9995716214179992,0.99921452999115,True,37.22210263168552,robust_percentile_fallback,50.43411461007558,data_driven_global_percentile_thresholds,MEZCLA,44.31743268551016,data_driven_batch_percentile_thresholds,55.68256731448984,False
1217,2025-12-11 14:54:32,2025-12-11 14:55:31,MEZCLA,MEZCLA,MEZCLA,5.880504977540113e-05,0.9995924830436708,0.0003487313515506,0.9995924830436708,0.9992437362670898,True,35.777171801572926,robust_percentile_fallback,46.28072588736693,data_driven_global_percentile_thresholds,MEZCLA,39.19703135139304,data_driven_batch_percentile_thresholds,60.80296864860696,False
1218,2025-12-11 14:55:32,2025-12-11 14:56:31,MEZCLA,MEZCLA,MEZCLA,7.488254050258547e-05,0.9994567036628724,0.0004683748993556,0.9994567036628724,0.9989883303642272,True,35.234024305612515,robust_percentile_fallback,45.494510916755615,data_driven_global_percentile_thresholds,MEZCLA,38.40591371568527,data_driven_batch_percentile_thresholds,61.59408628431473,False
1219,2025-12-11 14:56:32,2025-12-11 14:57:31,MEZCLA,MEZCLA,MEZCLA,8.023549889912829e-05,0.9995341300964355,0.0003856054099742,0.9995341300964355,0.9991485476493835,True,35.85229603847879,robust_percentile_fallback,46.511912571565546,data_driven_global_percentile_thresholds,MEZCLA,39.816492247517125,data_driven_batch_percentile_thresholds,60.183507752482875,False
1220,2025-12-11 14:57:32,2025-12-11 14:58:31,MEZCLA,MEZCLA,MEZCLA,0.0001134402409661,0.9994850158691406,0.0004015478480141,0.9994850158691406,0.9990834593772888,True,35.558568967158386,robust_percentile_fallback,46.269007994146726,data_driven_global_percentile_thresholds,MEZCLA,40.16583642018298,data_driven_batch_percentile_thresholds,59.83416357981702,False
1221,2025-12-11 14:58:32,2025-12-11 14:59:31,MEZCLA,MEZCLA,MEZCLA,8.008766599232331e-05,0.9994810223579408,0.0004388806410133,0.9994810223579408,0.9990421533584596,True,37.14768852518153,robust_percentile_fallback,50.43648463536309,data_driven_global_percentile_thresholds,MEZCLA,43.4848499907601,data_driven_batch_percentile_thresholds,56.5151500092399,False
1222,2025-12-11 14:59:32,2025-12-11 15:00:31,MEZCLA,MEZCLA,MEZCLA,8.213509136112407e-05,0.999562680721283,0.0003551365807652,0.999562680721283,0.9992075562477112,True,35.06321899501284,robust_percentile_fallback,44.47235457853586,data_driven_global_percentile_thresholds,MEZCLA,35.53090666250711,data_driven_batch_percentile_thresholds,64.4690933374929,False
1223,2025-12-11 15:00:32,2025-12-11 15:01:31,MEZCLA,MEZCLA,MEZCLA,9.734144987305626e-05,0.9994869232177734,0.0004157179791945,0.9994869232177734,0.9990711808204652,True,35.230195403757754,robust_percentile_fallback,44.28727250476673,data_driven_global_percentile_thresholds,MEZCLA,35.84648392652126,data_driven_batch_percentile_thresholds,64.15351607347874,False
1224,2025-12-11 15:01:32,2025-12-11 15:02:31,MEZCLA,MEZCLA,MEZCLA,8.903304114937782e-05,0.9994058609008788,0.0005050760810263,0.9994058609008788,0.9989007711410522,True,34.630130913900864,robust_percentile_fallback,41.89359225412596,data_driven_global_percentile_thresholds,MEZCLA,31.39740052812856,data_driven_batch_percentile_thresholds,68.60259947187144,False
1225,2025-12-11 15:02:32,2025-12-11 15:03:31,MEZCLA,MEZCLA,MEZCLA,0.0001354147098027,0.9990666508674622,0.0007979014189913,0.9990666508674622,0.998268723487854,True,34.41970086673636,robust_percentile_fallback,41.2365486528408,data_driven_global_percentile_thresholds,MEZCLA,28.71042339148428,data_driven_batch_percentile_thresholds,71.28957660851572,False
1226,2025-12-11 15:03:32,2025-12-11 15:04:31,MEZCLA,MEZCLA,MEZCLA,8.214828267227858e-05,0.999536395072937,0.0003815360250882,0.999536395072937,0.9991548657417296,True,33.72096001828149,robust_percentile_fallback,38.80638180932537,data_driven_global_percentile_thresholds,MEZCLA,25.114880013441603,data_driven_batch_percentile_thresholds,74.8851199865584,False
1227,2025-12-11 15:04:32,2025-12-11 15:05:31,MEZCLA,MEZCLA,MEZCLA,0.0001580476236995,0.9989332556724548,0.0009087322396226,0.9989332556724548,0.9980245232582092,True,33.93184676040092,robust_percentile_fallback,38.87598345688675,data_driven_global_percentile_thresholds,MEZCLA,26.681866609898435,data_driven_batch_percentile_thresholds,73.31813339010156,False
1228,2025-12-11 15:05:32,2025-12-11 15:06:31,MEZCLA,MEZCLA,MEZCLA,0.0001582242839504,0.9990745782852172,0.0007671669591218,0.9990745782852172,0.9983074069023132,True,33.974754796203904,robust_percentile_fallback,40.1428841547127,data_driven_global_percentile_thresholds,MEZCLA,29.10703068371958,data_driven_batch_percentile_thresholds,70.89296931628041,False
1229,2025-12-11 15:06:32,2025-12-11 15:07:31,MEZCLA,MEZCLA,MEZCLA,7.611400360474363e-05,0.9995594620704652,0.0003644563257694,0.9995594620704652,0.9991949796676636,True,33.68822123171306,robust_percentile_fallback,38.87144101426452,data_driven_global_percentile_thresholds,MEZCLA,27.15051788509324,data_driven_batch_percentile_thresholds,72.84948211490676,False
1230,2025-12-11 15:07:32,2025-12-11 15:08:31,MEZCLA,MEZCLA,MEZCLA,0.000189525730093,0.9986639022827148,0.0011465530842542,0.9986639022827148,0.9975173473358154,True,33.814150023804274,robust_percentile_fallback,40.11188885898233,data_driven_global_percentile_thresholds,MEZCLA,28.417807374861205,data_driven_batch_percentile_thresholds,71.58219262513879,False
1231,2025-12-11 15:08:32,2025-12-11 15:09:31,MEZCLA,MEZCLA,MEZCLA,0.0001026962781907,0.9994157552719116,0.0004815229040104,0.9994157552719116,0.9989342093467712,True,33.60973675793245,robust_percentile_fallback,38.93358171269416,data_driven_global_percentile_thresholds,MEZCLA,25.66282432816794,data_driven_batch_percentile_thresholds,74.33717567183206,False
1232,2025-12-11 15:09:32,2025-12-11 15:10:31,MEZCLA,MEZCLA,MEZCLA,9.5737814262975e-05,0.9996028542518616,0.0003014623362105,0.9996028542518616,0.9993013739585876,True,34.12666068698009,robust_percentile_fallback,39.971230889906224,data_driven_global_percentile_thresholds,MEZCLA,26.609385037613727,data_driven_batch_percentile_thresholds,73.39061496238628,False
1233,2025-12-11 15:10:32,2025-12-11 15:11:31,MEZCLA,MEZCLA,MEZCLA,9.954300185199828e-05,0.9994385838508606,0.0004618332022801,0.9994385838508606,0.9989767670631408,True,34.220367144295885,robust_percentile_fallback,41.05783652099134,data_driven_global_percentile_thresholds,MEZCLA,31.59538426543547,data_driven_batch_percentile_thresholds,68.40461573456453,False
1234,2025-12-11 15:11:32,2025-12-11 15:12:31,MEZCLA,MEZCLA,MEZCLA,8.631680975668132e-05,0.9995332956314088,0.0003804297593887,0.9995332956314088,0.9991528391838074,True,34.0136219333436,robust_percentile_fallback,39.818930709406665,data_driven_global_percentile_thresholds,MEZCLA,29.37108151568546,data_driven_batch_percentile_thresholds,70.62891848431454,False
1235,2025-12-11 15:12:32,2025-12-11 15:13:31,MEZCLA,MEZCLA,MEZCLA,9.420877177035436e-05,0.9994415640830994,0.0004642582789529,0.9994415640830994,0.9989773035049438,True,32.81105797829235,robust_percentile_fallback,36.442213391205215,data_driven_global_percentile_thresholds,MEZCLA,23.71575084418605,data_driven_batch_percentile_thresholds,76.28424915581395,False
1236,2025-12-11 15:13:32,2025-12-11 15:14:31,MEZCLA,MEZCLA,MEZCLA,0.000106425715785,0.9993996620178224,0.0004938752390444,0.9993996620178224,0.9989057779312134,True,33.07598912076154,robust_percentile_fallback,37.53329113531852,data_driven_global_percentile_thresholds,MEZCLA,25.983368172846983,data_driven_batch_percentile_thresholds,74.01663182715302,False
1237,2025-12-11 15:14:32,2025-12-11 15:15:31,MEZCLA,MEZCLA,MEZCLA,8.413953037234023e-05,0.9997403025627136,0.0001755348494043,0.9997403025627136,0.99956476688385,True,32.5614905285008,robust_percentile_fallback,37.69040023089462,data_driven_global_percentile_thresholds,MEZCLA,23.671815065155336,data_driven_batch_percentile_thresholds,76.32818493484467,False
1238,2025-12-11 15:15:32,2025-12-11 15:16:31,MEZCLA,MEZCLA,MEZCLA,8.41141227283515e-05,0.9997883439064026,0.0001275736285606,0.9997883439064026,0.9996607899665833,True,32.76096904684284,robust_percentile_fallback,37.34896414747111,data_driven_global_percentile_thresholds,MEZCLA,24.633156752145897,data_driven_batch_percentile_thresholds,75.3668432478541,False
1239,2025-12-11 15:16:32,2025-12-11 15:17:31,MEZCLA,MEZCLA,MEZCLA,0.0001048282938427,0.9996845722198486,0.0002105886960634,0.9996845722198486,0.9994739890098572,True,32.470321596491445,robust_percentile_fallback,36.52505888904352,data_driven_global_percentile_thresholds,MEZCLA,22.725154858030603,data_driven_batch_percentile_thresholds,77.2748451419694,False
1240,2025-12-11 15:17:32,2025-12-11 15:18:31,MEZCLA,MEZCLA,MEZCLA,0.0001052401275956,0.9993141889572144,0.0005805355613119,0.9993141889572144,0.998733639717102,True,33.64307059195255,robust_percentile_fallback,39.25073584936491,data_driven_global_percentile_thresholds,MEZCLA,26.08673827707175,data_driven_batch_percentile_thresholds,73.91326172292825,False
1241,2025-12-11 15:18:32,2025-12-11 15:19:31,MEZCLA,MEZCLA,MEZCLA,8.204491314245388e-05,0.999806821346283,0.0001111559176933,0.999806821346283,0.9996956586837769,True,33.24831616519106,robust_percentile_fallback,38.77879285771429,data_driven_global_percentile_thresholds,MEZCLA,27.86404079721597,data_driven_batch_percentile_thresholds,72.13595920278402,False
1242,2025-12-11 15:19:32,2025-12-11 15:20:31,MEZCLA,MEZCLA,MEZCLA,8.02285794634372e-05,0.999757707118988,0.0001620649418327,0.999757707118988,0.9995956420898438,True,32.38256305209947,robust_percentile_fallback,37.094281218612295,data_driven_global_percentile_thresholds,MEZCLA,23.266890495478805,data_driven_batch_percentile_thresholds,76.7331095045212,False
1243,2025-12-11 15:20:32,2025-12-11 15:21:31,MEZCLA,MEZCLA,MEZCLA,6.253786705201492e-05,0.999842405319214,9.505052730673924e-05,0.999842405319214,0.9997473359107972,True,32.874761984229444,robust_percentile_fallback,38.646295391977965,data_driven_global_percentile_thresholds,MEZCLA,25.81567855538309,data_driven_batch_percentile_thresholds,74.18432144461691,False
1244,2025-12-11 15:21:32,2025-12-11 15:22:31,MEZCLA,MEZCLA,MEZCLA,7.321320299524814e-05,0.9997902512550354,0.000136518079671,0.9997902512550354,0.9996537566184998,True,31.798785918278256,robust_percentile_fallback,35.472055153297795,data_driven_global_percentile_thresholds,MEZCLA,20.263017910190392,data_driven_batch_percentile_thresholds,79.7369820898096,False
1245,2025-12-11 15:22:32,2025-12-11 15:23:31,MEZCLA,MEZCLA,MEZCLA,8.704125502845272e-05,0.9997066855430604,0.0002062012936221,0.9997066855430604,0.9995005130767822,True,32.71441175414996,robust_percentile_fallback,37.58450410777024,data_driven_global_percentile_thresholds,MEZCLA,24.59531269458593,data_driven_batch_percentile_thresholds,75.40468730541407,False
1246,2025-12-11 15:23:32,2025-12-11 15:24:31,MEZCLA,MEZCLA,MEZCLA,8.703571802470833e-05,0.9997479319572448,0.0001649887562962,0.9997479319572448,0.9995829463005066,True,32.4459051967245,robust_percentile_fallback,38.12112501633947,data_driven_global_percentile_thresholds,MEZCLA,25.505208917653363,data_driven_batch_percentile_thresholds,74.49479108234664,False
1247,2025-12-11 15:24:32,2025-12-11 15:25:31,MEZCLA,MEZCLA,MEZCLA,8.97280770004727e-05,0.9997307658195496,0.0001795139251044,0.9997307658195496,0.999551236629486,True,34.437549955490525,robust_percentile_fallback,42.44172027458909,data_driven_global_percentile_thresholds,MEZCLA,31.01155952233648,data_driven_batch_percentile_thresholds,68.98844047766352,False
1248,2025-12-11 15:25:32,2025-12-11 15:26:31,MEZCLA,MEZCLA,MEZCLA,7.145143172238022e-05,0.9998045563697816,0.0001240196579601,0.9998045563697816,0.999680519104004,True,33.57951873410824,robust_percentile_fallback,39.34714247404745,data_driven_global_percentile_thresholds,MEZCLA,28.188215412932877,data_driven_batch_percentile_thresholds,71.81178458706712,False
1249,2025-12-11 15:26:32,2025-12-11 15:27:31,MEZCLA,MEZCLA,MEZCLA,6.599922198802233e-05,0.9998466968536376,8.730885747354478e-05,0.9998466968536376,0.9997593760490416,True,33.531588845123835,robust_percentile_fallback,38.336173897249296,data_driven_global_percentile_thresholds,MEZCLA,24.668171494394308,data_driven_batch_percentile_thresholds,75.3318285056057,False
1250,2025-12-11 15:27:32,2025-12-11 15:28:31,MEZCLA,MEZCLA,MEZCLA,8.474352216580883e-05,0.9997462630271912,0.0001690303033683,0.9997462630271912,0.9995772242546082,True,33.67174006894082,robust_percentile_fallback,38.674282700298114,data_driven_global_percentile_thresholds,MEZCLA,26.058767721573297,data_driven_batch_percentile_thresholds,73.9412322784267,False
1251,2025-12-11 15:28:32,2025-12-11 15:29:31,MEZCLA,MEZCLA,MEZCLA,7.447337702615187e-05,0.9998082518577576,0.0001173524942714,0.9998082518577576,0.9996908903121948,True,34.05248266385651,robust_percentile_fallback,39.88204319305412,data_driven_global_percentile_thresholds,MEZCLA,28.57428591631384,data_driven_batch_percentile_thresholds,71.42571408368616,False
1252,2025-12-11 15:29:32,2025-12-11 15:30:31,MEZCLA,MEZCLA,MEZCLA,7.056783942971379e-05,0.9998188614845276,0.0001105905030271,0.9998188614845276,0.9997082948684692,True,33.179726526984915,robust_percentile_fallback,37.74763261014218,data_driven_global_percentile_thresholds,MEZCLA,22.500512894978456,data_driven_batch_percentile_thresholds,77.49948710502154,False
1253,2025-12-11 15:30:32,2025-12-11 15:31:31,MEZCLA,MEZCLA,MEZCLA,0.0001003137149382,0.9997640252113342,0.0001356398279312,0.9997640252113342,0.9996283650398254,True,33.732778517019135,robust_percentile_fallback,38.96784523808904,data_driven_global_percentile_thresholds,MEZCLA,26.85955971258216,data_driven_batch_percentile_thresholds,73.14044028741785,False
1254,2025-12-11 15:31:32,2025-12-11 15:32:31,MEZCLA,MEZCLA,MEZCLA,7.604865822941065e-05,0.9998201727867126,0.0001038391928886,0.9998201727867126,0.999716341495514,True,33.221575857900085,robust_percentile_fallback,39.120185853210366,data_driven_global_percentile_thresholds,MEZCLA,26.392236821403237,data_driven_batch_percentile_thresholds,73.60776317859677,False
1255,2025-12-11 15:32:32,2025-12-11 15:33:31,MEZCLA,MEZCLA,MEZCLA,0.0001147760631283,0.999749481678009,0.0001356955472147,0.999749481678009,0.9996137619018556,True,34.078011755802834,robust_percentile_fallback,40.12462642956898,data_driven_global_percentile_thresholds,MEZCLA,28.04248083239869,data_driven_batch_percentile_thresholds,71.9575191676013,False
1256,2025-12-11 15:33:32,2025-12-11 15:34:31,MEZCLA,MEZCLA,MEZCLA,8.065368456300348e-05,0.999828577041626,9.069607040146366e-05,0.999828577041626,0.9997378587722778,True,33.588459619471145,robust_percentile_fallback,38.86549907851525,data_driven_global_percentile_thresholds,MEZCLA,25.290184278559053,data_driven_batch_percentile_thresholds,74.70981572144095,False
1257,2025-12-11 15:34:32,2025-12-11 15:35:31,MEZCLA,MEZCLA,MEZCLA,5.691491242032498e-05,0.9998657703399658,7.726687181275338e-05,0.9998657703399658,0.9997885227203368,True,33.821685640392424,robust_percentile_fallback,40.6035366596011,data_driven_global_percentile_thresholds,MEZCLA,28.7460508349325,data_driven_batch_percentile_thresholds,71.2539491650675,False
1258,2025-12-11 15:35:32,2025-12-11 15:36:31,MEZCLA,MEZCLA,MEZCLA,6.188444967847317e-05,0.9998332262039183,0.0001048207850544,0.9998332262039183,0.9997283816337584,True,34.14721001101926,robust_percentile_fallback,40.47466389661162,data_driven_global_percentile_thresholds,MEZCLA,29.677020835528264,data_driven_batch_percentile_thresholds,70.32297916447173,False
1259,2025-12-11 15:36:32,2025-12-11 15:37:31,MEZCLA,MEZCLA,MEZCLA,8.132967923302203e-05,0.9998133778572084,0.0001053016312653,0.9998133778572084,0.99970805644989,True,32.706241712377725,robust_percentile_fallback,37.11296757350623,data_driven_global_percentile_thresholds,MEZCLA,22.731430999955972,data_driven_batch_percentile_thresholds,77.26856900004402,False
1260,2025-12-11 15:37:32,2025-12-11 15:38:31,MEZCLA,MEZCLA,MEZCLA,8.834199252305552e-05,0.99973326921463,0.0001783747429726,0.99973326921463,0.9995548725128174,True,33.788927760730786,robust_percentile_fallback,38.82316818594676,data_driven_global_percentile_thresholds,MEZCLA,26.006271186290498,data_driven_batch_percentile_thresholds,73.99372881370951,False
1261,2025-12-11 15:38:32,2025-12-11 15:39:31,MEZCLA,MEZCLA,MEZCLA,7.54894208512269e-05,0.9997997879981996,0.000124728117953,0.9997997879981996,0.9996750354766846,True,32.6452812613161,robust_percentile_fallback,35.77011188738803,data_driven_global_percentile_thresholds,MEZCLA,20.06091887891897,data_driven_batch_percentile_thresholds,79.93908112108103,False
1262,2025-12-11 15:39:32,2025-12-11 15:40:31,MEZCLA,MEZCLA,MEZCLA,0.0001017859249259,0.9997574687004088,0.0001406920928275,0.9997574687004088,0.999616801738739,True,32.36274727311645,robust_percentile_fallback,36.21584192377341,data_driven_global_percentile_thresholds,MEZCLA,21.59210611010625,data_driven_batch_percentile_thresholds,78.40789388989376,False
1263,2025-12-11 15:40:32,2025-12-11 15:41:31,MEZCLA,MEZCLA,MEZCLA,8.683105261297897e-05,0.9997921586036682,0.000120987300761,0.9997921586036682,0.9996711611747742,True,32.83385172586426,robust_percentile_fallback,37.38991307583944,data_driven_global_percentile_thresholds,MEZCLA,24.071307257232867,data_driven_batch_percentile_thresholds,75.92869274276714,False
1264,2025-12-11 15:41:32,2025-12-11 15:42:31,MEZCLA,MEZCLA,MEZCLA,9.018949640449136e-05,0.9996558427810668,0.0002539702400099,0.9996558427810668,0.999401867389679,True,33.89121012991347,robust_percentile_fallback,38.70883160778088,data_driven_global_percentile_thresholds,MEZCLA,26.167382381259607,data_driven_batch_percentile_thresholds,73.83261761874039,False
1265,2025-12-11 15:42:32,2025-12-11 15:43:31,MEZCLA,MEZCLA,MEZCLA,7.21487303962931e-05,0.9998364448547364,9.13830299396068e-05,0.9998364448547364,0.9997450709342957,True,33.79220458203287,robust_percentile_fallback,39.5819404161813,data_driven_global_percentile_thresholds,MEZCLA,28.39764039809321,data_driven_batch_percentile_thresholds,71.60235960190678,False
1266,2025-12-11 15:43:32,2025-12-11 15:44:31,MEZCLA,MEZCLA,MEZCLA,6.758263771189377e-05,0.9997960925102234,0.0001363271003356,0.9997960925102234,0.999659776687622,True,34.95465882812923,robust_percentile_fallback,43.796338781189846,data_driven_global_percentile_thresholds,MEZCLA,36.08374603791391,data_driven_batch_percentile_thresholds,63.91625396208609,False
1267,2025-12-11 15:44:32,2025-12-11 15:45:31,MEZCLA,MEZCLA,MEZCLA,0.0001152007389464,0.9997043013572692,0.0001804211933631,0.9997043013572692,0.9995238780975342,True,34.89448840825052,robust_percentile_fallback,43.6482962040349,data_driven_global_percentile_thresholds,MEZCLA,36.001740645324226,data_driven_batch_percentile_thresholds,63.998259354675774,False
1268,2025-12-11 15:45:32,2025-12-11 15:46:31,MEZCLA,MEZCLA,MEZCLA,9.104083437705413e-05,0.9997517466545104,0.0001571909378981,0.9997517466545104,0.9995945692062378,True,34.01382536274242,robust_percentile_fallback,40.36075765031217,data_driven_global_percentile_thresholds,MEZCLA,29.385170549064306,data_driven_batch_percentile_thresholds,70.6148294509357,False
1269,2025-12-11 15:46:32,2025-12-11 15:47:31,MEZCLA,MEZCLA,MEZCLA,8.14408267615363e-05,0.9997809529304504,0.0001376346335746,0.9997809529304504,0.999643325805664,True,33.76558099292554,robust_percentile_fallback,39.64827360852728,data_driven_global_percentile_thresholds,MEZCLA,28.59470785821856,data_driven_batch_percentile_thresholds,71.40529214178144,False
1270,2025-12-11 15:47:32,2025-12-11 15:48:31,MEZCLA,MEZCLA,MEZCLA,0.0001546688290545,0.9991829991340636,0.0006623461958952,0.9991829991340636,0.9985206723213196,True,34.5681378908702,robust_percentile_fallback,41.63712983324477,data_driven_global_percentile_thresholds,MEZCLA,32.80797751511191,data_driven_batch_percentile_thresholds,67.1920224848881,False
1271,2025-12-11 15:48:32,2025-12-11 15:49:31,MEZCLA,MEZCLA,MEZCLA,0.0001007757455226,0.9994365572929382,0.0004626734007615,0.9994365572929382,0.9989739060401917,True,34.63389255408326,robust_percentile_fallback,41.12883684308634,data_driven_global_percentile_thresholds,MEZCLA,28.7873648804592,data_driven_batch_percentile_thresholds,71.2126351195408,False
1272,2025-12-11 15:49:32,2025-12-11 15:50:31,MEZCLA,MEZCLA,MEZCLA,7.243869185913354e-05,0.9996416568756104,0.0002858564839698,0.9996416568756104,0.9993557929992676,True,34.73908297488101,robust_percentile_fallback,42.66964610209478,data_driven_global_percentile_thresholds,MEZCLA,32.82529529314941,data_driven_batch_percentile_thresholds,67.17470470685059,False
1273,2025-12-11 15:50:32,2025-12-11 15:51:31,MEZCLA,MEZCLA,MEZCLA,8.641658496344462e-05,0.99973863363266,0.0001748845679685,0.99973863363266,0.9995637536048888,True,34.982565325437655,robust_percentile_fallback,42.26448465302654,data_driven_global_percentile_thresholds,MEZCLA,32.49253097684656,data_driven_batch_percentile_thresholds,67.50746902315345,False
1274,2025-12-11 15:51:32,2025-12-11 15:52:31,MEZCLA,MEZCLA,MEZCLA,8.189435175154358e-05,0.9997610449790956,0.0001571066823089,0.9997610449790956,0.9996039271354676,True,33.74635850414603,robust_percentile_fallback,41.00284621357269,data_driven_global_percentile_thresholds,MEZCLA,27.485482081700987,data_driven_batch_percentile_thresholds,72.51451791829902,False
1275,2025-12-11 15:52:32,2025-12-11 15:53:31,MEZCLA,MEZCLA,MEZCLA,6.875085819046944e-05,0.9997422099113464,0.0001890864223241,0.9997422099113464,0.9995531439781188,True,34.75085619925503,robust_percentile_fallback,43.94779465012724,data_driven_global_percentile_thresholds,MEZCLA,36.35897813211352,data_driven_batch_percentile_thresholds,63.64102186788648,False
1276,2025-12-11 15:53:32,2025-12-11 15:54:31,MEZCLA,MEZCLA,MEZCLA,7.996130443643779e-05,0.999584138393402,0.0003358471731189,0.999584138393402,0.9992482662200928,True,34.989894390426514,robust_percentile_fallback,43.97867098772198,data_driven_global_percentile_thresholds,MEZCLA,35.036177971416535,data_driven_batch_percentile_thresholds,64.96382202858346,False
1277,2025-12-11 15:54:32,2025-12-11 15:55:31,MEZCLA,MEZCLA,MEZCLA,7.662529969820753e-05,0.99965500831604,0.000268318952294,0.99965500831604,0.9993866682052612,True,34.33194728596676,robust_percentile_fallback,42.39127196456226,data_driven_global_percentile_thresholds,MEZCLA,33.51404337374962,data_driven_batch_percentile_thresholds,66.48595662625038,False
1278,2025-12-11 15:55:32,2025-12-11 15:56:31,MEZCLA,MEZCLA,MEZCLA,9.236882760887966e-05,0.9994465708732604,0.0004610929172486,0.9994465708732604,0.998985469341278,True,34.20286027983293,robust_percentile_fallback,41.30548681271189,data_driven_global_percentile_thresholds,MEZCLA,31.00695486336959,data_driven_batch_percentile_thresholds,68.99304513663041,False
1279,2025-12-11 15:56:32,2025-12-11 15:57:31,MEZCLA,MEZCLA,MEZCLA,6.606152601307258e-05,0.9997202754020692,0.0002136728580808,0.9997202754020692,0.9995065927505492,True,34.530833051454785,robust_percentile_fallback,43.71898789177952,data_driven_global_percentile_thresholds,MEZCLA,35.437669502691584,data_driven_batch_percentile_thresholds,64.56233049730841,False
1280,2025-12-11 15:57:32,2025-12-11 15:58:31,MEZCLA,MEZCLA,MEZCLA,8.273412095149979e-05,0.9996063113212584,0.0003109913377556,0.9996063113212584,0.9992952942848206,True,34.38663210819689,robust_percentile_fallback,42.13733207549831,data_driven_global_percentile_thresholds,MEZCLA,31.768704193739843,data_driven_batch_percentile_thresholds,68.23129580626016,False
1281,2025-12-11 15:58:32,2025-12-11 15:59:31,MEZCLA,MEZCLA,MEZCLA,5.927361053181812e-05,0.9998156428337096,0.0001251575158676,0.9998156428337096,0.9996904730796814,True,35.02691794095761,robust_percentile_fallback,43.934215932252,data_driven_global_percentile_thresholds,MEZCLA,35.266595488801855,data_driven_batch_percentile_thresholds,64.73340451119815,False
1282,2025-12-11 15:59:32,2025-12-11 16:00:31,MEZCLA,MEZCLA,MEZCLA,9.484637121204288e-05,0.9992870688438416,0.0006180559284985,0.9992870688438416,0.9986690282821656,True,33.5432232344576,robust_percentile_fallback,41.09605496545303,data_driven_global_percentile_thresholds,MEZCLA,30.159178119093006,data_driven_batch_percentile_thresholds,69.84082188090699,False
1283,2025-12-11 16:00:32,2025-12-11 16:01:31,MEZCLA,MEZCLA,MEZCLA,7.098173227859661e-05,0.9996387958526612,0.0002902526175603,0.9996387958526612,0.999348521232605,True,32.7990538876185,robust_percentile_fallback,39.29207335307699,data_driven_global_percentile_thresholds,MEZCLA,25.83269165190489,data_driven_batch_percentile_thresholds,74.1673083480951,False
1284,2025-12-11 16:01:32,2025-12-11 16:02:31,MEZCLA,MEZCLA,MEZCLA,7.979055226314813e-05,0.9997666478157043,0.0001536225026939,0.9997666478157043,0.9996130466461182,True,34.98699459291168,robust_percentile_fallback,43.45974267797116,data_driven_global_percentile_thresholds,MEZCLA,33.401566584823705,data_driven_batch_percentile_thresholds,66.59843341517629,False
1285,2025-12-11 16:02:32,2025-12-11 16:03:31,MEZCLA,MEZCLA,MEZCLA,0.0001050519786076,0.9991499185562134,0.0007450533448718,0.9991499185562134,0.998404860496521,True,34.2656142265036,robust_percentile_fallback,41.312956238980526,data_driven_global_percentile_thresholds,MEZCLA,28.74373877711918,data_driven_batch_percentile_thresholds,71.25626122288082,False
1286,2025-12-11 16:03:32,2025-12-11 16:04:31,MEZCLA,MEZCLA,MEZCLA,0.0001067809862433,0.9993391633033752,0.0005540134152397,0.9993391633033752,0.998785138130188,True,33.91664648747917,robust_percentile_fallback,42.28575539927711,data_driven_global_percentile_thresholds,MEZCLA,33.00148715535645,data_driven_batch_percentile_thresholds,66.99851284464356,False
1287,2025-12-11 16:04:32,2025-12-11 16:05:31,MEZCLA,MEZCLA,MEZCLA,0.0001767065259627,0.9987643957138062,0.0010589194716885,0.9987643957138062,0.9977054595947266,True,35.189354639323604,robust_percentile_fallback,44.24663739167063,data_driven_global_percentile_thresholds,MEZCLA,34.94204845121087,data_driven_batch_percentile_thresholds,65.05795154878913,False
1288,2025-12-11 16:05:32,2025-12-11 16:06:31,MEZCLA,MEZCLA,MEZCLA,8.045216964092106e-05,0.9994909763336182,0.0004285206377971,0.9994909763336182,0.999062478542328,True,35.2721812327526,robust_percentile_fallback,45.53870413457867,data_driven_global_percentile_thresholds,MEZCLA,39.19422723186686,data_driven_batch_percentile_thresholds,60.80577276813314,False
1289,2025-12-11 16:06:32,2025-12-11 16:07:31,MEZCLA,MEZCLA,MEZCLA,8.038404484977946e-05,0.9997395873069764,0.000180010261829,0.9997395873069764,0.9995595812797546,True,33.31620839795947,robust_percentile_fallback,40.97726713630072,data_driven_global_percentile_thresholds,MEZCLA,29.38810170936328,data_driven_batch_percentile_thresholds,70.61189829063672,False
1290,2025-12-11 16:07:32,2025-12-11 16:08:31,MEZCLA,MEZCLA,MEZCLA,0.0001636179222259,0.9993231296539308,0.0005132526275701,0.9993231296539308,0.9988098740577698,True,34.53365992244657,robust_percentile_fallback,44.5281698177745,data_driven_global_percentile_thresholds,MEZCLA,36.73088169253456,data_driven_batch_percentile_thresholds,63.26911830746544,False
1291,2025-12-11 16:08:32,2025-12-11 16:09:31,MEZCLA,MEZCLA,MEZCLA,8.30060089356266e-05,0.9997466206550598,0.0001703305752016,0.9997466206550598,0.9995762705802916,True,34.22488910701559,robust_percentile_fallback,43.38721278890025,data_driven_global_percentile_thresholds,MEZCLA,34.80233478981974,data_driven_batch_percentile_thresholds,65.19766521018026,False
1292,2025-12-11 16:09:32,2025-12-11 16:10:31,MEZCLA,MEZCLA,MEZCLA,8.479708776576445e-05,0.9995294809341432,0.0003857384144794,0.9995294809341432,0.9991437196731568,True,34.06491267789054,robust_percentile_fallback,42.32109549118103,data_driven_global_percentile_thresholds,MEZCLA,30.198504598106936,data_driven_batch_percentile_thresholds,69.80149540189306,False
1293,2025-12-11 16:10:32,2025-12-11 16:11:31,MEZCLA,MEZCLA,MEZCLA,7.346866914303973e-05,0.9993236064910888,0.000602897373028,0.9993236064910888,0.9987207055091858,True,35.13680299777574,robust_percentile_fallback,43.67441883821626,data_driven_global_percentile_thresholds,MEZCLA,34.75562317419083,data_driven_batch_percentile_thresholds,65.24437682580917,False
1294,2025-12-11 16:11:32,2025-12-11 16:12:31,MEZCLA,MEZCLA,MEZCLA,0.0001079008143278,0.9991022348403932,0.0007898574694991,0.9991022348403932,0.9983123540878296,True,34.68142830177637,robust_percentile_fallback,42.23188614994933,data_driven_global_percentile_thresholds,MEZCLA,30.95437400930332,data_driven_batch_percentile_thresholds,69.04562599069668,False
1295,2025-12-11 16:12:32,2025-12-11 16:13:31,MEZCLA,MEZCLA,MEZCLA,6.730075256200507e-05,0.9996856451034546,0.000247017131187,0.9996856451034546,0.9994386434555054,True,35.240996819345135,robust_percentile_fallback,44.68658159968462,data_driven_global_percentile_thresholds,MEZCLA,35.166285014709565,data_driven_batch_percentile_thresholds,64.83371498529044,False
1296,2025-12-11 16:13:32,2025-12-11 16:14:31,MEZCLA,MEZCLA,MEZCLA,7.828712841728702e-05,0.9991795420646667,0.000742181262467,0.9991795420646667,0.9984373450279236,True,34.806872863447964,robust_percentile_fallback,42.835790386557946,data_driven_global_percentile_thresholds,MEZCLA,32.724683130818384,data_driven_batch_percentile_thresholds,67.27531686918161,False
1297,2025-12-11 16:14:32,2025-12-11 16:15:31,MEZCLA,MEZCLA,MEZCLA,6.92183239152655e-05,0.9993595480918884,0.0005712129641324,0.9993595480918884,0.998788356781006,True,35.810745736468085,robust_percentile_fallback,45.95331807844071,data_driven_global_percentile_thresholds,MEZCLA,38.87894788065959,data_driven_batch_percentile_thresholds,61.12105211934041,False
1298,2025-12-11 16:15:32,2025-12-11 16:16:31,MEZCLA,MEZCLA,MEZCLA,7.200158870546147e-05,0.9995421171188354,0.0003859640855807,0.9995421171188354,0.9991561770439148,True,34.72865827656804,robust_percentile_fallback,44.86863066203117,data_driven_global_percentile_thresholds,MEZCLA,37.610028947821,data_driven_batch_percentile_thresholds,62.389971052179,False
1299,2025-12-11 16:16:32,2025-12-11 16:17:31,MEZCLA,MEZCLA,MEZCLA,8.381866791751236e-05,0.9993539452552797,0.0005622075987048,0.9993539452552797,0.998791754245758,True,35.62890600244209,robust_percentile_fallback,46.63361401323257,data_driven_global_percentile_thresholds,MEZCLA,38.45701129656571,data_driven_batch_percentile_thresholds,61.54298870343429,False
1300,2025-12-11 16:17:32,2025-12-11 16:18:31,MEZCLA,MEZCLA,MEZCLA,0.0001292968809138,0.9994377493858336,0.0004329011717345,0.9994377493858336,0.99900484085083,True,34.44129670157651,robust_percentile_fallback,42.444470629824,data_driven_global_percentile_thresholds,MEZCLA,31.656026736367316,data_driven_batch_percentile_thresholds,68.34397326363268,False
1301,2025-12-11 16:18:32,2025-12-11 16:19:31,MEZCLA,MEZCLA,MEZCLA,9.922688332153484e-05,0.9994354844093324,0.0004652524949051,0.9994354844093324,0.9989702105522156,True,33.3920190645736,robust_percentile_fallback,40.15670585605589,data_driven_global_percentile_thresholds,MEZCLA,28.149714248454583,data_driven_batch_percentile_thresholds,71.85028575154541,False
1302,2025-12-11 16:19:32,2025-12-11 16:20:31,MEZCLA,MEZCLA,MEZCLA,9.923423931468278e-05,0.999425768852234,0.000475070439279,0.999425768852234,0.998950719833374,True,33.79676880663718,robust_percentile_fallback,40.66076425334103,data_driven_global_percentile_thresholds,MEZCLA,28.805315554746848,data_driven_batch_percentile_thresholds,71.19468444525316,False
1303,2025-12-11 16:20:32,2025-12-11 16:21:31,MEZCLA,MEZCLA,MEZCLA,0.0001800820900825,0.9988860487937928,0.0009338835370726,0.9988860487937928,0.997952163219452,True,34.89118632928639,robust_percentile_fallback,43.19015868890092,data_driven_global_percentile_thresholds,MEZCLA,33.119628768916165,data_driven_batch_percentile_thresholds,66.88037123108384,False
1304,2025-12-11 16:21:32,2025-12-11 16:22:31,MEZCLA,MEZCLA,MEZCLA,9.834309457801282e-05,0.9995811581611632,0.0003205151006113,0.9995811581611632,0.999260663986206,True,33.799036072642075,robust_percentile_fallback,40.50576780024039,data_driven_global_percentile_thresholds,MEZCLA,27.396527121803945,data_driven_batch_percentile_thresholds,72.60347287819606,False
1305,2025-12-11 16:22:32,2025-12-11 16:23:31,MEZCLA,MEZCLA,MEZCLA,7.291004294529557e-05,0.9996939897537231,0.000233102182392,0.9996939897537231,0.9994608759880066,True,33.23330822021905,robust_percentile_fallback,38.88209183594978,data_driven_global_percentile_thresholds,MEZCLA,25.80502790367646,data_driven_batch_percentile_thresholds,74.19497209632354,False
1306,2025-12-11 16:23:32,2025-12-11 16:24:31,MEZCLA,MEZCLA,MEZCLA,7.584752165712416e-05,0.9995341300964355,0.0003900797455571,0.9995341300964355,0.9991440773010254,True,34.31246214741376,robust_percentile_fallback,42.23382281942842,data_driven_global_percentile_thresholds,MEZCLA,31.1704795138464,data_driven_batch_percentile_thresholds,68.8295204861536,False
1307,2025-12-11 16:24:32,2025-12-11 16:25:31,MEZCLA,MEZCLA,MEZCLA,6.825988384662196e-05,0.9996515512466432,0.0002802070812322,0.9996515512466432,0.999371349811554,True,33.68401514190165,robust_percentile_fallback,40.61622726592496,data_driven_global_percentile_thresholds,MEZCLA,27.866429332404618,data_driven_batch_percentile_thresholds,72.13357066759538,False
1308,2025-12-11 16:25:32,2025-12-11 16:26:31,MEZCLA,MEZCLA,MEZCLA,5.163210880709812e-05,0.999823272228241,0.0001251503708772,0.999823272228241,0.9996981024742126,True,34.50939460564722,robust_percentile_fallback,42.97787608616425,data_driven_global_percentile_thresholds,MEZCLA,32.077953780390665,data_driven_batch_percentile_thresholds,67.92204621960934,False
1309,2025-12-11 16:26:32,2025-12-11 16:27:31,MEZCLA,MEZCLA,MEZCLA,4.690251807915047e-05,0.999864101409912,8.902045374270529e-05,0.999864101409912,0.9997750520706176,True,34.67538040569412,robust_percentile_fallback,43.43312867740131,data_driven_global_percentile_thresholds,MEZCLA,33.04419615415075,data_driven_batch_percentile_thresholds,66.95580384584926,False
1310,2025-12-11 16:27:32,2025-12-11 16:28:31,MEZCLA,MEZCLA,MEZCLA,6.10513161518611e-05,0.999626874923706,0.0003119982720818,0.999626874923706,0.9993149042129515,True,34.18518010775141,robust_percentile_fallback,42.100639509191375,data_driven_global_percentile_thresholds,MEZCLA,30.781782298689087,data_driven_batch_percentile_thresholds,69.21821770131092,False
1311,2025-12-11 16:28:32,2025-12-11 16:29:31,MEZCLA,MEZCLA,MEZCLA,4.85906311951112e-05,0.9998621940612792,8.919678657548502e-05,0.9998621940612792,0.9997730255126952,True,34.41669061665187,robust_percentile_fallback,44.43582224657875,data_driven_global_percentile_thresholds,MEZCLA,35.27065683623697,data_driven_batch_percentile_thresholds,64.72934316376303,False
1312,2025-12-11 16:29:32,2025-12-11 16:30:31,MEZCLA,MEZCLA,MEZCLA,6.181579374242574e-05,0.9998390674591064,9.913279791362584e-05,0.9998390674591064,0.999739944934845,True,34.40122492299869,robust_percentile_fallback,42.49119118563083,data_driven_global_percentile_thresholds,MEZCLA,30.268135018529044,data_driven_batch_percentile_thresholds,69.73186498147095,False
1313,2025-12-11 16:30:32,2025-12-11 16:31:31,MEZCLA,MEZCLA,MEZCLA,8.505651203449816e-05,0.9989377856254578,0.0009771732147783,0.9989377856254578,0.99796062707901,True,32.61517270166794,robust_percentile_fallback,37.1996963044746,data_driven_global_percentile_thresholds,MEZCLA,20.780564884296084,data_driven_batch_percentile_thresholds,79.21943511570392,False
1314,2025-12-11 16:31:32,2025-12-11 16:32:31,MEZCLA,MEZCLA,MEZCLA,6.404846499208361e-05,0.9998034834861756,0.0001324631593888,0.9998034834861756,0.9996710419654846,True,32.977304358298895,robust_percentile_fallback,38.82436379334148,data_driven_global_percentile_thresholds,MEZCLA,24.141180353530107,data_driven_batch_percentile_thresholds,75.8588196464699,False
1315,2025-12-11 16:32:32,2025-12-11 16:33:31,MEZCLA,MEZCLA,MEZCLA,8.347985567525029e-05,0.9997331500053406,0.0001834037393564,0.9997331500053406,0.9995497465133668,True,33.81640536813138,robust_percentile_fallback,39.92508584467793,data_driven_global_percentile_thresholds,MEZCLA,24.31491390390583,data_driven_batch_percentile_thresholds,75.68508609609417,False
1316,2025-12-11 16:33:32,2025-12-11 16:34:31,MEZCLA,MEZCLA,MEZCLA,4.902770524495281e-05,0.9997532963752748,0.0001977235951926,0.9997532963752748,0.9995555877685548,True,32.846083911006886,robust_percentile_fallback,39.03177172532341,data_driven_global_percentile_thresholds,MEZCLA,23.205198000623565,data_driven_batch_percentile_thresholds,76.79480199937643,False
1317,2025-12-11 16:34:32,2025-12-11 16:35:31,MEZCLA,MEZCLA,MEZCLA,4.87049765069969e-05,0.9998599290847778,9.138813766185194e-05,0.9998599290847778,0.9997685551643372,True,34.02994815666944,robust_percentile_fallback,40.74039267902308,data_driven_global_percentile_thresholds,MEZCLA,25.27841597176545,data_driven_batch_percentile_thresholds,74.72158402823455,False
1318,2025-12-11 16:35:32,2025-12-11 16:36:31,MEZCLA,MEZCLA,MEZCLA,7.151641329983249e-05,0.9994852542877196,0.0004432315472513,0.9994852542877196,0.99904203414917,True,33.52673132350553,robust_percentile_fallback,38.722515479708846,data_driven_global_percentile_thresholds,MEZCLA,23.43292361941263,data_driven_batch_percentile_thresholds,76.56707638058737,False
1319,2025-12-11 16:36:32,2025-12-11 16:37:31,MEZCLA,MEZCLA,MEZCLA,6.263247632887214e-05,0.999711811542511,0.00022550689755,0.999711811542511,0.9994863271713256,True,34.19402493690556,robust_percentile_fallback,41.26303136360323,data_driven_global_percentile_thresholds,MEZCLA,27.361338664298675,data_driven_batch_percentile_thresholds,72.63866133570133,False
1320,2025-12-11 16:37:32,2025-12-11 16:38:31,MEZCLA,MEZCLA,MEZCLA,4.294673271942884e-05,0.9998565912246704,0.0001004257210297,0.9998565912246704,0.999756157398224,True,33.88085465010912,robust_percentile_fallback,40.89980960304758,data_driven_global_percentile_thresholds,MEZCLA,27.87422905557866,data_driven_batch_percentile_thresholds,72.12577094442133,False
1321,2025-12-11 16:38:32,2025-12-11 16:39:31,MEZCLA,MEZCLA,MEZCLA,4.446930324775167e-05,0.9997430443763732,0.0002124832535628,0.9997430443763732,0.999530553817749,True,33.6695377558541,robust_percentile_fallback,39.92673644107845,data_driven_global_percentile_thresholds,MEZCLA,26.56650357324549,data_driven_batch_percentile_thresholds,73.43349642675452,False
1322,2025-12-11 16:39:32,2025-12-11 16:40:31,MEZCLA,MEZCLA,MEZCLA,4.624799112207256e-05,0.999868869781494,8.487378363497555e-05,0.999868869781494,0.999783992767334,True,33.28154166019955,robust_percentile_fallback,39.89660204860503,data_driven_global_percentile_thresholds,MEZCLA,25.878598772379146,data_driven_batch_percentile_thresholds,74.12140122762085,False
1323,2025-12-11 16:40:32,2025-12-11 16:41:31,MEZCLA,MEZCLA,MEZCLA,6.1022601585136726e-05,0.9997771382331848,0.0001618652750039,0.9997771382331848,0.9996152520179749,True,32.776217058905274,robust_percentile_fallback,38.62290501658097,data_driven_global_percentile_thresholds,MEZCLA,22.88079065491409,data_driven_batch_percentile_thresholds,77.1192093450859,False
1324,2025-12-11 16:41:32,2025-12-11 16:42:31,MEZCLA,MEZCLA,MEZCLA,6.911889067851007e-05,0.999794900417328,0.0001360108435619,0.999794900417328,0.9996588826179504,True,32.73615679222809,robust_percentile_fallback,37.54524919153832,data_driven_global_percentile_thresholds,MEZCLA,21.74776754090485,data_driven_batch_percentile_thresholds,78.25223245909515,False
1325,2025-12-11 16:42:32,2025-12-11 16:43:31,MEZCLA,MEZCLA,MEZCLA,5.479544051922858e-05,0.9998449087142944,0.0001002216158667,0.9998449087142944,0.999744713306427,True,32.41651422756164,robust_percentile_fallback,37.16241411512852,data_driven_global_percentile_thresholds,MEZCLA,19.35554849030598,data_driven_batch_percentile_thresholds,80.64445150969402,False
1326,2025-12-11 16:43:32,2025-12-11 16:44:31,MEZCLA,MEZCLA,MEZCLA,4.469928899197839e-05,0.9998507499694824,0.0001045682220137,0.9998507499694824,0.9997462034225464,True,32.44843069657631,robust_percentile_fallback,36.47772219491655,data_driven_global_percentile_thresholds,MEZCLA,19.662759738596392,data_driven_batch_percentile_thresholds,80.33724026140361,False
1327,2025-12-11 16:44:32,2025-12-11 16:45:31,MEZCLA,MEZCLA,MEZCLA,5.331288411980495e-05,0.9998207688331604,0.0001259653654415,0.9998207688331604,0.99969482421875,True,32.135201062615025,robust_percentile_fallback,37.55593062834434,data_driven_global_percentile_thresholds,MEZCLA,23.893653102630168,data_driven_batch_percentile_thresholds,76.10634689736983,False
1328,2025-12-11 16:45:32,2025-12-11 16:46:31,MEZCLA,MEZCLA,MEZCLA,7.486006506951526e-05,0.999734342098236,0.0001907472178572,0.999734342098236,0.9995436072349548,True,33.08547025666932,robust_percentile_fallback,39.831331650804245,data_driven_global_percentile_thresholds,MEZCLA,26.28810988340968,data_driven_batch_percentile_thresholds,73.71189011659033,False
1329,2025-12-11 16:46:32,2025-12-11 16:47:31,MEZCLA,MEZCLA,MEZCLA,5.0796024879673496e-05,0.999831199645996,0.0001179815953946,0.999831199645996,0.9997132420539856,True,33.05644418631728,robust_percentile_fallback,39.71563516856136,data_driven_global_percentile_thresholds,MEZCLA,26.39250406625776,data_driven_batch_percentile_thresholds,73.60749593374224,False
1330,2025-12-11 16:47:32,2025-12-11 16:48:31,MEZCLA,MEZCLA,MEZCLA,5.686322401743382e-05,0.9997954964637756,0.0001476083416491,0.9997954964637756,0.9996479153633118,True,33.58692573642056,robust_percentile_fallback,40.11760947147441,data_driven_global_percentile_thresholds,MEZCLA,26.51290887618132,data_driven_batch_percentile_thresholds,73.48709112381869,False
1331,2025-12-11 16:48:32,2025-12-11 16:49:31,MEZCLA,MEZCLA,MEZCLA,4.190684194327332e-05,0.9997630715370178,0.0001950345176737,0.9997630715370178,0.9995680451393129,True,33.22648147572106,robust_percentile_fallback,39.82121224167948,data_driven_global_percentile_thresholds,MEZCLA,25.527157008328853,data_driven_batch_percentile_thresholds,74.47284299167114,False
1332,2025-12-11 16:49:32,2025-12-11 16:50:31,MEZCLA,MEZCLA,MEZCLA,6.59204670228064e-05,0.9997828602790833,0.0001512798917246,0.9997828602790833,0.9996315836906432,True,33.57591183638084,robust_percentile_fallback,39.74736645626234,data_driven_global_percentile_thresholds,MEZCLA,26.018417538834665,data_driven_batch_percentile_thresholds,73.98158246116533,False
1333,2025-12-11 16:50:32,2025-12-11 16:51:31,MEZCLA,MEZCLA,MEZCLA,4.991280729882419e-05,0.999817430973053,0.000132708781166,0.999817430973053,0.999684751033783,True,33.498988720368835,robust_percentile_fallback,42.0454463652698,data_driven_global_percentile_thresholds,MEZCLA,29.07660899954014,data_driven_batch_percentile_thresholds,70.92339100045986,False
1334,2025-12-11 16:51:32,2025-12-11 16:52:31,MEZCLA,MEZCLA,MEZCLA,4.63250107713975e-05,0.9997361302375792,0.0002175138070015,0.9997361302375792,0.999518632888794,True,32.585689663993094,robust_percentile_fallback,37.61152040847575,data_driven_global_percentile_thresholds,MEZCLA,21.22492908505418,data_driven_batch_percentile_thresholds,78.77507091494581,False
1335,2025-12-11 16:52:32,2025-12-11 16:53:31,MEZCLA,MEZCLA,MEZCLA,6.731562461936846e-05,0.9991534948349,0.0007792045362293,0.9991534948349,0.9983742833137512,True,32.5358435194751,robust_percentile_fallback,35.72732309435793,data_driven_global_percentile_thresholds,MEZCLA,17.812675686485907,data_driven_batch_percentile_thresholds,82.1873243135141,False
1336,2025-12-11 16:53:32,2025-12-11 16:54:31,MEZCLA,MEZCLA,MEZCLA,5.717852036468685e-05,0.9991027116775512,0.0008401132072322,0.9991027116775512,0.998262584209442,True,31.70431841779385,robust_percentile_fallback,34.246767994524866,data_driven_global_percentile_thresholds,MEZCLA,18.247599196598628,data_driven_batch_percentile_thresholds,81.75240080340137,False
1337,2025-12-11 16:54:32,2025-12-11 16:55:31,MEZCLA,MEZCLA,MEZCLA,5.922402488067746e-05,0.9998236298561096,0.0001171767144114,0.9998236298561096,0.9997064471244812,True,33.35050057195452,robust_percentile_fallback,36.83770929540469,data_driven_global_percentile_thresholds,MEZCLA,20.128666556035647,data_driven_batch_percentile_thresholds,79.87133344396435,False
1338,2025-12-11 16:55:32,2025-12-11 16:56:31,MEZCLA,MEZCLA,MEZCLA,5.5824209994170815e-05,0.9997708201408386,0.0001733984972815,0.9997708201408386,0.999597430229187,True,33.080159219522045,robust_percentile_fallback,37.76821165204946,data_driven_global_percentile_thresholds,MEZCLA,21.558267614061307,data_driven_batch_percentile_thresholds,78.44173238593869,False
1339,2025-12-11 16:56:32,2025-12-11 16:57:31,MEZCLA,MEZCLA,MEZCLA,5.981123467790894e-05,0.9994180202484132,0.000522187387105,0.9994180202484132,0.998895823955536,True,32.729766917573144,robust_percentile_fallback,36.8490523916021,data_driven_global_percentile_thresholds,MEZCLA,18.19081796784608,data_driven_batch_percentile_thresholds,81.80918203215393,False
1340,2025-12-11 16:57:32,2025-12-11 16:58:31,MEZCLA,MEZCLA,MEZCLA,7.26316575310193e-05,0.99937242269516,0.0005550252390094,0.99937242269516,0.9988173842430116,True,32.82827867623215,robust_percentile_fallback,37.86764514864997,data_driven_global_percentile_thresholds,MEZCLA,20.84425790809243,data_driven_batch_percentile_thresholds,79.15574209190757,False
1341,2025-12-11 16:58:32,2025-12-11 16:59:31,MEZCLA,MEZCLA,MEZCLA,4.759570219903253e-05,0.9997389912605286,0.000213348204852,0.9997389912605286,0.9995256662368774,True,32.36756241709034,robust_percentile_fallback,37.564521740987246,data_driven_global_percentile_thresholds,MEZCLA,19.36187286653057,data_driven_batch_percentile_thresholds,80.63812713346942,False
1342,2025-12-11 16:59:32,2025-12-11 17:00:31,MEZCLA,MEZCLA,MEZCLA,4.949001595377922e-05,0.9996973276138306,0.0002531979116611,0.9996973276138306,0.9994441270828248,True,33.88384387462469,robust_percentile_fallback,41.06868147600811,data_driven_global_percentile_thresholds,MEZCLA,29.3649850947474,data_driven_batch_percentile_thresholds,70.6350149052526,False
1343,2025-12-11 17:00:32,2025-12-11 17:01:31,MEZCLA,MEZCLA,MEZCLA,5.146730836713687e-05,0.999734342098236,0.0002141803997801,0.999734342098236,0.999520182609558,True,34.308928782103564,robust_percentile_fallback,41.9621193010436,data_driven_global_percentile_thresholds,MEZCLA,28.780167312506343,data_driven_batch_percentile_thresholds,71.21983268749366,False
1344,2025-12-11 17:01:32,2025-12-11 17:02:31,MEZCLA,MEZCLA,MEZCLA,6.417326221708208e-05,0.99974924325943,0.0001865920348791,0.99974924325943,0.999562680721283,True,34.106907083133706,robust_percentile_fallback,40.16996558432909,data_driven_global_percentile_thresholds,MEZCLA,25.11891095813402,data_driven_batch_percentile_thresholds,74.88108904186598,False
1345,2025-12-11 17:02:32,2025-12-11 17:03:31,MEZCLA,MEZCLA,MEZCLA,4.553270628093742e-05,0.9997369647026062,0.000217505483306,0.9997369647026062,0.9995194673538208,True,32.82974119320918,robust_percentile_fallback,37.23013980151044,data_driven_global_percentile_thresholds,MEZCLA,20.73478947455538,data_driven_batch_percentile_thresholds,79.26521052544462,False
1346,2025-12-11 17:03:32,2025-12-11 17:04:31,MEZCLA,MEZCLA,MEZCLA,4.578109292197041e-05,0.9998347759246826,0.0001193967764265,0.9998347759246826,0.9997153878211976,True,33.62808405865122,robust_percentile_fallback,40.092295094609575,data_driven_global_percentile_thresholds,MEZCLA,25.75386404175954,data_driven_batch_percentile_thresholds,74.24613595824046,False
1347,2025-12-11 17:04:32,2025-12-11 17:05:31,MEZCLA,MEZCLA,MEZCLA,5.489990144269541e-05,0.99958473443985,0.0003603889781516,0.99958473443985,0.9992243647575378,True,32.918980486089644,robust_percentile_fallback,37.313669700350765,data_driven_global_percentile_thresholds,MEZCLA,19.148602935705423,data_driven_batch_percentile_thresholds,80.85139706429457,False
1348,2025-12-11 17:05:32,2025-12-11 17:06:31,MEZCLA,MEZCLA,MEZCLA,5.971231439616531e-05,0.9998387098312378,0.0001015837551676,0.9998387098312378,0.9997371435165404,True,34.16573465684086,robust_percentile_fallback,39.22586466965112,data_driven_global_percentile_thresholds,MEZCLA,20.37957655618125,data_driven_batch_percentile_thresholds,79.62042344381875,False
1349,2025-12-11 17:06:32,2025-12-11 17:07:31,MEZCLA,MEZCLA,MEZCLA,6.791940541006625e-05,0.9997197985649108,0.0002122429868904,0.9997197985649108,0.9995075464248656,True,33.46609415926927,robust_percentile_fallback,37.82280013825341,data_driven_global_percentile_thresholds,MEZCLA,20.708402536688755,data_driven_batch_percentile_thresholds,79.29159746331125,False
1350,2025-12-11 17:07:32,2025-12-11 17:08:31,MEZCLA,MEZCLA,MEZCLA,6.961241160752252e-05,0.999854326248169,7.608194573549554e-05,0.999854326248169,0.9997782707214355,True,33.31952991623688,robust_percentile_fallback,37.36089331061326,data_driven_global_percentile_thresholds,MEZCLA,21.80010602701067,data_driven_batch_percentile_thresholds,78.19989397298933,False
1351,2025-12-11 17:08:32,2025-12-11 17:09:31,MEZCLA,MEZCLA,MEZCLA,6.1024806200293824e-05,0.9998103976249696,0.0001286005863221,0.9998103976249696,0.9996817708015442,True,31.81647823520801,robust_percentile_fallback,33.91998141161599,data_driven_global_percentile_thresholds,MEZCLA,15.448035714752775,data_driven_batch_percentile_thresholds,84.55196428524722,False
1352,2025-12-11 17:09:32,2025-12-11 17:10:31,MEZCLA,MEZCLA,MEZCLA,9.944926569005474e-05,0.999739944934845,0.0001606367441127,0.999739944934845,0.9995793104171752,True,33.87330854240908,robust_percentile_fallback,38.692772609156215,data_driven_global_percentile_thresholds,MEZCLA,24.783751621757705,data_driven_batch_percentile_thresholds,75.2162483782423,False
1353,2025-12-11 17:10:32,2025-12-11 17:11:31,MEZCLA,MEZCLA,MEZCLA,0.0001124894915847,0.999731719493866,0.00015580325271,0.999731719493866,0.9995759129524232,True,33.266769947346866,robust_percentile_fallback,38.61904784248547,data_driven_global_percentile_thresholds,MEZCLA,24.06638787667442,data_driven_batch_percentile_thresholds,75.93361212332559,False
1354,2025-12-11 17:11:32,2025-12-11 17:12:31,MEZCLA,MEZCLA,MEZCLA,0.0001540369703434,0.9990643858909608,0.0007815781864337,0.9990643858909608,0.998282790184021,True,32.8154166179097,robust_percentile_fallback,36.61266652375999,data_driven_global_percentile_thresholds,MEZCLA,19.42769734000522,data_driven_batch_percentile_thresholds,80.57230265999478,False
1355,2025-12-11 17:12:32,2025-12-11 17:13:31,MEZCLA,MEZCLA,MEZCLA,4.693579103332013e-05,0.9998456239700316,0.0001074143583537,0.9998456239700316,0.9997382164001464,True,33.20938337656955,robust_percentile_fallback,38.25193305306695,data_driven_global_percentile_thresholds,MEZCLA,23.07463240771157,data_driven_batch_percentile_thresholds,76.92536759228844,False
1356,2025-12-11 17:13:32,2025-12-11 17:14:31,MEZCLA,MEZCLA,MEZCLA,5.0439357437426224e-05,0.9998620748519896,8.749624976189807e-05,0.9998620748519896,0.9997745752334596,True,32.95378696423977,robust_percentile_fallback,39.04664215678626,data_driven_global_percentile_thresholds,MEZCLA,25.343948244445563,data_driven_batch_percentile_thresholds,74.65605175555444,False
1357,2025-12-11 17:14:32,2025-12-11 17:15:31,MEZCLA,MEZCLA,MEZCLA,5.391804370447062e-05,0.9998784065246582,6.768948514945805e-05,0.9998784065246582,0.9998106956481934,True,33.84757340816583,robust_percentile_fallback,39.34255588128202,data_driven_global_percentile_thresholds,MEZCLA,26.17919405524108,data_driven_batch_percentile_thresholds,73.82080594475892,False
1358,2025-12-11 17:15:32,2025-12-11 17:16:31,MEZCLA,MEZCLA,MEZCLA,5.651717947330326e-05,0.9998149275779724,0.0001285218459088,0.9998149275779724,0.9996864199638368,True,32.79519533916917,robust_percentile_fallback,37.589153886473234,data_driven_global_percentile_thresholds,MEZCLA,22.582285246661154,data_driven_batch_percentile_thresholds,77.41771475333884,False
1359,2025-12-11 17:16:32,2025-12-11 17:17:31,MEZCLA,MEZCLA,MEZCLA,7.942664524307474e-05,0.9997254014015198,0.000195185697521,0.9997254014015198,0.9995301961898804,True,32.57106060206766,robust_percentile_fallback,35.99749309510565,data_driven_global_percentile_thresholds,MEZCLA,21.675207272316413,data_driven_batch_percentile_thresholds,78.32479272768359,False
1360,2025-12-11 17:17:32,2025-12-11 17:18:31,MEZCLA,MEZCLA,MEZCLA,9.49520108406432e-05,0.9997000694274902,0.0002049760951194,0.9997000694274902,0.9994950890541076,True,33.190549330312294,robust_percentile_fallback,36.61399841635468,data_driven_global_percentile_thresholds,MEZCLA,19.351470719565317,data_driven_batch_percentile_thresholds,80.64852928043469,False
1361,2025-12-11 17:18:32,2025-12-11 17:19:31,MEZCLA,MEZCLA,MEZCLA,7.176493090810254e-05,0.9995819926261902,0.0003462642489466,0.9995819926261902,0.99923574924469,True,32.071128587187985,robust_percentile_fallback,34.86787740075562,data_driven_global_percentile_thresholds,MEZCLA,15.818565584684364,data_driven_batch_percentile_thresholds,84.18143441531564,False
1362,2025-12-11 17:19:32,2025-12-11 17:20:31,MEZCLA,MEZCLA,MEZCLA,6.144608778413385e-05,0.9995978474617004,0.0003407810581848,0.9995978474617004,0.9992570877075196,True,33.79587060586148,robust_percentile_fallback,39.03932216848533,data_driven_global_percentile_thresholds,MEZCLA,23.99175009406072,data_driven_batch_percentile_thresholds,76.00824990593928,False
1363,2025-12-11 17:20:32,2025-12-11 17:21:31,MEZCLA,MEZCLA,MEZCLA,6.944339838810265e-05,0.9997628331184388,0.0001676727551966,0.9997628331184388,0.9995951652526855,True,32.89034231936019,robust_percentile_fallback,36.353653800163904,data_driven_global_percentile_thresholds,MEZCLA,17.37022044127286,data_driven_batch_percentile_thresholds,82.62977955872714,False
1364,2025-12-11 17:21:32,2025-12-11 17:22:31,MEZCLA,MEZCLA,MEZCLA,6.63759492454119e-05,0.9996429681777954,0.0002906100125983,0.9996429681777954,0.9993523359298706,True,33.2757496278105,robust_percentile_fallback,36.44793921141724,data_driven_global_percentile_thresholds,MEZCLA,19.536088096001404,data_driven_batch_percentile_thresholds,80.46391190399859,False
1365,2025-12-11 17:22:32,2025-12-11 17:23:31,MEZCLA,MEZCLA,MEZCLA,5.334398883860558e-05,0.9995562434196472,0.0003903516917489,0.9995562434196472,0.9991658926010132,True,33.43768268751426,robust_percentile_fallback,38.29004269533065,data_driven_global_percentile_thresholds,MEZCLA,23.61704529971018,data_driven_batch_percentile_thresholds,76.38295470028982,False
1366,2025-12-11 17:23:32,2025-12-11 17:24:31,MEZCLA,MEZCLA,MEZCLA,0.0001246298779733,0.9984997510910034,0.0013756677508354,0.9984997510910034,0.9971240758895874,True,33.41163757295848,robust_percentile_fallback,36.6428765397434,data_driven_global_percentile_thresholds,MEZCLA,21.473124178014693,data_driven_batch_percentile_thresholds,78.5268758219853,False
1367,2025-12-11 17:24:32,2025-12-11 17:25:31,MEZCLA,MEZCLA,MEZCLA,7.531668234150857e-05,0.9996756315231324,0.0002490436600055,0.9996756315231324,0.9994266033172609,True,32.07682428535722,robust_percentile_fallback,34.67724938476712,data_driven_global_percentile_thresholds,MEZCLA,17.104460667071763,data_driven_batch_percentile_thresholds,82.89553933292824,False
1368,2025-12-11 17:25:32,2025-12-11 17:26:31,MEZCLA,MEZCLA,MEZCLA,7.250736962305382e-05,0.9995231628417968,0.0004043137596454,0.9995231628417968,0.9991188645362854,True,32.80876552323015,robust_percentile_fallback,34.89327233214786,data_driven_global_percentile_thresholds,MEZCLA,18.55108162619857,data_driven_batch_percentile_thresholds,81.44891837380143,False
1369,2025-12-11 17:26:32,2025-12-11 17:27:31,MEZCLA,MEZCLA,MEZCLA,7.763227768009529e-05,0.9991557598114014,0.0007665648008696,0.9991557598114014,0.9983891844749452,True,34.201129436970405,robust_percentile_fallback,40.33849493055996,data_driven_global_percentile_thresholds,MEZCLA,29.28224547990503,data_driven_batch_percentile_thresholds,70.71775452009497,False
1370,2025-12-11 17:27:32,2025-12-11 17:28:31,MEZCLA,MEZCLA,MEZCLA,0.0001963234826689,0.998637855052948,0.0011658262228593,0.998637855052948,0.997472047805786,True,37.61732006128646,robust_percentile_fallback,51.783136084115256,data_driven_global_percentile_thresholds,MEZCLA,43.78090240660272,data_driven_batch_percentile_thresholds,56.21909759339728,False
1371,2025-12-11 17:28:32,2025-12-11 17:29:31,MEZCLA,MEZCLA,MEZCLA,0.0004021291970275,0.993728756904602,0.0058691534213721,0.993728756904602,0.9878596067428588,True,36.95558815034523,robust_percentile_fallback,49.91639679021369,data_driven_global_percentile_thresholds,MEZCLA,38.90973203682072,data_driven_batch_percentile_thresholds,61.09026796317928,False
1372,2025-12-11 17:29:32,2025-12-11 17:30:31,MEZCLA,MEZCLA,MEZCLA,0.0002960016427095,0.9906195402145386,0.0090844128280878,0.9906195402145386,0.9815351366996764,True,35.54685779718954,robust_percentile_fallback,46.7121409198985,data_driven_global_percentile_thresholds,MEZCLA,35.427194038834,data_driven_batch_percentile_thresholds,64.572805961166,False
1373,2025-12-11 17:30:32,2025-12-11 17:31:31,MEZCLA,MEZCLA,MEZCLA,0.0003380575799383,0.9936525821685792,0.0060093542560935,0.9936525821685792,0.9876432418823242,True,33.12798499320215,robust_percentile_fallback,37.14229702699601,data_driven_global_percentile_thresholds,MEZCLA,26.129629304441725,data_driven_batch_percentile_thresholds,73.87037069555828,False
1374,2025-12-11 17:31:32,2025-12-11 17:32:31,MEZCLA,MEZCLA,MEZCLA,0.0002761154901236,0.996994972229004,0.0027288626879453,0.996994972229004,0.9942660927772522,True,31.62437727779162,robust_percentile_fallback,36.09749261587523,data_driven_global_percentile_thresholds,MEZCLA,24.777312202400307,data_driven_batch_percentile_thresholds,75.22268779759969,False
1375,2025-12-11 17:32:32,2025-12-11 17:33:31,MEZCLA,MEZCLA,MEZCLA,0.0001972198224393,0.9990193843841552,0.0007834025891497,0.9990193843841552,0.9982360005378724,True,30.72581351720652,robust_percentile_fallback,35.95123934079445,data_driven_global_percentile_thresholds,MEZCLA,25.649557786571066,data_driven_batch_percentile_thresholds,74.35044221342893,False
1376,2025-12-11 17:33:32,2025-12-11 17:34:31,MEZCLA,MEZCLA,MEZCLA,0.0001714852405712,0.9986005425453186,0.0012279755901545,0.9986005425453186,0.997372567653656,True,32.170755517385246,robust_percentile_fallback,38.6415702409114,data_driven_global_percentile_thresholds,MEZCLA,30.626846405446816,data_driven_batch_percentile_thresholds,69.37315359455319,False
1377,2025-12-11 17:34:32,2025-12-11 17:35:31,MEZCLA,MEZCLA,MEZCLA,0.0001623143034521,0.9991829991340636,0.0006547232624143,0.9991829991340636,0.9985283017158508,True,31.720950072164683,robust_percentile_fallback,39.69581156035275,data_driven_global_percentile_thresholds,MEZCLA,31.760265413842507,data_driven_batch_percentile_thresholds,68.2397345861575,False
1378,2025-12-11 17:35:32,2025-12-11 17:36:31,MEZCLA,MEZCLA,MEZCLA,0.0003812941722571,0.99611496925354,0.0035037137567996,0.99611496925354,0.9926112294197084,True,33.154816751246734,robust_percentile_fallback,36.96897542617224,data_driven_global_percentile_thresholds,MEZCLA,30.1018549298807,data_driven_batch_percentile_thresholds,69.8981450701193,False
1379,2025-12-11 17:36:32,2025-12-11 17:37:31,MEZCLA,MEZCLA,MEZCLA,0.0004394617862999,0.9940351843833924,0.0055253566242754,0.9940351843833924,0.9885098338127136,True,32.0805485542855,robust_percentile_fallback,35.31484070071405,data_driven_global_percentile_thresholds,MEZCLA,28.24143512425585,data_driven_batch_percentile_thresholds,71.75856487574416,False
1380,2025-12-11 17:37:32,2025-12-11 17:38:31,MEZCLA,MEZCLA,MEZCLA,0.0003791131312027,0.9977338314056396,0.0018870180938392,0.9977338314056396,0.9958468079566956,True,30.77143609324557,robust_percentile_fallback,35.33672579257724,data_driven_global_percentile_thresholds,MEZCLA,27.94316924678164,data_driven_batch_percentile_thresholds,72.05683075321836,False
1381,2025-12-11 17:38:32,2025-12-11 17:39:31,MEZCLA,MEZCLA,MEZCLA,0.0005352610605768,0.993958592414856,0.0055061057209968,0.993958592414856,0.9884524941444396,True,32.3304494674836,robust_percentile_fallback,35.52221206982094,data_driven_global_percentile_thresholds,MEZCLA,28.81956686237507,data_driven_batch_percentile_thresholds,71.18043313762493,False
1382,2025-12-11 17:39:32,2025-12-11 17:40:31,MEZCLA,MEZCLA,MEZCLA,0.0002230982645414,0.9983131885528564,0.0014637619024142,0.9983131885528564,0.9968494176864624,True,30.473710012453186,robust_percentile_fallback,34.62808160886688,data_driven_global_percentile_thresholds,MEZCLA,26.982321199695527,data_driven_batch_percentile_thresholds,73.01767880030448,False
1383,2025-12-11 17:40:32,2025-12-11 17:41:31,MEZCLA,MEZCLA,MEZCLA,0.0004749991057906,0.9952536821365356,0.0042713386937975,0.9952536821365356,0.9909823536872864,True,33.20809093160302,robust_percentile_fallback,41.20564958898165,data_driven_global_percentile_thresholds,MEZCLA,35.408891360230456,data_driven_batch_percentile_thresholds,64.59110863976954,False
1384,2025-12-11 17:41:32,2025-12-11 17:42:31,MEZCLA,MEZCLA,MEZCLA,0.0002072412607958,0.9978989362716676,0.001893765060231,0.9978989362716676,0.9960051774978638,True,32.34824788335842,robust_percentile_fallback,35.68117578084409,data_driven_global_percentile_thresholds,MEZCLA,29.062732607018308,data_driven_batch_percentile_thresholds,70.9372673929817,False
1385,2025-12-11 17:42:32,2025-12-11 17:43:31,MEZCLA,MEZCLA,MEZCLA,0.0006754235364496,0.990880250930786,0.0084443166851997,0.990880250930786,0.982435941696167,True,34.20057105538593,robust_percentile_fallback,39.716123273296965,data_driven_global_percentile_thresholds,MEZCLA,35.11957028550666,data_driven_batch_percentile_thresholds,64.88042971449335,False
1386,2025-12-11 17:43:32,2025-12-11 17:44:31,MEZCLA,MEZCLA,MEZCLA,0.0005267050582915,0.9908460974693298,0.008627189323306,0.9908460974693298,0.9822189211845398,True,36.5185179478198,robust_percentile_fallback,44.77306846828093,data_driven_global_percentile_thresholds,MEZCLA,39.90440816707604,data_driven_batch_percentile_thresholds,60.09559183292396,False
1387,2025-12-11 17:44:32,2025-12-11 17:45:31,MEZCLA,MEZCLA,MEZCLA,0.0007998087676241,0.9918763637542723,0.0073238490149378,0.9918763637542723,0.9845525026321412,True,34.25342488285062,robust_percentile_fallback,38.66527879903205,data_driven_global_percentile_thresholds,MEZCLA,32.689155064694546,data_driven_batch_percentile_thresholds,67.31084493530545,False
1388,2025-12-11 17:45:32,2025-12-11 17:46:31,MEZCLA,MEZCLA,MEZCLA,0.0004173871129751,0.9966302514076232,0.0029523600824177,0.9966302514076232,0.9936779141426086,True,34.27165905486063,robust_percentile_fallback,38.54804488307796,data_driven_global_percentile_thresholds,MEZCLA,31.7376909640324,data_driven_batch_percentile_thresholds,68.2623090359676,False
1389,2025-12-11 17:46:32,2025-12-11 17:47:31,MEZCLA,MEZCLA,MEZCLA,0.0003366518358234,0.9953076243400574,0.0043556638993322,0.9953076243400574,0.9909519553184508,True,32.41364280843043,robust_percentile_fallback,36.51301056251656,data_driven_global_percentile_thresholds,MEZCLA,30.321769322334237,data_driven_batch_percentile_thresholds,69.67823067766577,False
1390,2025-12-11 17:47:32,2025-12-11 17:48:31,MEZCLA,MEZCLA,MEZCLA,0.0001316073030466,0.9984866380691528,0.0013817847939208,0.9984866380691528,0.997104823589325,True,33.53592327226974,robust_percentile_fallback,37.41023611618494,data_driven_global_percentile_thresholds,MEZCLA,30.73677142344716,data_driven_batch_percentile_thresholds,69.26322857655285,False
1391,2025-12-11 17:48:32,2025-12-11 17:49:31,MEZCLA,MEZCLA,MEZCLA,0.0009891439694911,0.9839036464691162,0.0151072172448039,0.9839036464691162,0.96879643201828,True,34.30113567614854,robust_percentile_fallback,38.602385297430814,data_driven_global_percentile_thresholds,MEZCLA,33.41410977434242,data_driven_batch_percentile_thresholds,66.58589022565758,False
1392,2025-12-11 17:49:32,2025-12-11 17:50:31,MEZCLA,MEZCLA,MEZCLA,0.0012165983207523,0.980283796787262,0.018499594181776,0.980283796787262,0.9617841839790344,True,33.280889168890006,robust_percentile_fallback,35.558953229214154,data_driven_global_percentile_thresholds,MEZCLA,26.854673261569022,data_driven_batch_percentile_thresholds,73.14532673843098,False
1393,2025-12-11 17:50:32,2025-12-11 17:51:31,MEZCLA,MEZCLA,MEZCLA,0.0008221753523685,0.9667986035346984,0.0323791652917861,0.9667986035346984,0.9344194531440736,True,33.79777374069104,robust_percentile_fallback,38.353852336318006,data_driven_global_percentile_thresholds,MEZCLA,32.31692138317217,data_driven_batch_percentile_thresholds,67.68307861682783,False
1394,2025-12-11 17:51:32,2025-12-11 17:52:31,MEZCLA,MEZCLA,MEZCLA,0.0006742114201188,0.9784935712814332,0.0208321884274482,0.9784935712814332,0.9576613903045654,True,31.45489696091536,robust_percentile_fallback,35.72651367918422,data_driven_global_percentile_thresholds,MEZCLA,28.75387127726188,data_driven_batch_percentile_thresholds,71.24612872273812,False
1395,2025-12-11 17:52:32,2025-12-11 17:53:31,MEZCLA,MEZCLA,MEZCLA,0.000519131834153,0.986206591129303,0.0132742710411548,0.986206591129303,0.9729323387145996,True,32.671537238893244,robust_percentile_fallback,33.20276790402128,data_driven_global_percentile_thresholds,MEZCLA,24.021633808936837,data_driven_batch_percentile_thresholds,75.97836619106316,False
1396,2025-12-11 17:53:32,2025-12-11 17:54:31,MEZCLA,MEZCLA,MEZCLA,0.000378887867555,0.9926939010620116,0.0069271731190383,0.9926939010620116,0.9857667088508606,True,35.193650291516235,robust_percentile_fallback,40.30920477300743,data_driven_global_percentile_thresholds,MEZCLA,35.46575981071037,data_driven_batch_percentile_thresholds,64.53424018928963,False
1397,2025-12-11 17:54:32,2025-12-11 17:55:31,MEZCLA,MEZCLA,MEZCLA,0.0004625623696483,0.9845696091651917,0.0149677684530615,0.9845696091651917,0.96960186958313,True,34.51128752639938,robust_percentile_fallback,39.0414459874815,data_driven_global_percentile_thresholds,MEZCLA,34.099381670833274,data_driven_batch_percentile_thresholds,65.90061832916672,False
1401,2025-12-11 17:58:32,2025-12-11 17:59:31,RUBIALES,RUBIALES,RUBIALES,0.0021457660477608,0.0093426005914807,0.9885116815567015,0.9885116815567015,0.9791690707206726,True,34.27499670190768,robust_percentile_fallback,36.56694588765674,data_driven_global_percentile_thresholds,RUBIALES,42.96408942413934,data_driven_batch_percentile_thresholds,57.03591057586066,False
1402,2025-12-11 17:59:32,2025-12-11 18:00:31,RUBIALES,RUBIALES,RUBIALES,0.0003800056583713,0.0025179821532219,0.9971019625663756,0.9971019625663756,0.9945839643478394,True,32.57758563551918,robust_percentile_fallback,32.578911002912115,data_driven_global_percentile_thresholds,RUBIALES,34.59168818563858,data_driven_batch_percentile_thresholds,65.40831181436141,False
1403,2025-12-11 18:00:32,2025-12-11 18:01:31,RUBIALES,RUBIALES,RUBIALES,0.0001590010215295,0.0018843226134777,0.99795663356781,0.99795663356781,0.9960722923278807,True,33.67907804886309,robust_percentile_fallback,35.93112381232947,data_driven_global_percentile_thresholds,RUBIALES,44.10064615410681,data_driven_batch_percentile_thresholds,55.89935384589319,False
1404,2025-12-11 18:01:32,2025-12-11 18:02:31,RUBIALES,RUBIALES,RUBIALES,0.0003480986924842,0.007224699947983,0.9924271702766418,0.9924271702766418,0.9852024912834167,True,35.63960866722247,robust_percentile_fallback,41.94002570963299,data_driven_global_percentile_thresholds,RUBIALES,51.64608596549167,data_driven_batch_percentile_thresholds,48.35391403450833,False
1405,2025-12-11 18:02:32,2025-12-11 18:03:31,RUBIALES,RUBIALES,RUBIALES,0.0006336139049381,0.0100095039233565,0.9893569350242616,0.9893569350242616,0.9793474078178406,True,34.30706526739348,robust_percentile_fallback,37.04070429353595,data_driven_global_percentile_thresholds,RUBIALES,42.8104882926184,data_driven_batch_percentile_thresholds,57.1895117073816,False
1406,2025-12-11 18:03:32,2025-12-11 18:04:31,RUBIALES,RUBIALES,RUBIALES,0.0004639700928237,0.0053026881068944,0.9942333102226256,0.9942333102226256,0.988930642604828,True,34.41361508876318,robust_percentile_fallback,38.601061358665504,data_driven_global_percentile_thresholds,RUBIALES,45.7984673452952,data_driven_batch_percentile_thresholds,54.2015326547048,False
1407,2025-12-11 18:04:32,2025-12-11 18:05:31,RUBIALES,RUBIALES,RUBIALES,0.0003790364717133,0.0008590226643718,0.9987620115280152,0.9987620115280152,0.9979029893875122,True,33.810761546253964,robust_percentile_fallback,36.27449251902745,data_driven_global_percentile_thresholds,RUBIALES,43.512316094858086,data_driven_batch_percentile_thresholds,56.487683905141914,False
1408,2025-12-11 18:05:32,2025-12-11 18:06:31,RUBIALES,RUBIALES,RUBIALES,0.0004564371483866,0.0024718367494642,0.9970717430114746,0.9970717430114746,0.9945998787879944,True,33.468332005071176,robust_percentile_fallback,36.31445487324782,data_driven_global_percentile_thresholds,RUBIALES,41.29038991511471,data_driven_batch_percentile_thresholds,58.70961008488529,False
1409,2025-12-11 18:06:32,2025-12-11 18:07:31,RUBIALES,RUBIALES,RUBIALES,0.0004950440488755,0.001969720236957,0.997535228729248,0.997535228729248,0.9955655336380004,True,34.043436237885984,robust_percentile_fallback,37.55131581500799,data_driven_global_percentile_thresholds,RUBIALES,38.35628968362087,data_driven_batch_percentile_thresholds,61.64371031637913,False
1410,2025-12-11 18:07:32,2025-12-11 18:08:31,RUBIALES,RUBIALES,RUBIALES,0.0006017423002049,0.0027585446368902,0.9966397285461426,0.9966397285461426,0.9938811659812928,True,32.48891371786377,robust_percentile_fallback,35.61129968094037,data_driven_global_percentile_thresholds,RUBIALES,32.32804998795805,data_driven_batch_percentile_thresholds,67.67195001204195,False
1411,2025-12-11 18:08:32,2025-12-11 18:09:31,RUBIALES,RUBIALES,RUBIALES,0.0007405493524856,0.0060807918198406,0.9931786060333252,0.9931786060333252,0.9870977997779846,True,33.13564740810244,robust_percentile_fallback,35.09466177209467,data_driven_global_percentile_thresholds,RUBIALES,36.92598467613523,data_driven_batch_percentile_thresholds,63.07401532386477,False
1412,2025-12-11 18:09:32,2025-12-11 18:10:31,RUBIALES,RUBIALES,RUBIALES,0.0003321760159451,0.000616998586338,0.999050796031952,0.999050796031952,0.9984337687492372,True,32.75125628764987,robust_percentile_fallback,36.216854449132335,data_driven_global_percentile_thresholds,RUBIALES,35.72520601095587,data_driven_batch_percentile_thresholds,64.27479398904413,False
1413,2025-12-11 18:10:32,2025-12-11 18:11:31,RUBIALES,RUBIALES,RUBIALES,0.0004410221008583,0.0017185910837724,0.997840404510498,0.997840404510498,0.9961218237876892,True,34.83103854784791,robust_percentile_fallback,39.1804959545912,data_driven_global_percentile_thresholds,RUBIALES,46.37418718703832,data_driven_batch_percentile_thresholds,53.62581281296168,False
1414,2025-12-11 18:11:32,2025-12-11 18:12:31,RUBIALES,RUBIALES,RUBIALES,0.0005342354997992,0.0025628942530602,0.996902883052826,0.996902883052826,0.9943400025367736,True,35.61733835332253,robust_percentile_fallback,42.78669515284525,data_driven_global_percentile_thresholds,RUBIALES,54.21401683452863,data_driven_batch_percentile_thresholds,45.78598316547137,False
1415,2025-12-11 18:12:32,2025-12-11 18:13:31,RUBIALES,RUBIALES,RUBIALES,0.0003831778594758,0.0011555651435628,0.9984612464904784,0.9984612464904784,0.997305691242218,True,32.72612636389816,robust_percentile_fallback,37.54121554987004,data_driven_global_percentile_thresholds,RUBIALES,37.316994469730936,data_driven_batch_percentile_thresholds,62.683005530269064,False
1416,2025-12-11 18:13:32,2025-12-11 18:14:31,RUBIALES,RUBIALES,RUBIALES,0.0004503878590185,0.001978101208806,0.9975715279579164,0.9975715279579164,0.9955934286117554,True,34.820974479536645,robust_percentile_fallback,39.61018052763911,data_driven_global_percentile_thresholds,RUBIALES,41.4210083977027,data_driven_batch_percentile_thresholds,58.5789916022973,False
1417,2025-12-11 18:14:32,2025-12-11 18:15:31,RUBIALES,RUBIALES,RUBIALES,0.0002937768877018,0.0008866895805113,0.9988195300102234,0.9988195300102234,0.9979328513145448,True,34.44347856617279,robust_percentile_fallback,38.85302071807411,data_driven_global_percentile_thresholds,RUBIALES,39.67261082880242,data_driven_batch_percentile_thresholds,60.32738917119758,False
1418,2025-12-11 18:15:32,2025-12-11 18:16:31,RUBIALES,RUBIALES,RUBIALES,0.0003995898878201,0.0017985019367188,0.9978018403053284,0.9978018403053284,0.9960033297538756,True,34.34878789995911,robust_percentile_fallback,37.289810622422046,data_driven_global_percentile_thresholds,RUBIALES,41.41422859441505,data_driven_batch_percentile_thresholds,58.58577140558495,False
1419,2025-12-11 18:16:32,2025-12-11 18:17:31,RUBIALES,RUBIALES,RUBIALES,0.0003939873713534,0.0010315442923456,0.9985744953155518,0.9985744953155518,0.9975429773330688,True,33.40596468773001,robust_percentile_fallback,35.76654242045559,data_driven_global_percentile_thresholds,RUBIALES,36.525187111128176,data_driven_batch_percentile_thresholds,63.474812888871824,False
1420,2025-12-11 18:17:32,2025-12-11 18:18:31,RUBIALES,RUBIALES,RUBIALES,0.0002623424807097,0.0003884843026753,0.9993491768836976,0.9993491768836976,0.9989606738090516,True,34.11699680876805,robust_percentile_fallback,37.23179576123144,data_driven_global_percentile_thresholds,RUBIALES,46.15556534986303,data_driven_batch_percentile_thresholds,53.84443465013697,False
1421,2025-12-11 18:18:32,2025-12-11 18:19:31,RUBIALES,RUBIALES,RUBIALES,0.0002282200875924,0.0007254884694702,0.999046266078949,0.999046266078949,0.9983207583427428,True,33.20090873843372,robust_percentile_fallback,34.664758750504454,data_driven_global_percentile_thresholds,RUBIALES,40.77502810156533,data_driven_batch_percentile_thresholds,59.22497189843467,False
1422,2025-12-11 18:19:32,2025-12-11 18:20:31,RUBIALES,RUBIALES,RUBIALES,0.0003563413047231,0.0008527583559043,0.9987909197807312,0.9987909197807312,0.9979381561279296,True,32.553351909457405,robust_percentile_fallback,35.636590120766414,data_driven_global_percentile_thresholds,RUBIALES,34.87457450924679,data_driven_batch_percentile_thresholds,65.1254254907532,False
1423,2025-12-11 18:20:32,2025-12-11 18:21:31,RUBIALES,RUBIALES,RUBIALES,0.000266133371042,0.0022169924341142,0.9975168704986572,0.9975168704986572,0.9952998757362366,True,33.88612615703282,robust_percentile_fallback,36.461959734448655,data_driven_global_percentile_thresholds,RUBIALES,44.86537719230774,data_driven_batch_percentile_thresholds,55.13462280769226,False
1424,2025-12-11 18:21:32,2025-12-11 18:22:31,RUBIALES,RUBIALES,RUBIALES,0.0003068187506869,0.0005462728440761,0.9991469383239746,0.9991469383239746,0.9986006617546082,True,32.6126832953817,robust_percentile_fallback,33.66451420729425,data_driven_global_percentile_thresholds,RUBIALES,35.5721634253449,data_driven_batch_percentile_thresholds,64.4278365746551,False
1425,2025-12-11 18:22:32,2025-12-11 18:23:31,RUBIALES,RUBIALES,RUBIALES,0.0001594963832758,0.0001961595698958,0.9996442794799804,0.9996442794799804,0.9994481205940248,True,32.49620142944101,robust_percentile_fallback,33.00931249285985,data_driven_global_percentile_thresholds,RUBIALES,37.40156008070139,data_driven_batch_percentile_thresholds,62.59843991929861,False
1426,2025-12-11 18:23:32,2025-12-11 18:24:31,RUBIALES,RUBIALES,RUBIALES,0.0002799094654619,0.000274740421446,0.999445378780365,0.999445378780365,0.9991654753684998,True,30.92401456701586,robust_percentile_fallback,32.075495965827905,data_driven_global_percentile_thresholds,RUBIALES,31.46552563664154,data_driven_batch_percentile_thresholds,68.53447436335846,False
1427,2025-12-11 18:24:32,2025-12-11 18:25:31,RUBIALES,RUBIALES,RUBIALES,0.0002311924763489,0.0015781098045408,0.998190701007843,0.998190701007843,0.9966126084327698,True,33.18139381528664,robust_percentile_fallback,35.74473617896593,data_driven_global_percentile_thresholds,RUBIALES,40.83140258359254,data_driven_batch_percentile_thresholds,59.16859741640746,False
1428,2025-12-11 18:25:32,2025-12-11 18:26:31,RUBIALES,RUBIALES,RUBIALES,0.0002380887890467,0.0011294676223769,0.9986323714256288,0.9986323714256288,0.9975029230117798,True,34.10377173774885,robust_percentile_fallback,39.47480759440176,data_driven_global_percentile_thresholds,RUBIALES,47.92726889056633,data_driven_batch_percentile_thresholds,52.07273110943367,False
1429,2025-12-11 18:26:32,2025-12-11 18:27:31,RUBIALES,RUBIALES,RUBIALES,0.0003534351417329,0.0009574918658472,0.9986891150474548,0.9986891150474548,0.997731626033783,True,34.54310067511898,robust_percentile_fallback,38.4540416185172,data_driven_global_percentile_thresholds,RUBIALES,44.29335281447106,data_driven_batch_percentile_thresholds,55.70664718552894,False
1430,2025-12-11 18:27:32,2025-12-11 18:28:31,RUBIALES,RUBIALES,RUBIALES,0.0004192281921859,0.0015504367183893,0.9980303645133972,0.9980303645133972,0.9964799284934998,True,32.6062615846823,robust_percentile_fallback,34.13117113286082,data_driven_global_percentile_thresholds,RUBIALES,35.22352301694216,data_driven_batch_percentile_thresholds,64.77647698305785,False
1431,2025-12-11 18:28:32,2025-12-11 18:29:31,RUBIALES,RUBIALES,RUBIALES,0.0002935521770268,0.0019601460080593,0.9977462887763976,0.9977462887763976,0.9957861304283142,True,30.621779038400057,robust_percentile_fallback,32.78638261230821,data_driven_global_percentile_thresholds,RUBIALES,32.212294257182684,data_driven_batch_percentile_thresholds,67.78770574281731,False
1432,2025-12-11 18:29:32,2025-12-11 18:30:31,RUBIALES,RUBIALES,RUBIALES,0.0001560105010867,0.0001981852255994,0.9996458292007446,0.9996458292007446,0.9994476437568665,True,32.79653459363312,robust_percentile_fallback,34.76465610765411,data_driven_global_percentile_thresholds,RUBIALES,38.08110678367298,data_driven_batch_percentile_thresholds,61.91889321632702,False
1433,2025-12-11 18:30:32,2025-12-11 18:31:31,RUBIALES,RUBIALES,RUBIALES,0.0002662551996763,0.0005421250825747,0.9991915822029114,0.9991915822029114,0.9986494779586792,True,32.2168279226292,robust_percentile_fallback,33.99765061136864,data_driven_global_percentile_thresholds,RUBIALES,34.09485193745507,data_driven_batch_percentile_thresholds,65.90514806254492,False
1434,2025-12-11 18:31:32,2025-12-11 18:32:31,RUBIALES,RUBIALES,RUBIALES,0.0005662636831402,0.0020103994756937,0.9974234104156494,0.9974234104156494,0.9954130053520204,True,33.581662891342575,robust_percentile_fallback,37.15290133385154,data_driven_global_percentile_thresholds,RUBIALES,45.5425074596914,data_driven_batch_percentile_thresholds,54.4574925403086,False
1435,2025-12-11 18:32:32,2025-12-11 18:33:31,RUBIALES,RUBIALES,RUBIALES,0.0010434439172968,0.0122615545988082,0.9866950511932372,0.9866950511932372,0.9744334816932678,True,36.86765623324964,robust_percentile_fallback,47.4585493013774,data_driven_global_percentile_thresholds,RUBIALES,60.19763067888131,data_driven_batch_percentile_thresholds,39.80236932111869,False
1436,2025-12-11 18:33:32,2025-12-11 18:34:31,RUBIALES,RUBIALES,RUBIALES,0.0007742738816887,0.0037960088811814,0.995429754257202,0.995429754257202,0.9916337728500366,True,36.01054871542115,robust_percentile_fallback,44.63326856985957,data_driven_global_percentile_thresholds,RUBIALES,57.983279627012095,data_driven_batch_percentile_thresholds,42.016720372987905,False
1437,2025-12-11 18:34:32,2025-12-11 18:35:31,RUBIALES,RUBIALES,RUBIALES,0.0009144286741502,0.0038388660177588,0.9952467083930968,0.9952467083930968,0.991407871246338,True,35.37048155615775,robust_percentile_fallback,42.673108200626814,data_driven_global_percentile_thresholds,RUBIALES,56.04334370128973,data_driven_batch_percentile_thresholds,43.95665629871027,False
1438,2025-12-11 18:35:32,2025-12-11 18:36:31,RUBIALES,RUBIALES,RUBIALES,0.0008321749628521,0.00447428971529,0.9946935772895812,0.9946935772895812,0.9902192950248718,True,33.94373929665916,robust_percentile_fallback,40.086186254109485,data_driven_global_percentile_thresholds,RUBIALES,42.50821298367714,data_driven_batch_percentile_thresholds,57.49178701632286,False
1439,2025-12-11 18:36:32,2025-12-11 18:37:31,RUBIALES,RUBIALES,RUBIALES,0.0003990078403148,0.0008246782817877,0.9987762570381165,0.9987762570381165,0.9979515671730042,True,31.740651499212458,robust_percentile_fallback,35.6828705103133,data_driven_global_percentile_thresholds,RUBIALES,36.857698019249234,data_driven_batch_percentile_thresholds,63.142301980750766,False
1440,2025-12-11 18:37:32,2025-12-11 18:38:31,RUBIALES,RUBIALES,RUBIALES,0.000745550263673,0.0021081590093672,0.9971463084220886,0.9971463084220886,0.9950381517410278,True,33.54660407183663,robust_percentile_fallback,36.97083818610344,data_driven_global_percentile_thresholds,RUBIALES,39.33903697186113,data_driven_batch_percentile_thresholds,60.66096302813887,False
1441,2025-12-11 18:38:32,2025-12-11 18:39:31,RUBIALES,RUBIALES,RUBIALES,0.0002745251113083,0.0003859050048049,0.999339520931244,0.999339520931244,0.998953640460968,True,33.01522301507286,robust_percentile_fallback,37.855336719599975,data_driven_global_percentile_thresholds,RUBIALES,40.68730424010956,data_driven_batch_percentile_thresholds,59.31269575989044,False
1442,2025-12-11 18:39:32,2025-12-11 18:40:31,RUBIALES,RUBIALES,RUBIALES,0.0003223838284611,0.0032707503996789,0.9964068531990052,0.9964068531990052,0.9931361079216005,True,31.85094466773737,robust_percentile_fallback,34.59714305463367,data_driven_global_percentile_thresholds,RUBIALES,36.425957621924354,data_driven_batch_percentile_thresholds,63.574042378075646,False
1443,2025-12-11 18:40:32,2025-12-11 18:41:31,RUBIALES,RUBIALES,RUBIALES,0.0002976368123199,0.000950043729972,0.9987523555755616,0.9987523555755616,0.9978023171424866,True,32.53765832659187,robust_percentile_fallback,37.51648698423195,data_driven_global_percentile_thresholds,RUBIALES,39.33265317987346,data_driven_batch_percentile_thresholds,60.66734682012654,False
1444,2025-12-11 18:41:32,2025-12-11 18:42:31,RUBIALES,RUBIALES,RUBIALES,0.000635016884189,0.0019306057365611,0.9974344372749328,0.9974344372749328,0.995503842830658,True,32.83735675916359,robust_percentile_fallback,36.27784978230522,data_driven_global_percentile_thresholds,RUBIALES,38.55093696335702,data_driven_batch_percentile_thresholds,61.44906303664298,False
1445,2025-12-11 18:42:32,2025-12-11 18:43:31,RUBIALES,RUBIALES,RUBIALES,0.0003369757032487,0.0015686937840655,0.998094379901886,0.998094379901886,0.9965257048606871,True,32.19511216965152,robust_percentile_fallback,37.26976413316284,data_driven_global_percentile_thresholds,RUBIALES,38.42688734628323,data_driven_batch_percentile_thresholds,61.57311265371677,False
1446,2025-12-11 18:43:32,2025-12-11 18:44:31,RUBIALES,RUBIALES,RUBIALES,0.0002377585769863,0.000390800385503,0.9993714690208436,0.9993714690208436,0.9989806413650512,True,32.21547613097086,robust_percentile_fallback,33.923927315290896,data_driven_global_percentile_thresholds,RUBIALES,35.18681669097764,data_driven_batch_percentile_thresholds,64.81318330902235,False
1447,2025-12-11 18:44:32,2025-12-11 18:45:31,RUBIALES,RUBIALES,RUBIALES,0.0002472559863235,0.0004899213672615,0.9992628693580629,0.9992628693580629,0.998772919178009,True,33.1108228618096,robust_percentile_fallback,34.961282379400096,data_driven_global_percentile_thresholds,RUBIALES,38.72999553576514,data_driven_batch_percentile_thresholds,61.27000446423486,False
1448,2025-12-11 18:45:32,2025-12-11 18:46:31,RUBIALES,RUBIALES,RUBIALES,0.0003969187673646,0.0013081287033855,0.9982950091362,0.9982950091362,0.9969868659973145,True,35.51340778038917,robust_percentile_fallback,41.52702516303723,data_driven_global_percentile_thresholds,RUBIALES,55.893348726076646,data_driven_batch_percentile_thresholds,44.106651273923354,False
1449,2025-12-11 18:46:32,2025-12-11 18:47:31,RUBIALES,RUBIALES,RUBIALES,0.0003246148990001,0.001280810800381,0.9983945488929749,0.9983945488929749,0.9971137642860411,True,33.862934447143886,robust_percentile_fallback,37.71098665669476,data_driven_global_percentile_thresholds,RUBIALES,49.91424484203581,data_driven_batch_percentile_thresholds,50.08575515796419,False
1450,2025-12-11 18:47:32,2025-12-11 18:48:31,RUBIALES,RUBIALES,RUBIALES,0.0002321000356459,0.0008818479836918,0.9988860487937928,0.9988860487937928,0.9980041980743408,True,33.7525149692827,robust_percentile_fallback,36.31679781424831,data_driven_global_percentile_thresholds,RUBIALES,46.97621130134637,data_driven_batch_percentile_thresholds,53.02378869865363,False
1451,2025-12-11 18:48:32,2025-12-11 18:49:31,RUBIALES,RUBIALES,RUBIALES,0.0002077842946164,0.0003361551789566,0.9994561076164246,0.9994561076164246,0.9991199374198914,True,33.28837030950782,robust_percentile_fallback,34.962431238632846,data_driven_global_percentile_thresholds,RUBIALES,37.80818150063159,data_driven_batch_percentile_thresholds,62.19181849936841,False
1452,2025-12-11 18:49:32,2025-12-11 18:50:31,RUBIALES,RUBIALES,RUBIALES,0.0001907023397507,0.0002787542180158,0.999530553817749,0.999530553817749,0.9992517828941344,True,31.03595610991324,robust_percentile_fallback,34.18055909312149,data_driven_global_percentile_thresholds,RUBIALES,37.12704671773042,data_driven_batch_percentile_thresholds,62.87295328226958,False
1453,2025-12-11 18:50:32,2025-12-11 18:51:31,RUBIALES,RUBIALES,RUBIALES,0.0001839946780819,0.0006230660364963,0.9991928935050964,0.9991928935050964,0.9985698461532592,True,30.788769997736136,robust_percentile_fallback,31.004551140332108,data_driven_global_percentile_thresholds,RUBIALES,32.82331079422614,data_driven_batch_percentile_thresholds,67.17668920577387,False
1454,2025-12-11 18:51:32,2025-12-11 18:52:31,RUBIALES,RUBIALES,RUBIALES,0.000381528341677,0.0007759487489238,0.9988425374031068,0.9988425374031068,0.9980666041374208,True,32.35868180211669,robust_percentile_fallback,34.40741309110205,data_driven_global_percentile_thresholds,RUBIALES,36.21934337021872,data_driven_batch_percentile_thresholds,63.78065662978128,False
1455,2025-12-11 18:52:32,2025-12-11 18:53:31,RUBIALES,RUBIALES,RUBIALES,0.0002607328351587,0.0004134201153647,0.9993258714675904,0.9993258714675904,0.9989124536514282,True,31.89441771879363,robust_percentile_fallback,33.164542728037354,data_driven_global_percentile_thresholds,RUBIALES,34.32350071801329,data_driven_batch_percentile_thresholds,65.67649928198671,False
1456,2025-12-11 18:53:32,2025-12-11 18:54:31,RUBIALES,RUBIALES,RUBIALES,0.0002165329497074,0.0010803905315697,0.9987030029296876,0.9987030029296876,0.9976226091384888,True,33.66041132705498,robust_percentile_fallback,36.993500561701104,data_driven_global_percentile_thresholds,RUBIALES,45.59809127734574,data_driven_batch_percentile_thresholds,54.40190872265426,False
1457,2025-12-11 18:54:32,2025-12-11 18:55:31,RUBIALES,RUBIALES,RUBIALES,0.0002277489838888,0.0003389117773622,0.9994333386421204,0.9994333386421204,0.9990944266319276,True,32.15509156751441,robust_percentile_fallback,34.49387602346938,data_driven_global_percentile_thresholds,RUBIALES,35.72016962473494,data_driven_batch_percentile_thresholds,64.27983037526505,False
1458,2025-12-11 18:55:32,2025-12-11 18:56:31,RUBIALES,RUBIALES,RUBIALES,0.0002765233803074,0.0006345578585751,0.9990888833999634,0.9990888833999634,0.9984543323516846,True,33.83270130184243,robust_percentile_fallback,36.32219550315254,data_driven_global_percentile_thresholds,RUBIALES,44.383524169184426,data_driven_batch_percentile_thresholds,55.616475830815574,False
1459,2025-12-11 18:56:32,2025-12-11 18:57:31,RUBIALES,RUBIALES,RUBIALES,0.0002263850474264,0.0004227136960253,0.9993508458137512,0.9993508458137512,0.9989281296730042,True,33.047655847039216,robust_percentile_fallback,35.44151204150266,data_driven_global_percentile_thresholds,RUBIALES,42.3581452198596,data_driven_batch_percentile_thresholds,57.6418547801404,False
1460,2025-12-11 18:57:32,2025-12-11 18:58:31,RUBIALES,RUBIALES,RUBIALES,0.0004841922491323,0.0023566093295812,0.9971592426300048,0.9971592426300048,0.9948026537895204,True,32.9294595166513,robust_percentile_fallback,34.67909252656684,data_driven_global_percentile_thresholds,RUBIALES,37.55053648069705,data_driven_batch_percentile_thresholds,62.44946351930295,False
1461,2025-12-11 18:58:32,2025-12-11 18:59:31,RUBIALES,RUBIALES,RUBIALES,0.0002686574007384,0.0006379435653798,0.9990934133529664,0.9990934133529664,0.9984554648399352,True,31.901475959843435,robust_percentile_fallback,33.64702485468603,data_driven_global_percentile_thresholds,RUBIALES,35.157038111837416,data_driven_batch_percentile_thresholds,64.84296188816259,False
1462,2025-12-11 18:59:32,2025-12-11 19:00:31,RUBIALES,RUBIALES,RUBIALES,0.0002290664706379,0.0006564507493749,0.999114453792572,0.999114453792572,0.9984580278396606,True,33.75920765462784,robust_percentile_fallback,36.712516588685325,data_driven_global_percentile_thresholds,RUBIALES,46.47074757836664,data_driven_batch_percentile_thresholds,53.52925242163336,False
1463,2025-12-11 19:00:32,2025-12-11 19:01:31,RUBIALES,RUBIALES,RUBIALES,0.0003050651866942,0.0019697211682796,0.9977251887321472,0.9977251887321472,0.9957554936408995,True,32.19566611314722,robust_percentile_fallback,32.69702158441162,data_driven_global_percentile_thresholds,RUBIALES,34.5330442400806,data_driven_batch_percentile_thresholds,65.4669557599194,False
1464,2025-12-11 19:01:32,2025-12-11 19:02:31,RUBIALES,RUBIALES,RUBIALES,0.0002541991998441,0.0012981547042727,0.9984476566314696,0.9984476566314696,0.9971495270729064,True,31.172196566582294,robust_percentile_fallback,33.215368949242354,data_driven_global_percentile_thresholds,RUBIALES,33.72348495515,data_driven_batch_percentile_thresholds,66.27651504485,False
1465,2025-12-11 19:02:32,2025-12-11 19:03:31,RUBIALES,RUBIALES,RUBIALES,0.000312603166094,0.0013342841994017,0.998353123664856,0.998353123664856,0.997018814086914,True,31.19986093251001,robust_percentile_fallback,35.04581013015439,data_driven_global_percentile_thresholds,RUBIALES,35.53655697999472,data_driven_batch_percentile_thresholds,64.46344302000529,False
1466,2025-12-11 19:03:32,2025-12-11 19:04:31,RUBIALES,RUBIALES,RUBIALES,0.0002451364416629,0.0003532780101522,0.9994015693664552,0.9994015693664552,0.9990482926368712,True,32.52998265534075,robust_percentile_fallback,32.48878540777573,data_driven_global_percentile_thresholds,RUBIALES,31.81082612032331,data_driven_batch_percentile_thresholds,68.18917387967669,False
1467,2025-12-11 19:04:32,2025-12-11 19:05:31,RUBIALES,RUBIALES,RUBIALES,0.0001806008513085,0.000405187573051,0.9994142055511476,0.9994142055511476,0.9990090131759644,True,32.4795006315394,robust_percentile_fallback,32.87239779963785,data_driven_global_percentile_thresholds,RUBIALES,39.28600542809929,data_driven_batch_percentile_thresholds,60.71399457190071,False
1468,2025-12-11 19:05:32,2025-12-11 19:06:12,RUBIALES,RUBIALES,RUBIALES,0.0002042084524873,0.000344802159816,0.999450981616974,0.999450981616974,0.9991061687469482,True,30.787433533976568,robust_percentile_fallback,32.183132382966974,data_driven_global_percentile_thresholds,RUBIALES,33.07303790155568,data_driven_batch_percentile_thresholds,66.92696209844432,False
